correlation,0.0008870418705943263,-0.0012050993435024806,-0.0018799215630742553,0.0010154429991339137,0.0023892073183327906,0.00043265504893159147,0.002265722314683627,-0.0002673696058328749,-0.0005270039088030927,0.0025660301715867907,0.0004342340955768722,-0.0003714405893263102,-0.00011690353983075786,-0.0019186230173820445,0.0039854761186456185,0.001813757388464542,-0.0022952048174931772,-0.001025460261210588,-0.002288957018934934,0.002667363735041405,-0.00014370802893058998,0.0014891966998396855,-0.0016966766373560287,-0.003551576622898168,-0.0038737306850500967,0.0020540568455195423,-0.0019068347222672354,-0.0001728782015688498,-0.0002964558633431962,-0.0011326441014818923,-0.00023628593458683057,-0.00034691468665165977,-3.129581658191286e-05,0.0007765128930329883,-0.002419231778061263,0.00276557046518699,0.00035000529882127856,-0.0020431821005134176,-0.0003944919285000764,9.086784825916583e-05,-0.001426468620254952,0.0013950881300617709,-0.0011261211090408494,-0.0013100237073199105,0.001196076563098549,-0.0003181940140398923,-0.0029125298980746217,-0.0016614514347883266,-0.0006720077630544515,0.0008227682440400001,0.00288303169201768,0.0004002018008612831,8.995257778661308e-05,-0.0017002224678202935,-0.0009610189859362323,-0.0011609757134430074,0.00263144593429402,-0.000802599520650893,-0.0006706282156089803,-0.0002083980384210121,-0.003228623832254989,-0.0008601124008300546,0.0009644762247671327,0.0004937506323338932,0.0028716208164267358,-0.00035343746874913934,0.0007082643257575021,0.0003728986220118904,-0.0008750903486310731,-0.003630801768349204,-0.0005533544348942763,-0.0024983647192073463,-0.0037710673797367116,-0.00041611207207590845,0.0019725594540234803,-0.001508877598295889,-0.0022269315099559795,3.491011072456299e-05,-0.0020470465679095504,-0.0002062247787071383,-0.0005290388635048587,-0.0017543966802748387,-0.0006465092079423805,0.003882137701795671,0.0011677640498986904,0.0033826420332223124,0.0022911096902339346,-0.0017790953701964903,0.0023757207018206827,-0.0002000538517056911,-0.0013321136288169334,-0.0012856652204006895,0.0023193553633056806,0.0005960270377833039,0.0015200568543587561,0.0018167961670558217,-0.0010608452676658703,-0.001217241244925982,-0.0017794420434587975,1.3243900595216825e-05,-0.002090958894663091,0.0002654696410279784,-0.0021483914064616373,-0.0002722522263767562,0.0003923550912006686,0.0007777996700571198,-9.503263679861863e-05,0.002345958380913565,0.0016892400579805792,-0.00300064075836135,0.0018631154863644832,-0.0010941138924151395,-0.00035324821572628077,0.0006678685435766712,-0.0011617967711678174,0.0008444037858476071,-0.0001838662595610215,-0.00031645518156296897,0.0015082385910692075,0.00028145720091905146,-0.0026192337964582907,-0.003175842661298949,-0.0016889743212598752,0.0008489451864488376,-0.001840660448515548,-0.0023909724266827264,0.0003542611079230779,-0.0006157556557767282
covariance,0.000160842899666542,-0.0013539530731837399,0.0009266195572655263,0.0013679717307067698,0.0006320796003256831,0.0001846702883388692,-0.0005919841660215752,-0.0003288383881703166,-0.0009550175178620044,0.0015960274732562886,0.0009337771330949961,-0.00030759430636148215,-0.0008262814373578987,-0.0007814781131292832,0.0014867585529849574,0.0018429712251981116,-0.000575405216252312,-0.0003336055481971319,-0.0008765119672380891,0.0009409711667450167,0.00012371045183845992,0.0011024951949301404,-0.0004949455152211071,-0.001624066098754286,-0.0023626078742121797,0.0006869097550341914,-0.0003088465188652446,0.0005872950831265674,0.0004532758806211253,-0.00040309713395323516,9.295273905861125e-05,0.0006647468659312359,-0.0004353698962274523,0.0007228722098759698,-0.000805706352539779,0.0008429838015304302,0.001585315109531664,-0.0009335518028863243,-7.947496416298756e-05,0.0002752767770852231,-0.0005816463240188611,0.0012796774601935925,0.00021800359197803637,0.0006290773228096484,0.0007691718681225471,0.0014318875740259717,-0.0012400552269420067,0.00038078025372236706,-0.0009372651899996397,0.0008109471261940641,0.0003608393530417483,0.0010378530679417963,0.0007881207708730168,-1.5852783127186177e-05,-0.0006785530483847694,-0.0003719153120030006,0.002088217086652765,0.0009455791529587389,-0.0011237126522073162,-0.0007057027388067841,-0.0012871780307661886,3.5434633164619476e-05,0.0012543738668054651,0.0006284601971953764,0.0019517315106765767,-0.0006484153043943696,0.00011557797756722721,0.0005618256964442567,-0.0005889400921703436,-0.0015770244842011987,-0.0006156510297668795,-0.0008912819133305069,-0.002393083146373664,-0.0003585673912311904,0.0005296755854855984,-0.0012151453770240465,-0.0010035274766984177,-7.227174651938011e-05,-0.0007929969188548317,0.0015681631587626942,-0.0011944206817133818,-0.0008030420720907776,0.0012275882728057955,0.002761149373154261,0.0011087265142599616,0.001661024668876399,0.0008528623301182441,-0.0012870354579111638,0.0003300918751847348,0.0006125965327598914,-2.9705130524841177e-05,-0.00036755202072093934,0.0016925006575114648,-0.0009017623813287216,0.0018733546483937452,0.0012132660980395961,-0.0009471856863326268,-0.00145291102429231,-0.0008259705669177363,-0.001314683556702654,-0.00030006627299544996,-0.0004717589140779767,-0.0006204253329867372,0.0012971618300688143,0.0011414146189335519,-0.0011149715143931513,0.00013332577180422267,0.0010510306185659872,0.001148841222662408,-0.0007024341079635459,0.0007659417698548731,-0.0012160728457881003,0.0007511287042992384,0.0005933662055970975,-0.0005919274402306959,-0.00015468167635476892,0.0003814067510867452,-0.0009955610962822988,0.0012847449513466408,-0.0008479688245816284,-0.0003028205435059915,-0.00011792642241440869,-0.0006672365482353641,0.0007446162542670382,-0.0011236548347412843,-2.906411802021986e-05,-0.0002441169074407818,0.00025959101516751356
gemm,0.0002897048339317409,-0.0022347685166163567,0.0016306650486063675,0.0010494197083545135,0.0010612430194691744,-0.0001448256343006326,-0.00028174950503056113,-0.00030696103239739544,-0.0013319150165005812,0.0015892963638853635,0.0010396886218474303,-0.00011576460774112665,-0.0017390160226366585,-0.0012774986656343874,0.0016086649896486186,0.002651299188814678,-0.0018592483265820192,-0.0003876820483016257,-0.0009815658946244195,0.0011330032811774462,0.0002406671318410336,0.0016739039160093843,-0.0009616561457935151,-0.0025928994015918796,-0.001743811672996445,0.0008370845636346968,-0.0006595497320575551,0.0007277478734078928,0.0004361357584041989,-0.0006718300157647011,0.00018630557116449818,0.00045267479220422466,-2.8985996300715344e-05,0.0004260837968216453,-0.001174963643549105,0.0003833989248960279,0.0016738222838071518,-0.0012746840454866163,-6.547833595785634e-05,-0.0004628507177097129,-0.0011489815839507364,0.0018475130000072647,-0.0005654242762118513,0.0006699897534821907,0.0011975214131185275,0.0016260944399551522,-0.0012052488164943182,0.0005670875155677398,-0.0015211528116140717,0.0008670450767769782,0.0007723134727532369,0.0011660671533813855,0.0008444400251998255,0.0003341425580300792,-0.00035376245164059827,-0.0005416765611530367,0.002920847043174877,0.00026147883242326014,-0.0010578262470314964,-0.0005914771002911342,-0.0002577258074291388,-0.0001111121657700489,0.0018861265223474926,0.0010604093300953313,0.0017877936754505048,-0.000798776724282724,0.000986716380603069,0.0015338791488852341,-0.0010948899545366185,-0.0018254293917166645,-0.00039007272623424753,-0.0013316155697827559,-0.0032601868832685277,-0.0010379109232338652,-0.00034544940161948843,-0.0011997524490181132,-0.0013701612566774763,-0.0003417630987314624,-0.0008200093969567262,0.0016399789330063396,-0.0012838223527877643,-0.001282661725315533,0.0012556185289145946,0.003204267299741242,0.0008302192657224006,0.0017651321976711503,0.001897267029315476,-0.0016956321396438723,0.0009132761076713265,0.0009552723588709386,-0.000366317712582208,0.00021530268282664042,0.001983796265976932,-0.0014732705085744211,0.0022066329316253862,0.0015820149304730607,-0.0010252329661235298,-0.0018549281380672502,-0.0016877014880343649,-0.0011302297981627715,-0.00035376290029096616,-0.00010014546082127282,-0.0014797651467211206,0.0012135561265933102,0.0006201290314403409,-0.0008439652014551681,0.0006482340048719772,0.0014480413233904084,0.0021760328893238403,-0.0012721844852174758,0.0014677988305557836,-0.0013620244282248205,-7.798518686566823e-07,0.000806806152602938,-0.0014733103802607303,6.867005306699911e-05,0.0003935744124826243,-0.0007997703750906685,0.0012905328006991674,0.00017559699488539296,-0.001279180702696954,-0.0004895912952409241,-0.0007314516612305054,0.00043147235015724474,-0.0017194336912752203,-0.0006435843207541046,0.000177702895800596,0.00017378889310467783
gemver,0.001021878421004473,-0.00014163877118736018,-0.0005170723544648292,0.0010459872336376344,0.0007459632499561293,6.747278339235444e-05,0.0013687163637245002,-0.00129306905244263,-0.0004782333019771243,0.0010742319349046122,0.0009183300770219229,-0.0006448890200649118,-0.0006027031799738448,-0.00192290482970239,0.002617775593380892,0.0014170992127157844,-0.001770703168820207,-0.0013699008291118613,-0.0018604015194488071,0.0014346302474315684,0.00040041459961083985,0.0014587867572888587,-0.0011600430434709316,-0.003037542281849016,-0.0015135812411583977,0.0020708294141128384,-0.0023024661369178785,-2.9959657309765305e-05,-0.0004021655194480707,-0.001105007390270981,0.0006522467157098571,-0.00037564407802612116,-1.2268088304631806e-05,0.00047115998270366954,-0.0011421769572175975,0.0018850185787090657,0.00015953150041934998,-0.0010363412690582924,-6.757110245956229e-05,0.000513101879397578,-0.0018044289002287861,0.00013894918696431718,-0.0010095817224475344,-0.0013397045928995486,0.0011982154480269316,0.0008855618548372828,-0.0020964607965189793,-0.0011096045376461916,-0.0010314755990740673,0.0006090784637169652,0.0005732807112662605,0.001356080344764404,0.0009200126818718595,-0.001311482523972746,-0.0014461666974596684,-0.0004682691707045197,0.001981359044578821,-0.0008790099516587916,-0.0008142637487617707,-0.00046993775211345655,-0.0015329052264097314,-1.2019316519569148e-05,0.0019494059655452305,0.00034340928643853086,0.0013958390244455186,-0.0003178882043511741,-0.0007373762865596692,-0.00021220526251469846,0.000343078329871972,-0.001670885789697083,-0.0011272272633767112,-0.000985664912396884,-0.0024037652332851195,-0.00028742840329529934,0.00024243165283886642,-0.0012381932194977584,-0.0016955372752509917,0.00022730994795684806,-0.0009234291171362387,0.001053216496552908,-0.0005850297187346044,-0.000560350069447896,0.000404815445725004,0.0030123841196485553,0.0010310132730040297,0.0016677802074301033,0.0013486340393051327,-0.0006414228057526659,0.001962026906119841,0.0005511209926873439,-0.0010525315106568057,-0.0005414709743398184,0.0027792928410497676,0.0002395705909509423,0.0013819859878529284,0.001601969006175858,-0.0014687065515811238,-0.0006930367433566154,-0.0009783096991946045,-0.0012036570386707184,-0.001554250177497448,-0.0008354487914495344,-0.0013363191817577097,0.0010355264614067352,-0.00026809431958901186,0.00016125569572977838,-0.00010382811866539839,0.00039175922655099925,0.0013938986731171993,-0.00124361695634434,0.0009586715121073767,-0.001147785582315148,7.106803263537832e-05,0.0007166048554161966,-0.0011459690447320437,0.00017051272469239016,0.0001080394669242643,0.00019928724560810162,0.0008146412359318505,-0.00044934276530450194,-0.002400906160149951,-0.0006676904151344527,-0.0012943046697890138,0.0006487705999060674,-0.0006657196365452718,-0.0015559902847336947,-0.0007209590296073565,-0.0008862890088155035
gesummv,0.000536917920366842,-0.0016310316847053866,0.0003205712654321783,0.0008219961280405567,0.0006366232166254671,0.00014488915170193987,-3.1479856176680862e-06,-0.00029510255603253067,-0.0009118839124322792,0.0015661350311913422,0.0010151409554287796,-5.237049946688701e-05,-0.0011488079471111928,-0.000563472033612671,0.001629820502499612,0.0016316268144406464,-0.0015743543382446068,-0.000750375774661607,-0.0005752369676757066,0.0010271142725477424,0.0005452672132436377,0.0008883812005039946,-0.00026623612156558815,-0.00236486657140208,-0.002575205708951195,0.0005717848723792866,-0.00048701821450840516,0.001184619829621434,0.00031899950681690825,-0.00038576897567995624,0.0006144167803284311,-1.4024227967575127e-05,-0.0004194617096884961,0.00047437434378205286,-0.000777835620135383,0.00021625241077894908,0.001025550189762387,-0.0012770524779118079,-0.0005086031919005151,0.0003585915272746798,-0.0010298237183167995,0.0008883981440809547,-0.0003917687107744758,0.00036152728286683564,0.0010696858681621222,0.0007487661397918114,-0.0007556901767012003,0.0006641066663051301,-0.0012742789279923802,0.0007701970926434094,0.0004220686185912792,0.0005980034171697361,0.0004677062575484702,0.0003260774925407997,0.00014411843264053122,-1.4923528206689002e-05,0.0021563428782047952,0.0005471854674397036,-0.0012107341619496787,-0.0009441311847240286,-0.0014028519947101433,0.0002469734236212897,0.001113069885874676,0.0005414377693701088,0.0015985272297320777,-9.306997466685357e-05,9.257834722649382e-05,0.0006501856295958426,-0.0005196329516894726,-0.0013982862935314865,0.00025454458742641756,-0.0004644393435270569,-0.0017491922069809312,-0.00038114455644465,-3.4761917980409464e-06,-0.001416779574969422,-0.001215470407492661,-9.934634743881044e-05,-0.0002971001242765978,0.001231915873959647,-0.0006863615242256729,-0.0008916517260746692,0.0009070928920632574,0.0019993654636997486,0.001202636473477088,0.0005872742735952014,0.00045290405616765913,-0.001628922846732674,0.0005486291610459163,0.00036120431298323363,0.00042719975538359504,5.1732194479395836e-05,0.0016889913670448274,-0.00034498907426009387,0.0019969204204878838,0.0012875784223704318,-0.0006674225869785512,-0.0009724196930238937,-0.0008510989315085639,-0.000677714100571964,6.309468094408404e-06,-0.0001604711712367811,-0.0012754366135955342,0.001022239828079216,0.001115021427553032,-0.000683103886140723,1.232997624885134e-05,0.0006380973591122648,0.0008509089912813791,-0.000969051105426462,0.0008914290171645028,-0.0005391132052716065,0.0001735949991534865,0.000768548742662249,-0.0002234453378325143,2.0315488485678988e-05,0.0007221143992431513,-0.0007222788744805913,0.0008065495763138494,-0.0007634579416083208,-0.00032024341703089344,-0.00045303058815862157,-0.000787339413215895,0.0005855124373251889,-0.0015802525569682097,-0.0004699512712440357,-0.00019066763081016603,0.0004023492595923355
symm,0.0006647144872219312,-0.0018819356132705675,0.0005612377333200652,0.0017652022022209197,0.002119573944139085,0.0007433503092542062,0.0005191901218930497,-0.00042968841325870434,-0.0010574939526349048,0.0019356962659447198,0.0017086316733724107,-0.0005692112115596819,-0.0011406644901303241,-0.0016582227486372884,0.0032882772299180334,0.0016562751442546016,-0.0020936553840429084,-0.0012754994345261852,-0.0018944887812752762,0.001023998449915941,0.00020547242693543996,0.0016691037948406524,-0.001200371125474033,-0.0026230140879589274,-0.0024504230299081126,0.0020429171890835834,-0.002091979471576438,0.0007903314978939829,0.0003186732830126596,-0.0011918927978656843,0.0006712890514125267,0.00034798402704758587,0.0002585613744516643,0.0008894474215564067,-0.000249863613352531,0.0014091658603141539,0.0024942922436255676,-0.0012613355584369021,5.823562163093019e-06,9.854892412555386e-05,-0.0014043442292793978,0.0005569690459688599,-0.00034440842782540687,-0.00041008834695706976,0.00095461407775139,0.00026585580314605374,-0.0016361642810720064,-0.0008285546603269831,-0.001859278607855631,0.00038823118702958366,0.0004194167567216223,0.0010261586859526919,0.001042705696191665,-0.000199386929086302,-0.0010661550190606244,0.00030870087252378437,0.0021959846386667586,-8.010998961348438e-05,-0.0008397402541254342,0.00011470436568538497,-0.0016295656863298952,0.00046639645325048364,0.0021748446093563883,0.0007564913529063559,0.0018201960649972995,-0.00022681426963881417,0.0001453379800513389,0.00012125447209694414,0.0012414984157571149,-0.0020487627590188764,0.0002591401864143362,-0.0010128016645240855,-0.004272924927745276,-0.001008298712129884,0.00038502251626461363,-0.0007956928456959405,-0.0017056970776717537,-0.0013302227088949825,-0.000710844930801361,0.0017789980503783393,0.0004983680077851131,-0.0012737560966351856,0.00036397087238043875,0.0031929163825316644,0.002288657418395388,0.002697988347703637,0.0015013030761328295,0.0002487029894045178,0.0015284415397927573,0.00030951780970129666,-0.0010336661296118214,0.0004987551825539221,0.0019881973598284966,-0.0004155854158596142,0.0017674307425456421,0.0016232593020090876,-0.0009324071988754857,-0.002290221390219151,-0.0012803919985192383,-0.0009885789065426282,-0.00025028573904754223,0.0004295143071996799,-0.0006088914755979969,0.0011266738081270992,0.0023274111378481627,4.028949298078203e-05,0.0011054669842116326,0.0024371904728468508,0.002560919242521203,-0.0008809285160368832,0.0005373046512745075,-0.0013703274087274449,0.0005399042343646015,0.0011307592038274075,-0.0009203841933961367,0.0008598930612454329,-7.948849525185119e-05,-0.00014703832297284004,0.00032616155647301464,-0.0002720245872022647,-0.0020895780924190745,-0.001033153773160678,-0.001156563140471682,9.256936543774022e-05,-0.0015482827782731425,-0.001335201359272636,-0.0005484115897452807,-0.0005982618032688382
syr2k,0.00018563161166763496,-0.002668854746321937,0.0005394834482579179,0.002468644787768426,0.0009460991214754441,-0.0007155206909084717,0.00018804005294855003,-0.0002980725418886075,-0.0009698830820070725,0.0022551953237862936,0.0009979163005895812,-0.0001991832901198491,-0.0012623743763139248,-0.001352108075314556,0.0014429397183655303,0.0030583386612968093,-0.0016969719579885184,-0.0002375338257562279,-0.0013413574539216907,0.0015928140897523751,0.0005150221389478495,0.0016074811622440227,-0.0012529234580721425,-0.0032169714485545146,-0.0024093240580937577,0.0005685303803540427,-0.0004310525577114855,0.0010407604894143415,0.0006502893608161354,-0.00046403927934658316,-0.00039099277881343204,0.001063886577185258,6.18777628667224e-06,0.0009815725442756864,-0.0011852632092189776,0.0008592744952486762,0.0019276591356381025,-0.0016570870395288364,7.67729044045237e-05,0.00010547122580688169,-0.0007583255212880017,0.0013462795037019698,-0.000640982489409742,0.0002578743552600248,0.0008929468140608647,0.0016756638734524256,-0.0027336786625834397,0.00029264058312864193,-0.0017685941756181737,0.0003393507231521653,0.00028226640948890815,0.0004548895910933094,0.0007775199413696431,-0.00016950310805441404,0.000406907184490344,0.0003490861196372531,0.003087093829094556,0.00025525586073110225,-0.00076658645515305,-0.0007787391070285759,-0.0011729468364569068,0.0005539215329794057,0.0023433964763006025,0.0010405361490174155,0.002310167863222225,0.00010227406937701744,-0.0002978577232500935,0.0007978843209457409,0.00021209295647912023,-0.0010657402106682473,3.2256124481736235e-06,-0.0010742412375128135,-0.003081326094533407,-0.00044548591042505655,1.9850002858716337e-05,-0.0018936246738948366,-0.0015059531793998428,-0.00016307172150349785,-0.0005372934660954343,0.002211499429201715,-0.0004709581278968306,-0.001711848818672479,0.0009060419700455731,0.00327557778374202,0.0015571392181383007,0.0013544219333528997,0.00023281586916048334,-0.001263717946843909,0.0009050710814955727,0.0008025950170246109,-0.0002166530918698713,0.0002998407852549628,0.002103276088937698,-0.0007115018887744059,0.002602112078255397,0.0018730914825420603,-0.0016799338262155122,-0.0014001201572517114,-0.0016049558516690674,-0.0011122077229298486,-0.0004727110492694919,9.024604353478274e-05,-0.0015685794827918057,0.0013761547466567042,0.0010978809963985855,-0.0009499328718392389,0.00019180239750291796,0.0010089836081822962,0.001073431211360478,-0.001272406026730137,0.0016835382349117108,-0.001649271813107589,0.0008710633184059382,0.001313941639011773,-0.0010835332290794627,-4.228103787020452e-05,0.0010063269879041895,-0.001292923536146356,0.0006337242398744406,-0.00043380602710385574,-0.001381274123942107,-0.0015370525548364226,-0.0016230392219127184,0.0011219382020664687,-0.0018463074610818612,-0.00029965182056912454,-9.689614444141625e-07,0.00037724240508974947
syrk,0.00040795299032146833,-0.002176635856560299,0.0015483349880267066,0.0012265430525025699,0.0007783130020521235,0.0006534157412008628,-0.0012512163051433668,-0.0005910803229198791,-0.0006840824088511807,0.0004191545248330739,0.0008651316737895184,6.780806261809226e-05,-0.0017889978064178852,-0.0004616321973824395,0.0015032463622648923,0.0021683370748380388,-0.001208538946368915,-0.00043593094510975387,-0.000842576380556971,0.0005941041021691894,0.00016124573376904058,0.0015623549956337178,-0.001211545105194192,-0.001849330620653215,-0.0017419335317501667,0.0005535588571395541,-0.00010607048496543332,0.0019849404709664973,0.00017268473829466934,-0.000398895891471006,0.00029044764735570224,0.00013968728308100253,0.00043103582033331297,1.169641756051634e-05,-0.000681796180048069,0.0011583619599504244,0.0020874401257060526,-0.0003244563350664167,0.0003715888334328257,0.00023164977084712114,-0.000250813093569175,0.00149553129285904,0.0006646487169190449,-0.0005876800034153954,0.0017926609117340478,0.0007819544261009367,-0.0006925102972875013,0.0001998585128401626,-0.0007998277503955049,0.0014289668467629075,-0.00018079465169446648,0.0008472506302091966,0.0011323358830850339,-0.0001696735137986454,-0.0006151054513389277,-0.0004743754383930031,0.0027035459509079374,0.0007133354829420568,-0.0006694784106508046,-0.0003603930441992513,-0.0008195943340436113,6.138205417806198e-05,0.0009220558648747909,0.0008138451677394995,0.0012620964148671494,-0.0005147609041008158,0.000279054981951453,0.0010298595563350925,-0.0009147818997361254,-0.0013032197305165028,0.00046846331057774176,-0.0007266138111895594,-0.0029897698769774353,-0.0009714873350756332,0.0003614612058350354,-0.0017331092298162628,-0.0015179921355815572,0.00036552869616773224,-0.000750024730223231,0.0011459079600576337,-0.00043309914713694927,-0.0012428422357212792,0.0009691388803124331,0.002716159099590085,0.0006686002469109553,0.0016443944807886307,0.0010237081277308688,-0.0007326204602375381,0.0004723337837175576,8.743569262353251e-05,0.0005597993190349371,-0.0008459623814916187,0.0011835066274620153,-0.0006234970657159364,0.0019919877012297446,0.0018451419071223224,-0.0002461895354220663,-0.0009419998706461127,-0.0013231721615688406,-0.0016875698399240315,-0.0003376453168028901,-3.504316898923005e-05,-0.0009547872969051241,0.0005141203280850783,0.0015381106812937004,-0.00022794101760660447,-2.674767132601927e-05,0.0010482414036232512,0.0008803949577832605,0.00011678111786750378,0.0011006254320465006,-0.0012321789923564414,0.0008442492955459278,0.00026834967214502586,-0.0006343592670721895,-0.00013300596125039496,-5.1660849843907876e-05,-0.0003405675692596964,0.0006657702382679216,-0.00013356831318055306,-0.0001381200735926945,-0.00042769798089163186,-0.00030614567125060904,0.0004426851832653887,-0.0009899858464955792,0.000290128310148753,5.7837935691572464e-05,-2.400676118617816e-05
trmm,0.0002628773868828348,-0.002157968777777227,0.001733590939498058,0.000463574015450056,0.0008669758731382703,9.959064316217032e-05,-0.0010914513594181834,-0.0009189727713217984,-0.0006535840306205257,0.000425525110225887,0.001571549429657859,0.00046442990510788164,-0.0010378922498426044,-0.000717945554529648,0.0012650731344017413,0.0026140434871658787,-0.0013246647377800035,0.0005588280016047748,-0.0012813192557013396,0.0015517556653352183,8.996944580947505e-06,0.0011111996497595784,-0.0003721547190979125,-0.001667798357068523,-0.0021920250944929757,0.0003953587726553927,-2.765709403613207e-05,0.0012555432704114433,6.939738801557059e-05,-0.0005729760697133755,0.00042948614057440983,0.00017641836612961167,0.0006372853302480435,0.00042872217249010193,-0.00105163245293411,0.0012854345430168418,0.0015284100636258182,-0.0004586031937168133,-0.0004483461037693051,-0.0004776864323124657,-0.00033402288842972856,0.0015348213811810503,0.0004755599307314916,-9.702939078979032e-05,0.0012249430565500628,0.001223262589562164,-0.0008143667887727145,0.0005651548059701946,-0.000966865567692818,0.0006576856046451102,0.0004319339654066181,0.0007807927690278394,0.0005686686251385937,0.0007979181526195971,-0.000564183617044309,-0.00035598882256800796,0.003056791610039158,0.0005670051138665239,-0.0006358855042304371,-0.00039144834845989784,-0.0009749929285922709,5.9487868854174413e-05,0.0007403693696126129,0.0001422038982347304,0.001813921848102629,-0.001326948373377106,2.2023589705388944e-05,0.0005093489194620126,-0.0010143930325675257,-0.001031913432146535,0.00025352067185904526,-0.0012629006458936656,-0.00289958201206876,-0.0010590187755451248,2.449174178080577e-05,-0.002020037015140191,-0.0010953823024977972,-0.0001458780753216081,-0.0008878174726641308,0.0012619770932848873,-0.0005620875191936721,-0.0016254520996148705,0.00124011226473048,0.002470116295961932,0.000794817975242919,0.0022855119711536627,0.0011614178697130918,-0.0013709517748769172,0.0002009971522911289,0.0002326143079723666,4.444359423750512e-05,-0.0004927944713035808,0.0016193577265455786,-0.0001358442024481684,0.0022023136587071253,0.0012676091716256018,-0.0008303435456979279,-0.0012775635229793397,-0.0016283708601261136,-0.0014476434010693932,-0.00032730353148923655,-0.00018697847583293664,-0.001017730338072403,0.0009909466617995008,0.0007612881794276541,-0.0002538977546250954,0.0004872812731007908,0.0011551130149585168,0.0009533587932102648,-0.0008051729404200306,0.0008546657140105776,-0.0009842741318967431,0.0008407604083010221,0.00034316346966763086,-0.0007595432855441992,-0.00023329195233148635,-6.33266200206005e-05,-0.000431041345384086,0.0006193909904452341,0.0001552285066281911,-0.0005986792056496261,-0.0009164459400887651,-0.0005941933947828233,0.00032775302002272953,-0.0011129893882386856,-6.120830814642426e-05,-0.00013228925323749492,0.00016108163376182518
2mm,0.0012461556360764147,-0.0026639836548226345,0.0007270399990270212,0.0030615690786467333,0.0018467480058942643,-0.0004490890732470759,0.0014558516868244343,-0.0011693603092645878,-0.0008979138188946168,0.0020846982371617393,0.0006737899171079894,-0.00017866093584582534,-0.0020581714772010154,-0.0021637525892401754,0.0037462909109798113,0.0027845447162042967,-0.0034990462539518864,-0.002136494141784449,-0.001663285068668931,0.0013398303158523434,0.0016535837062642362,0.0034327618683741654,-0.0008277063637321519,-0.003799407212087457,-0.003998193409730588,0.0026042832244002057,-0.0020347424619488333,0.0007983603571889175,-0.0006954870838958763,-0.001030477577772287,-4.692680963321786e-05,-0.0003344462974723683,-0.0006918699300513254,0.0015078364120444559,-0.0011375108013873193,0.0009386697688394354,0.0012893134496432769,-0.0008664459800426217,-0.000594039431217215,9.210619870058369e-05,-0.0017824759208731568,0.0007557806118344301,-0.0011204726166537371,-0.0006814305646247914,0.001845552589971843,0.0004615185612937449,-0.002269877505866064,-0.001495241971156247,-0.00257989525544662,-0.0011055635879284426,0.0007030984637813512,0.001767735222389232,0.0007890512862769145,-0.0008208052091163154,-0.0015195713480780936,0.0007295010047808039,0.0026878103253431197,-5.1638851346069714e-05,-0.0008238470269011836,0.00021974036536676067,-0.0013779181491425053,0.0011785867211266611,0.0025917796116958084,0.001424822290136245,0.0014854568453914069,-0.0002606815785209339,-0.0003454786281229015,-0.00027622385951312585,0.0004969642176407573,-0.0021431420422091973,-0.0006091632901250075,-0.0010612281826070102,-0.004017284807769801,-0.0007016371241661545,0.0011786796034917084,-0.0012523299704237335,-0.002221713271738351,-0.0012862370680033143,-0.00015345479586524282,0.0011917340012027684,-6.54674631207924e-05,-0.0012962245248742804,0.0004233562636167895,0.0024972602662868527,0.003293936829112891,0.002096828757124478,0.0029821958660949557,0.0009622407173642736,0.001547551256049491,0.0005591055295763698,-0.0015176016768236877,6.776523825744964e-05,0.0029277211621529906,-0.001373507501529485,0.0009401589660281109,0.0014071879527407943,-0.0011438908873300918,-0.0021067677740277827,-0.0012793344132240657,-0.0019210468038776385,-1.6492572355603512e-05,3.395613318319262e-05,-0.000959708125439927,0.0017129794879075723,0.0020330187805239594,-0.0008739232707739575,0.0007395936138174455,0.0019215355193558446,0.0028731616037808074,-0.0015061846560841402,0.0010554231471710058,-0.00035674644795318064,0.0004722840293337728,0.001399436424715252,-0.0012192633310912871,0.001000766890513205,1.0223968851837875e-05,-0.00043261519790751033,0.001383647030615101,-0.001090446607139921,-0.0019749022219195046,-0.0015939515422605138,-0.0006037577982519557,0.000919131480582809,-0.002359502016474835,-0.002697334137836221,0.00011583397648652093,-0.0006457267750192841
3mm,0.0013233638672287362,-0.003296905629074406,0.00023727377080476954,0.0013850809325157247,0.002353743902427071,-3.761436740251927e-05,0.001955620195118727,-0.0018131842560991172,-0.0005461208806490643,0.001630938964762347,0.0027389029254648494,-0.0007609881525441177,-0.0011277948729966122,-0.0036796265169067414,0.006031774137057764,0.003896459067533924,-0.0017049348631898885,-0.002200109286762862,-0.0028557084063754313,0.0016017092103091705,0.001279751072446342,0.0035385219376559873,-0.0023641744824244135,-0.005817934681144218,-0.00349658804610707,0.004051167253060235,-0.005100439170546143,-0.0007068623203001877,-9.387348550802217e-05,-0.0024897707095016997,0.0006945598568224449,-0.00034850105693664575,0.00034767772469144727,0.00208430474320544,-0.001843531054295824,0.0032249611015424183,0.00170778831929734,-0.0017947429214820072,-0.0011108607197025252,3.1940242533275556e-05,-0.0013849972708188851,0.0007025167587463808,-1.0424032745381198e-06,-0.0017874370033280423,0.003124830205213245,0.0017055525061442818,-0.0033191467407158275,-0.0018042315004889026,-0.0026163182125655713,0.0016700297126251023,0.0011461023587236337,0.002897845082662894,0.0010649774952580012,-0.001552753584993467,-0.0020785119146717467,0.00014020550826005046,0.004051706517634171,-4.546178086272094e-05,-0.0014046451713249429,-0.0013086572206533274,-0.0033167821577882346,-0.00015618807393073407,0.0051205909043716726,0.0010336673431006833,0.0028902141792182734,0.00019605125134287429,-0.00044693139889050604,0.0010854503491411717,0.0014225336952962207,-0.004813304814348866,-0.0015672290226968655,-0.0018945702021313591,-0.006663390686298953,-0.002107578454543126,-0.00021293204009314158,-0.0023955542511908266,-0.0022252031184646095,-0.0013375289713236517,-0.001620057963286931,0.0014921651310048172,-0.001391512306095831,-0.0011666300035080817,0.001736509883920593,0.005495427290798496,0.0024840180541736948,0.001975240402779013,0.0019467509519942676,-0.00018061881666530467,0.0030892372850588397,0.0005598144884585301,-0.0022388728153076706,-0.0014279141640576724,0.004736044283032181,-0.0008784108003811078,0.0045971813272490955,0.0030930328951291226,-0.0012828237860218396,-0.0027166327700427445,-0.002540788978907493,-0.0011092512293975757,-0.002133529613636988,-0.0013099278956175667,-0.003341755280929246,0.0017323174262578428,0.002318980434395953,0.0005713674717823116,-0.0002671638441085125,0.0015462077766010302,0.0030311942293599838,-0.001291248395087462,0.002493196136961391,-0.002388443820683602,0.001122689454705786,0.0017673799331717774,-0.0036706126633423808,-0.0004654506415983818,0.000496080412600442,-0.001654431528657955,0.002428818746412324,-0.0019762863330007826,-0.004463191820739944,-0.001018201051380656,-0.002482086615299969,0.0014391227319350238,-0.0029146835619123243,-0.0018799915305246061,-0.0012546032034367533,-0.00022480648020341582
atax,0.00046098641153895453,-0.0012874553643172045,0.0006502249556655992,0.0006608057440205798,0.0005052666538602012,5.773016303026439e-05,-0.0010358549976484178,-0.000435489912803382,-0.0005179514178870959,0.0005452450268617965,0.0005541584494677808,-0.00013235829171842707,-0.0012051311644839405,-0.0003328720131125167,0.0012900172600860996,0.0018885406389279314,-0.0012068472320122625,0.0003659346491842122,-0.0007853047605985005,0.00030358211686872384,0.00038747430030296713,0.001358795751722361,-0.0010353294183921384,-0.0014802701618411853,-0.0013763792108783747,3.9825559533317885e-05,-0.0004114527221795895,0.0009270748499625533,0.0005824082274963115,-0.0006273543721945578,-6.0983655477828755e-05,-0.00014939321143095794,0.00032877473157693184,0.00027105865487912604,-0.000746168389877894,0.0007238215790402392,0.0009917034140998237,0.0004953342541615083,-0.00021304108904979924,0.00043135070379759794,-0.0005081793189818448,0.00097543884151642,0.0006459600977551882,-0.0002890619775335319,0.0006995167443832373,0.0006463757416496402,-0.0007685604076011763,0.00019769776554312557,-0.00034652289615361116,0.0006808731930949951,0.00017536638460369954,0.0005563726497502815,0.0003781210688620043,0.0003846794462209172,-8.811394841261141e-05,7.891973498170163e-05,0.002043410164320095,0.00012788762682994405,-0.00043849682859597365,7.352557514037052e-05,-0.000545731816666323,0.00011715046186653375,0.0008622673594931152,0.0005368591771833662,0.001459277994978666,-0.0004279740202534197,0.00044862535754899705,0.0007047240606952197,-0.0007128243382516525,-0.0012468218268387324,-0.00011944937926096604,-0.0006806163572220102,-0.0026112313959379043,-0.0009497788827594122,0.00018521106000838922,-0.0014897152747750146,-0.0007406094607942329,0.00028381810612346735,-0.0005568012324435173,0.0008361272970524369,-0.00016657782203673632,-0.0015190657490061214,0.0007296051900614414,0.002320830321465803,0.0006171184137175463,0.0014717250670538379,0.0010977304142647717,-0.0002547087207086478,0.0004034088151914691,0.00028114524603362376,9.710303412058572e-05,-0.0006260924028080265,0.0006689894809084808,-0.0003681747474003204,0.002154067219229507,0.0011477444390326625,0.00014499976482805997,-0.0005175107686201248,-0.001217862923885078,-0.0009457603952384273,-0.00012098641944104862,0.00031599725166121296,-0.0010027802316786003,0.0006110780180298736,0.0005994389977275977,-0.00015990940923886306,0.0004622543686002128,0.0006750949960536568,0.00034503430243675335,-0.0002248235317068543,0.0015475785226993289,-0.00045554927408820013,0.0008389562751139722,0.00020244091979457023,-0.0007226477799959743,-0.00017922796811401784,0.00023097898308066284,-0.00019240420884972023,0.00039810405873166724,-0.00043089067828908507,-0.00011093834119956947,-0.0003869392827556053,-0.00019799403871598875,0.0005725880474927952,-0.0006754653449330991,0.00041061570795031813,-7.990119340595045e-05,0.00010529966146991715
bicg,0.0006176503333942189,-0.0018975425554592883,0.0006019025501287119,0.0013073689773481227,0.0010774594779446268,0.00017404483599724093,-0.0005148528221373756,-0.00019656516925544676,-0.0012721477877538278,0.0011797323046983256,0.0013743835964222936,-0.00046493322812845385,-0.0013900933108578267,-0.0007482803054837419,0.001500598675170984,0.0018229573772700722,-0.0018862244413784621,-1.070238510940478e-05,-0.0011644467500445898,0.0015031890110218558,4.420152561744379e-05,0.001221198607086218,-0.00015722789238762662,-0.00212567502745294,-0.0020926637422345458,0.00047454504138758324,-0.0004038490301437295,0.0009177287908449105,0.0004941583164150926,-0.00022889939463118826,0.00040855397798595457,0.000593473433510746,-0.0004971478630261228,0.00046761927056429683,-0.0018404583104931975,0.0004731597762491385,0.0013468193870060283,-0.0006043617798819799,-0.0003806618475099447,-0.0003284530360939574,-0.0012017706857560288,0.0013867240371892519,-0.0005623562677955664,0.0008645008785330873,0.0012740636302623898,0.0016482854269160077,-0.0009594691154427092,0.0009746359595186677,-0.000813393262532455,0.0006320872072110157,-2.324481227498671e-05,0.0007049045520199632,0.0005801521941920686,0.00015208715604702857,-0.0006153561631711482,-0.00022546156119047242,0.001998725187998692,1.4912346242371397e-05,-0.0005742417922716193,-0.0002627081462406116,-0.0009216976089329833,0.00019213151061359728,0.0009915876524522018,0.0009191199567408837,0.001735672912946029,-0.000320836413514123,0.0005151099078719915,0.0008001962249567662,-0.00036598101723663576,-0.0017243409855147932,-0.0002731124435465035,-0.0007478255327000762,-0.002340380018871325,-0.0011875788942482112,0.00011026725092464899,-0.0012899837756501229,-0.0009217165138441928,0.00036043548006449726,-0.000463316653600266,0.0020554441482200864,-0.0010049127852350163,-0.0011313472509341823,0.0008607379131717607,0.0023254542964092585,0.0012080659177158713,0.0010374345280455821,0.0008040644911075519,-0.0012216302983605685,0.00010146870169564588,0.0005369788298787281,-4.278444054458911e-05,-1.1117616580150118e-05,0.0017380265788453856,-0.0003278022842013425,0.002527257913254399,0.0010157663205146408,-0.00017529910967851086,-0.000941908535473472,-0.0008543136154802403,-0.0007130843169844328,-0.0008049614711512043,-0.0002808222478823595,-0.0015671505264463397,0.0007502948225892121,0.0005029636024229342,-0.0004932005414240958,0.00036533195388707983,0.001136625440487864,0.0015338626825144852,-0.0006042613612270074,0.0012073876303971204,-0.0011444327280928106,0.00044035637188106634,0.0006963037319413464,-0.0009365598395974799,6.722842720068222e-05,0.0003547615669517792,-0.000991700123907349,0.001137739697217264,-0.0003566591514258603,-0.000764413688055797,-0.0004041296455949178,-0.0008512833243003115,0.0004752300457215769,-0.0013837839663293297,-0.0006968701061079187,-0.0005670760443591104,0.0006506626099783743
doitgen,0.0003185514602491431,-0.0018798282346402528,0.0012491776802015715,0.0014242782147063451,0.0007097645139581387,2.2557845922684058e-05,-0.0008006183684719984,-0.0001253148642511411,-0.0020360292490886702,0.0013331319008721932,0.0015127291040933112,-0.0002818909365738431,-0.001778717882847492,-0.0008736135363718066,0.0015416983506543007,0.002972619502677152,-0.0017566633145963317,4.823499294376412e-05,-0.0010984820538547542,0.001027179837002429,0.00028829910973907574,0.0012450846654213084,-0.0008314479374722435,-0.0028624166261132997,-0.002147300494030185,0.0008378832792863964,-0.0007178819125183956,0.0010402314104671886,0.000732666650846632,-0.00014818940701179543,0.000490867826372365,0.0008682712489147878,-0.00041166348819667064,0.000986809774930089,-0.0012286966369068465,0.0010449166195666646,0.0019110108273233462,-0.0012958362722480842,-0.0003007645889269645,-6.690217716622229e-06,-0.0005791372095756151,0.0016043489977945588,-1.3827490702002206e-05,0.0008375006739480101,0.0016632811322355103,0.0017397019778595427,-0.0014563582972856417,0.0005349213578876984,-0.0010808168338544586,-0.0003781492264212489,0.001178029131350869,0.0012354331032381136,0.0006724646983719452,0.0007541931967341706,-0.000328241150863466,-0.00039640005282983413,0.0032612296541807443,0.0006427530042967828,-0.0016543608313675275,-0.000807391473183557,-0.0011506931043376051,0.0002243125856158297,0.0022312342066889072,0.0010787301746920533,0.0026761635028624314,-0.0008132883460370558,0.000800266351884351,0.0010559885161405677,-0.0003630670689744875,-0.0022065187535458314,0.0001278729121181948,-0.001454701162669588,-0.0038555636387329084,-0.0012043391048077614,0.00037033101750066466,-0.0019438591336628259,-0.0010205084225698518,0.0005992962639309977,-0.0008202705102361328,0.001985926695260508,-0.0018316617243486868,-0.0014731817130385783,0.0014925074338956888,0.0029586071238325955,0.0017763218933329317,0.001803706524189436,0.0010782160455281731,-0.0019639507762430146,0.0007253154846493218,0.000680716633910853,0.000132642287216035,0.00018173804534067102,0.0013777304282183388,-0.0008793161002464844,0.002322185704855254,0.0014273110083290062,-0.0011143329046845887,-0.0019606398868048133,-0.0015218414743122018,-0.001625943598503524,-0.0005900937115485734,-0.0006264933697687193,-0.0015828894699826026,0.001148010184979452,0.0006870063121248766,-0.0003591999351210354,0.0007084236604712301,0.0006653992589743467,0.00229490191921766,-0.0011386148446392906,0.001330268239250076,-0.0011935672291767969,0.0004462124343095594,0.0008162760876053162,-0.0009542344231497742,0.00026584962186327867,0.0006511844965007743,-0.0012236396612298097,0.000753285522494848,0.000501735840252375,-0.0005254723492151332,-0.0003685494711430832,-0.0004938332146867299,0.0009490151016362225,-0.0014701662121910746,-0.000903420453772243,-0.00017005656692313683,0.000320099630017952
mvt,0.0009764116455668137,-0.00195332545320777,0.00030203745299624675,0.0013022716215921508,0.0013915163158472973,0.00039554386450289184,7.441073185066666e-05,-0.0003979000003365826,-0.0006318702148309761,0.001195379788816744,0.0013507496000604315,-0.00035165165489181707,-0.001576599880469579,-0.0011173911581945863,0.001043380719151132,0.0017093008804305373,-0.0012293209339555163,-0.0008973305311009924,-0.0009852086457068372,0.0011783721903069777,0.0001045720418298546,0.0008736356253008373,-0.0006473329887359724,-0.0021188778095330043,-0.002642024923353979,0.0009315241876293906,-0.00024689243644203645,0.0009129352855533229,0.00012504452476764656,-7.809750155697374e-05,-1.5621953606039895e-05,0.0011113192580791097,-0.00020676108486718554,0.0005675966252256638,-0.00030044366803335857,0.0008528578307312396,0.0012932789806223285,-0.00150269600115506,-0.0004628791046826403,2.8295546791800378e-05,-0.0013006132112679993,0.0015726422540716302,-0.0005047880198627626,0.0007660015422300341,0.0011371392583228532,0.0009529342885330949,-0.0019690937619612917,0.00043024975975178244,-0.0008971536007558856,0.0002663728525276075,0.00021422250093734366,0.0013565910121747938,-6.52312401400637e-05,-5.218296222675508e-05,-0.00019596428724764984,-0.0001082855380682201,0.0028233551510501494,0.0004299613207008586,-0.0009052577617571303,-0.0006889595532487936,-0.0012231017924696165,-0.00018231675159567805,0.0011599333660455425,0.0006586321571663925,0.0017795590284256802,-0.00038427350570965365,0.0003149759430807586,0.0010152194308778691,0.000197667027499703,-0.0010276300751483778,-0.0004267217738773887,-0.0005425466852462232,-0.0022198019091338003,-0.0007009138598886686,2.882388983734773e-06,-0.0017425832881656012,-0.0017700022351271986,-0.00024817582743708044,-0.0002750247390574932,0.0010754078228345947,-0.0011073811724009177,-0.0017472939201347876,0.0005850344240144362,0.0027850039065159026,0.0011816408152535483,0.0009926617591797064,0.0005944061418518419,-0.0011151132900116564,0.00015337676396705264,0.00046350397515506286,-0.0002800443945864053,0.00013857468639403097,0.0015176984197545617,-7.725540268376975e-07,0.0019091496003267492,0.0012703902437063894,-0.0011366867719655187,-0.0011333503493119036,-0.001120471380311699,-0.0008015582264147141,-0.00019812975616502118,-0.00041063784810522536,-0.0013006394623784022,0.0015521202151466123,0.0009884426602230494,-0.0009498468815183134,0.00022837973866870857,0.0011274354505240618,0.0015341373511782773,-0.0009239787738965917,0.0008321146302005424,-0.0010181011001121612,0.0004264133983840219,0.0006866523266282744,-0.0005145392596549328,-0.00016214536346503703,0.0011739439539736963,-0.0006067759632933714,0.0007687296642023099,-0.00021410929097287227,-0.0006168882523910477,-0.0008927527834218335,-0.0009068772852839112,0.0006740381001490879,-0.0012967333799869302,-0.0009272526442999018,0.0003665544054713324,0.00020258316459344033
cholesky,0.0008823017631786772,-0.002259830169673983,-0.0003007834449332828,0.0030403228899457545,0.0017734320192377912,0.00030636241961878516,0.002170714928021577,-0.0017185805785346828,-0.0008142596057910446,0.0021108902110265463,0.0012906360936136075,-0.0004647671860445573,-0.0023150749160170867,-0.0034806435173231876,0.004164890505619244,0.0019673258749713166,-0.003228743209547247,-0.0020241480517627984,-0.002744403954800671,0.002830835754608011,0.0009536220241312145,0.0030387508086439793,-0.0009783318236521962,-0.004389982864748971,-0.003093821787584198,0.0049310256563411614,-0.004347211123111063,0.0002636888525901466,-0.0006315150440786966,-0.0025666411869881105,0.0006204184594955425,-0.001179372043293875,0.0002168533340510395,0.0005882134906035692,-0.0005443522380341568,0.002915417918961288,0.002434751448333069,-0.0014989291775984587,0.0008021226589335128,-0.00032570985878111163,-0.0022748159611526513,-0.00013584032196579048,-0.0019302007619504972,-0.0009401710161910159,0.0016702081371072887,0.0010299690265350768,-0.0025152536904917925,-0.0014004181236628535,-0.0019054820183777741,0.0011256728390839675,0.002688228579128109,0.0027972397525122183,0.0012511580856516956,-0.001228493988358726,-0.002573273332244652,0.00013573083667627847,0.002954012573051538,-0.0014754146920394203,-0.0006318918612103314,-0.001117875598008848,-0.0029973246950248723,0.00026891169539845175,0.004077615909433613,0.001780704884254697,0.0025332523973257697,-0.0008712892114150843,0.0005876819713739679,0.0008880162389303021,-0.0003147673954137847,-0.0038301205518817168,0.00015791102338779536,-0.0011547599219839967,-0.004454387133656483,-0.001164814607448837,-4.102472623344511e-05,-0.0011657181832318505,-0.003276767360301973,-0.0014922907276215685,-0.000399856934899516,0.0029077015555554276,-4.79877049575508e-05,-0.0011045513542356073,0.0009361541093352976,0.0046529248785938965,0.002330498244749227,0.0026220265542684098,0.002970950848215984,-0.0010099636814427666,0.003068559287445775,0.000132297744987429,-0.0002727563269177659,-0.000873939903378616,0.004579003050587036,-0.0006526433504121896,0.003057923550238936,0.0016054895007902006,-0.0006426473374045196,-0.0032323288747850005,-0.0013586780553830776,-0.0016679312610358465,-0.002283782250726492,0.0020565567427709335,-0.0023579189746669726,0.0015019258053709766,0.0015914945614733571,-0.0007945691359944046,-0.0010363036574401324,0.0018096289742324087,0.001867376966652551,-0.002873755129144734,0.002875272177108046,-0.0023157018823743176,-0.0007726019149898396,0.0007287916821466448,-0.0024377684930004763,0.0008277563449761753,-0.0011367530950438878,-0.00028038094348933857,0.0015194402540995118,-0.0008728733150524527,-0.002319929195040863,-0.001207076198714074,-0.0022124783487136785,0.00021646680229524566,-0.0033806315837056093,-0.0017787056813217026,-0.0004091427623805228,-0.0008544892870931006
durbin,0.0003406954542616625,-0.0017964389556432495,0.0008786193982965124,0.000803741943074794,0.0005472808387116722,-0.00020339832946462415,-0.00035236746278304205,-0.000218065303578813,-0.0015838528803247302,0.0013504798986729283,0.0013633137474114835,-0.00038907131548356484,-0.0012816874166232805,-0.0007716546702827603,0.0015128158119990362,0.0018373153670944106,-0.0014878461630069499,-0.0005148214071240971,-0.0005734122151328277,0.0008967223159974708,-3.081508798486162e-05,0.0014099976648118474,-0.0006947765801863186,-0.0020006949310800606,-0.0022888015796390456,0.0004487678162747038,-0.000818267151814632,0.0008255911036902562,0.000883351142777875,-0.00044409702025690066,0.00047014303522405096,0.0003619871871888957,0.00018307248360515963,0.0006175540481830435,-0.0009699894689053115,0.00035468563552198105,0.001072587870561695,-0.0006550172393877726,-0.0003484354733808089,0.00020842609097254628,-0.0010808852717167417,0.0015880205841926505,3.50004699273285e-05,0.0007724748354266706,0.001010016508743745,0.001146626806495568,-0.0011609321835636128,0.0005153164588026537,-0.0009037935931959531,0.0006591255179912571,0.000739991030758784,0.0011550985186040204,0.00033647793554993674,-0.00022658729384058795,-0.00029685937172833817,0.00011899583017558256,0.002212013234933284,0.0008622996452934048,-0.00047654051743272125,-0.0007779319227757325,-0.0011298764223999552,0.00017011814906625917,0.0007098849083382371,-4.852921472925737e-05,0.002120331743759304,-0.00011024250373139753,-0.00021455212582440088,0.0008256902570609615,-0.00015821399023555242,-0.0014270007531620155,-0.00015700928842839675,-0.0007807997388323665,-0.0023812445527217805,-0.0005562767678680251,0.00029955297735091203,-0.0009475829667076276,-0.0012057477599454179,-2.1860871247715763e-06,-0.0006502970009346454,0.00194118752949971,-0.0010927422703895183,-0.0010890985620617948,0.000814915714942514,0.0024845820576773637,0.0011840955365122676,0.001054125434144527,0.0010327149421975814,-0.0017587223236224154,4.136853949711024e-05,0.000570379379711709,5.274754009820409e-05,3.469111748313884e-05,0.001716235504904917,3.972467438547911e-05,0.0021208348575863746,0.0013246914629972389,-0.0007618508916386106,-0.0011566334071079374,-0.0009945098089588773,-0.0006503208176302275,-0.0006021071190876231,0.00022638993245703112,-0.001023042338844127,0.0012755545254258753,0.0005621897718337359,-0.0006460226089468009,0.0004466572937799463,0.0010579276610430696,0.0011567799460136651,-0.0009421058086079605,0.001205359981563211,-0.001118519695135751,0.0004709436772246542,0.0009298509012188931,-0.0006525373200337629,-6.7836743147979e-05,0.0005551734676163716,-0.000815989983434439,0.0011583829824550948,-0.00021590920379671225,-0.0007191364151927141,-0.00015555184923739932,-0.0011243670305702835,0.0006441944479403642,-0.0015237073582752413,-0.00018574278583831412,-0.0001685257941073209,0.0006576589922593409
gramschmidt,0.001894142898440144,-0.0015755181519312034,-0.0010658932786209022,0.0014737436834941471,0.0015187300040623117,-0.0001133263145037877,0.0016516699170019391,-0.0004917445496999774,-0.0003182933237323409,0.002577257151712659,0.001902859782712456,0.00012987759026487827,0.0005227289510112003,-0.002397204818190115,0.0039810364682918405,0.0030452605295429236,-0.0014320649178653883,-0.0006215000225115818,-0.0016379631437979324,0.0017276339306135924,-0.0005110896888495479,0.0026743377031115782,-0.001102764483108393,-0.002497544611621853,-0.0020983432977950116,0.0020225636075742338,-0.003086172078904064,0.0007447495835623337,-0.0008877740826011356,-0.0007751326251558115,0.0012420955027532456,0.00039299910892242403,0.0008782942854422722,0.0018275274102736272,-0.0009458147536760306,0.0023725428286758333,0.002171829613677187,-0.0007801716281578708,-2.5747992499690685e-05,0.0010547444905188237,-0.002207375946268141,0.0004803433414644653,-0.0014253300894188604,-0.0013686958823744399,0.0013467678928642801,-0.0006154309290906942,-0.0019078216642173307,-0.0007203745687711022,-0.002376770124505533,0.0005364176194055671,0.0016541221815963131,0.002054315837909583,0.0012287781502860354,-0.001974039711275797,-0.0006052310554606133,-0.0008163481677009756,0.00327079456761007,-0.0006668580013966777,-0.00024195204894521082,-0.0002897438033613024,-0.003051524671815821,0.0002457699658531739,0.002258327520293177,0.00029445844078369334,0.0014179233727605299,-0.001689989242312837,0.0004949992730521794,0.00016950008782267602,0.00030299499137157924,-0.0017241768823895787,3.579848458669317e-05,-0.00151007221828154,-0.0037196396434666943,-0.00095711137855221,5.644794334182377e-05,-0.0015708597440809375,-0.0020036732903074743,-0.0006173286653541674,-0.0015608287180956,0.0009816884067599587,-0.0005265636389859172,-0.0019137588436638191,0.0008873431469331462,0.003068005124785284,0.0017029670905949932,0.0017821480929326669,0.002198537677777961,-0.001331084643666106,0.0017622149072507392,0.0004745619083138065,-0.0008476546461010873,-0.0015053524752920956,0.0035897695340833557,-0.0001396659357478478,0.002592863577580215,0.0009421974282564216,-0.001029180191108803,-0.0013818833145068444,-0.0011866561511400754,-0.0006062920416554381,-0.0009094054025770006,-0.00011418025237189718,-0.0023018110770909772,0.0010943527549781534,0.0007289256925579472,-1.8785433125091142e-05,-0.00019415126895244955,0.0014860546603166279,0.0008031095261623362,-0.0018316122217599598,0.0018934207711982965,-0.0012770282333186072,-0.00036156944086417975,0.0013917102516709428,-0.001692447306121387,0.00030904433885405166,-0.0008908570732437044,0.0009556154626395262,0.001472563885532804,-0.00012470981475308092,-0.00278796922585516,-0.001663977162530096,-0.0024604905184033615,0.0009111278354211185,-0.0015538970598995509,-0.0014273624812930446,-0.0006730812618846738,-0.0008850287726844781
lu,0.0014652498251740205,-0.0032300425829620543,-0.0007910399921618958,0.0036111205353477026,0.0027807549301623294,-0.0008834827634407002,0.0022398864060994635,-0.0011815344004786875,-0.00127507252836266,0.003078352866485685,0.0027960976291974754,-0.0002932658106727556,-0.002103484065918791,-0.0023278322454037457,0.0038802845669158666,0.004194792233071164,-0.003207249584265639,-0.001670216393451799,-0.0021720552868388435,0.0024993909393631777,0.00108815468956037,0.0038622389689630045,-0.0012685528479932158,-0.005421872605600951,-0.005724083341499889,0.0026402833576218095,-0.004366472642503252,0.0011291132553670766,0.0008431611163466524,-0.0016008835226968474,8.63630666742932e-05,-0.000978401809564749,-0.0003106564553503708,0.0018746408035858707,-0.000609967153129428,0.003397679285464252,0.0036242004337770036,-0.00034927260901280484,0.001786400769039783,0.00018571073078120536,-0.002818577234124155,0.0015753667432167311,-0.0010296911001854473,-0.001201619645665023,0.003352454993525067,0.001581667105226312,-0.004184609384999059,-2.427186709909291e-05,-0.002346803835617622,-6.919273600344898e-05,0.0006347997599126151,0.0012959315382248063,0.0013142204699991926,-0.00019120745558429405,-0.0006508083217870225,0.0010709756607810929,0.003531375219233136,-0.0006091054754574649,-0.0014149951942575474,0.0002874347614329374,-0.0019979473454633323,0.00170849099839456,0.0028484525444693706,0.0006855297942137282,0.003964157415892243,-0.00174246395290709,0.0003433436021550904,0.0010251688744843499,0.000781487181078765,-0.002397880806459402,-0.000610949550490501,-0.0012514937881578717,-0.004618432101309343,-0.0007034786276669703,0.0011735676411425088,-0.0006312149871604467,-0.0018414985625583792,-0.000799976491666904,-0.0010300612034349365,0.0028081468388532777,-0.0015774751816148773,-0.001868952325813198,0.0002730881058120327,0.004966368456777626,0.0034967913276498412,0.0032662971845613203,0.0036798059443865047,5.998536807068453e-05,0.0031180119937697197,0.0016480467980095604,-0.0005049780377878495,-0.0010384445974604389,0.003152308388142584,-0.0004570671849058938,0.001379644333170683,0.0009455733588296033,-0.0008436942060040859,-0.003254087280180836,-0.0006160201553025495,-0.0009567821378223358,-0.0016539985477771859,-0.0011391654011597087,-0.0021146524442559158,0.0019969101597485913,0.0017821398170072514,-0.0007316721232559181,4.5116453716026385e-05,0.0022170768100812054,0.0025080673935213194,-0.003534888711905117,0.002397231070182402,-0.001773348295590578,0.0017946210367446045,0.0010613259376744584,-0.0017121959617853323,-4.620933592343537e-05,0.0003844774408788451,-0.00010698753937329013,0.0003747615561232478,-0.001307888026082803,-0.003587165417558483,-0.001343063438523725,-0.0010837641902255088,-0.00010970543948807776,-0.0016102797464059586,-0.0019466643750088502,0.000924248756904225,0.00013919684138721057
ludcmp,0.0003425564780915767,-0.0009168216695170696,-0.0009498040107555366,0.004443315720678289,0.004137622015897961,-0.000791187217713525,0.006847577221069574,-0.0007117410751372589,-0.0006535869064338281,0.002996192182439303,0.0023749223548635416,0.00014095581098283022,-0.0015033311680988594,-0.0018238357365394657,0.00548716123719312,0.004136408612220872,-0.004799089118491658,-0.004629305177520947,-0.004159691061545721,0.002360535486449146,0.0030410561950294465,0.001735312244251179,-0.003963687514391399,-0.009838168403262845,-0.003489605673965241,0.004887277223154436,-0.00436731646962294,0.0011698737538902999,-0.0008670541950471821,-0.00027219271021257325,0.0008274577847758205,0.0015811135430694265,0.0010329066065456849,0.0032554202909895356,-0.0025502513281656382,0.005574543205295755,0.004246231944274492,-0.002280910025574215,0.00046460238659150034,0.0019602233222168995,-0.001659175152862289,0.0025818130054398557,-0.00037845175959266494,-0.00039905250511341957,0.004082283401922204,-0.00152818152169743,-0.0049491918033658195,-0.0015702351679510234,-0.00021747215555103556,0.000734280949725169,0.004269297031935734,0.0009367531298512974,0.0003316901686450587,-0.0014999161452002533,-0.004129037563189581,-0.0036307752026085937,0.006480194585951677,-0.0026241317248757983,-0.005686849012935193,0.0008124707214471944,-0.0024685853793733965,0.0021731134314568737,0.004700052919775267,0.001982072449752522,0.0021070171968327342,-0.0013956739993992344,0.0008114817209938301,0.0027160348558666527,-0.001913783954343203,-0.004698880042857913,3.835565813736712e-05,-0.003253494797757325,-0.006182652060028931,0.0003011437137901288,0.0018213868259546703,-0.0018795804433394362,-0.0007372297993194656,-0.0013347068211425283,-0.0033002604614071978,0.001190082938931425,-0.002093772449916887,-0.0036152880630673373,0.0001814639421228445,0.006397149846397291,-5.263326946876885e-05,0.005009553490075296,0.001359282272196261,-0.003369015992563435,0.0026005916994174738,0.00022526893015238595,-0.0018565559402013486,-0.0015562121370929181,0.0031796660603462257,-0.002515694702283972,0.005254856042294777,0.003798625656500998,-0.0036228926568427034,-0.0046242131565882106,-0.0041570892615277215,-0.0022989960071385265,-0.002627027048718314,-0.00101436822095109,-0.0029347505075714886,0.0017785529365841638,0.0012758690247012218,0.000838867864520508,-0.0015899134290665111,0.0031632686591500274,0.0031968622999989063,-0.001058314252515491,0.0048567765745739285,-0.004145634392728908,0.0013545317337582182,0.0028888933055454665,-0.0029417955729483763,0.0023661246235314446,0.0006095404908415076,-0.0012281227015408767,0.0015654527569405208,0.0013467324640947277,-0.004539341268412232,-0.004070841647568735,-0.0026364618244241814,-0.0002972007923654919,-0.005140992241913799,-0.005088011889552111,-0.0017934905270419938,0.0008815020900758051
trisolv,0.0003749825504260153,-0.0013358046586896914,0.0008960211230666713,0.0012604651637957431,0.00043777510128291587,-0.0002145983806228723,-0.0012425480079666779,0.0001789581421793465,-0.00023268160063108975,0.0007619058897959131,0.000564860186379401,0.00020370110395583096,-0.0012076999058680063,-6.747860938255728e-05,0.0012313351059962837,0.0012102552545985691,-0.0011887956156047077,0.000717534067317923,3.142744262879752e-05,-0.00013806718523231735,0.0006264611270976238,0.0013222869103510602,-0.0007774148264623481,-0.0013733259231260054,-0.0006630214329931281,0.00022955471704483535,-0.0006307349484244682,0.0010779360875939738,0.00044568379782163915,-0.000398211660726295,-2.6109069047497615e-05,3.0046620221531238e-05,0.00017077436904201467,0.0004542839932974761,0.00013758341905545458,0.0003339200145375791,0.000887205996431424,0.00015238648206203782,-3.9023672250890726e-05,0.0004526347334106733,-0.0006610703177450081,0.0006323515746209626,0.0002462005123687242,6.965914631812082e-05,0.0007734462417762942,0.0003442587386542265,-0.0010268395244639851,0.0008421441246658409,-0.0005018760302180719,0.0008829206703737098,0.00022331237408703542,0.000795397119459008,0.0007476785528812864,0.00022270466750312588,-0.00034786454181620337,0.0006130473756257277,0.0011647460937601272,0.0007107388341753948,-0.0005763521794210462,0.0005198932452676524,-0.0007374851286478248,-0.00032219038903497316,0.0009523646958547122,0.00022096011614449685,0.0012213652343922238,-0.0004465944868452351,0.0005970638935317899,0.0005717595724002799,-0.0006985290797533301,-0.0004476315688059809,-0.00011518272456270074,-0.0006951112249284998,-0.0020302758692684244,-0.0008111540391393824,-2.289861509868898e-05,-0.001733045295600832,-0.0008365177082459109,0.00011243409117162266,-0.0007113103542869203,0.0010799488303066057,-0.00014076424823298756,-0.0007536119069928698,8.22732653306765e-05,0.002531559866291331,0.0008053196962405272,0.0013653739046483354,0.0015290688284890128,-0.0009819797602339223,0.0004096931860237042,0.0007558720632611463,0.000679546129348881,-0.00018243712891977872,0.0011860921486669855,-0.00021016582091923613,0.0019497482609017978,0.0003323145116687889,5.089144128501582e-05,-0.00048634800321717815,-0.0008542215186824295,-0.0012607600142288673,-0.0004844026791728745,7.985214774006583e-05,-0.0006113752090500864,0.0007247611844455028,0.0007815339328764704,-0.0006329041440868031,0.0003701574461320718,-0.00011390706439544181,0.00038348924382757753,-0.0006108581544206728,0.001100972995465885,-0.0011306703313383013,0.0006622560788419219,-0.0002079745176663751,-0.001064510893384733,-0.00025646431183814437,-9.369260220498801e-05,0.0002803866694940678,0.00033364013741935726,-0.0005018113208383349,-0.00017304798368754043,-0.00024837581955447296,-0.0002611808454164974,-4.340730148710205e-05,-0.0005067592017706086,0.00012144203622195097,1.0920721961599889e-05,-0.00022013147410570962
deriche,-9.393654607531683e-05,-0.0030764135064181085,0.0003771511150514628,0.0023024312577547656,0.003145722590161108,-0.0018179877291500785,0.005135127195220124,-0.0032950459941040286,0.0019817913899692584,0.0052655611477807444,0.0008514514380656464,-0.0011795510804788263,-0.0020214775310925712,-0.004281136640027971,0.003203240408496244,0.006017290785361077,-0.0021603068955930492,-0.001076193889577628,-0.002240529048243567,0.004377061175727135,0.0005350570081594665,0.0014394848330260398,-0.004853003099252226,-0.0076054934360626734,-0.006521145176432073,0.004264654645921633,-0.004181507075040051,0.0024017417221275502,0.001457151894580606,-0.0022691057363236618,4.783248452891084e-05,-0.003154900322795918,3.476425421225562e-05,0.0004313197659120703,-0.0013379815805806166,0.0045317362534334875,0.003045158824227009,-0.0008325895262784727,-0.000322526646943164,0.0035658930762194297,-0.000531918856831976,0.002737149792808485,-0.00126484441755362,-0.0006907415999284637,0.00435407660205225,-0.0016258934730883458,-0.0022055964121599067,-0.001349572046246618,-0.00013198626212380975,-0.0011391732282723618,0.003274039551714002,0.001344473743696104,0.001023444934838974,0.002664967799648458,-0.001161912317012372,0.00032326162849093386,0.0048581724666865184,-0.000340228909674518,-0.004986285497573131,0.001667170700246122,-0.00047503383103890786,0.0024688509729986993,0.0031622171645414973,-0.0021625869227566725,0.0013269482427855335,-0.002860609118017568,0.0008989706906757123,-0.00013689003283549783,0.0006762562151265498,-0.0013181288572232143,-0.0009816331175625066,-0.003314758580635657,-0.0033242528727522873,-0.0020848315015074724,0.00039781403436818454,0.000999628393899768,-0.002599781821626584,-0.0010231364109646714,-0.0034733327247147136,0.0009625968987694808,-0.0014485072581836055,-0.002360754936447025,0.0001875825609431132,0.005806266178875396,0.001247159194326656,0.0035090987264201844,0.00028431760701033075,-0.004240457323211307,0.0013151197135991422,0.004430404615203639,-0.00037979987911530497,-0.0027710618539491085,0.002108616117960886,-0.0013853810145260305,-2.4777644687471124e-06,0.0024575175049586532,-0.002871470670868028,-0.004971100721483092,-0.001072926479039013,-0.0015676183240880446,-0.004225824194003419,-0.0013871471312485505,-0.002238187190207994,-0.00045869169473628906,0.0007795063143524631,0.0009328933519463703,-4.985837988011796e-05,0.004994156537447825,0.0020110478586028353,-0.003751663396112421,4.375407821826434e-05,-0.002248143910583508,0.0002706370455112202,0.002479136914312298,-0.004552512545619438,-9.47542742155073e-05,-0.001234545616444109,0.00208319575749573,0.0010430920202276642,0.0003299014552601868,-0.004583914673992688,-0.003858647850422035,-0.004256008526063693,-0.00031618880634434174,-0.0025001289280517838,-0.002007011450595547,-0.0019280416775013973,0.0007648072872076981
floyd-warshall,9.503515082874201e-05,-0.0020075588330449668,0.0011215843384528646,0.0007985556628496486,0.0005664304401264262,0.00014467318828077474,-0.0002670977185476636,-0.0004986897326243306,-0.0014187421970774674,0.0009259049481254308,0.0015834612690780675,-0.00018318982406326427,-0.0011654539080812602,-0.0008467797321781914,0.0004169251587653369,0.0022458346288915907,-0.0009692467660526012,-0.000322049359233432,-0.0012895683858176817,0.0008729656315983402,0.0005736696767604635,0.001164437197928334,-0.0005386759596675453,-0.0021877651763946306,-0.0022821161445670374,0.00032923842477344497,-0.0005026113960766395,0.0008728135872620184,0.00036278385113457616,-0.0002590826325046789,1.590795361021579e-05,0.0010716729517676045,5.658814069813516e-05,0.0008016253304272399,-0.0007489568780392057,0.0005628243060579374,0.001445546443546674,-0.0008249583525729628,-0.0005301297909647714,0.000195335476449105,-0.0008392056380622799,0.0009118000363181316,-0.000182263470887618,0.0007647950490382016,0.0011757593049724336,0.0013355624941707575,-0.0008993327701661982,0.00041958071251543323,-0.0012990954993204829,0.0005936287499660569,6.851118347906279e-05,0.0013553466759611114,-0.0001350202654855752,0.0006239727085269365,-0.0007838760747227587,-0.0007733339049631262,0.002151799167216914,0.0002590010804828892,-0.0012313276841114374,-0.0009511156180302785,-0.0008876951422354761,-0.00034916799949938224,0.0012621091792888758,0.0004408469541897447,0.002068614764164568,-0.0008628380131789149,-0.00011477678221263834,0.0012177027981850864,-0.0013728513070721722,-0.0016713141840399366,1.764149352117023e-05,-0.0009599152195366955,-0.003330962678997169,-0.0009799481383008654,0.0005770563501807013,-0.0014179297877318568,-0.001273492278391898,-0.0003053652188260549,-0.0005530214359123134,0.0016739878214047505,-0.0012171502764356992,-0.0015799059871749923,0.0014596480080473848,0.002614866558051633,0.0009457377976765579,0.001966980488525349,0.001212953918430176,-0.0014554221180910845,0.0007842122913701036,0.0005468171755225894,0.00035976909935044613,0.0001647101564814429,0.0019497237517155227,-0.0007257291255894032,0.0021088968560377093,0.0016075833466531102,-0.000984294576414439,-0.0014556595782343731,-0.0010499406815646089,-0.0006333648414757081,-0.0006909453976783519,-0.0005543495028017696,-0.0015569474955166086,0.00040319079264878357,0.0005895904676824714,-0.0006512132317108562,0.0004125526864102557,0.00115733457894737,0.0016991397454337446,-0.0004173028212349639,0.0008474581256862466,-0.0013713871984628728,0.0004228400080680771,0.0007699338289143579,-0.0014858332647665247,0.0006022590533466886,0.0007798302859732729,6.142124676106442e-05,0.001011740525610783,-0.00014988938895634042,-0.0004967996799723837,-0.0003102253695261945,-0.00029942007430055936,0.0009798584845689133,-0.0016930781586447865,-0.00028332807593166233,-0.0001693497832997046,0.0006732852566300087
nussinov,0.00139338449234927,-0.00035069148133004546,0.00027265237963547406,0.0025440288859783777,0.002698676986867099,-0.001001392932312939,0.003315790471162927,-0.0010818873570173082,-0.00036997267040739246,0.0026659525635679415,0.0011776931100868637,0.0007730529718408263,-0.0002586303661473721,-0.002205263567461202,0.0036155687683958604,0.002457833902809625,-0.002358392035887391,-0.0037672586519086337,-0.0030418839666879194,0.0030072203995743507,-0.0002470466889974432,0.0030954172908650435,-0.0029889868515624585,-0.005783274972046115,-0.0035625056286647805,0.0038798093482483864,-0.002860099351661205,-0.0005099201001765863,-0.0014899449628842376,-0.0013689650926984598,-8.679151672374985e-05,-0.001300973079708001,0.000844720129652643,0.0016863389812158402,-0.001659490859935886,0.00310202727857245,0.0020566299666313625,-0.0024989590384620897,0.0010425202846775505,0.00028471628675674765,-0.0017425449046584163,-0.00016609527843058913,-0.001856839484197792,-0.0017769331691113166,0.001365511008913245,0.00036530644897680986,-0.004738965804094164,-0.002834007200831934,-0.0005756370144140988,0.0007696759647330964,0.0015681631015098674,0.0007774774671815976,-0.00017549975932595885,-0.0021408513315464006,-0.0011880675760522763,-0.00192866366573341,0.0032207615772748,-0.0019457819457784353,-0.0035568118862769893,-0.0003546701909398209,-0.0028586991370485038,0.000622880621335753,0.0026312329337230267,0.0002032562091827117,0.0019086568877781929,-0.00013755772383206022,0.00014471567935459007,0.0017242851713064056,0.0006320406804007916,-0.00418949620001996,-0.0016388265457862872,-0.002651570814890647,-0.0047902823762910884,-0.000454090964410625,0.002104514315563577,-0.00031911687858610094,-0.002684806601351397,-0.0015125780307272407,-0.002565837606312016,0.001393050624699299,-0.002646523578931692,-0.0007729693258298198,0.0003280053198011501,0.005490565373975187,6.899714290398151e-05,0.0035657687971024643,0.003046950523255987,-0.002312038466598665,0.004276494012643184,-2.6154703498093568e-05,-0.0006818762028331093,0.00010166186862115012,0.0043826428376121385,0.0002843063987683081,0.0016487666268005796,0.0017754364421023183,-0.0032545225174800407,-0.0028099881526202353,-0.001899160266390254,-0.0012506605064288578,-0.0014050055319039245,0.00025421777269230006,-0.0011924145123884955,0.0020485695567877826,0.0005543046824918463,-0.0003528249704629616,-0.00011561737273524386,0.002203207846704913,0.0021281448399008696,-0.003276837955784373,0.0024123319130353593,-0.0016742583905156039,-0.0004958140822992618,0.0011623174110724221,-0.0033089831258763525,-0.001213591607751141,-0.0004714187706440498,-0.00018471192518632051,0.0018190493261016627,-0.00016163325170737153,-0.003612760331240139,-0.0020790258029990127,-0.0003598637817958661,0.0006724580907491173,-0.0033029227850960297,-0.0035472343969189524,-0.0010507590551469548,-0.00016465141077404155
adi,-0.0007138897789644132,-0.003878393656714439,-0.0010832830558485415,0.002522107138734081,0.005611820226065288,-0.002622528582507562,0.0030969614838668425,-0.0041126260515544355,0.0011331295816399902,0.0054731619301690545,-0.001575295557766876,-0.0017223445699262646,-0.0006670971737167062,-0.00404921135625472,0.002079797992123924,0.004357354734255237,-0.004183003420699988,-0.0012791978203004787,-0.004627899460475595,0.005377477179697011,-0.0008632169885268125,0.002709891910930639,-0.0037708493928052863,-0.010083857677733406,-0.005411325997803583,0.005037848666026188,-0.004017909935201815,-0.0021940760833872126,0.0002621169125347699,-0.0030883722722788707,-0.0007617314416384707,-0.003142504583112162,0.0001596836293769521,0.00011241270391641922,-0.0025043429704740524,0.005428310374341374,0.0036346016293561656,-0.0014952504130046635,0.0008502953156314533,0.00202942474710365,-0.0021296360464438157,0.005144064073957965,-0.001174537667060045,-0.0017380238494170118,0.0031607054035306453,8.037291034124342e-05,-0.0043127679751526074,-0.0039579305662805885,-0.0010002521515614664,-0.002074916342276888,0.005213685731110605,0.0006071567431343717,2.0501472895731192e-05,0.004778236171910722,6.90322894632028e-05,-0.0011602233199733492,0.0038750530179809343,-0.0024750949121772154,-0.006896978794283774,-0.000689256214820429,-0.002115663153587921,0.005131829534851325,0.002885915553368085,0.0003322163100187655,0.00606575312857834,-0.002467889897273796,0.0013961672698633077,0.0019841298222979683,-4.214134643519888e-05,-0.0032408466369044857,-0.002628632277309755,-0.0019504552435517049,-0.007044861990022578,-0.002410638368745234,0.0022642474718457288,-0.0006486349447497163,-0.004985748734811432,-0.0016738473329867163,-0.0058095515867707306,0.0023914704568076543,-0.0010559515099780377,-0.00062219412775598,0.0001296931547769096,0.005650493263092657,0.0014014428393014065,0.002160494893631361,-0.0004920553767879626,-0.0022681434731282243,0.003827418924000669,0.0043868327133011155,-0.0012682580299240823,-0.0027292852536384125,0.0029783041446383627,-0.0037085188317106995,0.0011944469947724459,0.0018345423176256584,-0.0007425647755430143,-0.006448893992051631,0.00030688701338817267,-0.0017720096831698854,-0.006946062692774902,0.001631522787707439,-0.0035103106600614603,0.002014912482572158,0.0009219698027241047,-0.00014047160800507408,-9.845241816730155e-05,0.00533493905784803,0.0029813200442267507,-0.0044007831869629,0.002498893778239134,-0.003355977811344644,-0.001089588708863529,0.0022898901674286167,-0.004110977519516898,0.00016910459417800075,-0.0008426703603962415,0.0029262289623117866,0.0021001462343291652,0.0012176024866028517,-0.0036979770365227066,-0.0021094483512899514,-0.002375235884205778,0.0022046673523851653,-0.005365171727722637,-0.0051033198258125965,-0.0017963502985352115,0.00036951993745043245
fdtd-2d,0.0013251797086060745,0.0005854047702773028,-0.001547057170796113,0.0022588793655190674,0.004085017972038982,-0.0005264037827398003,0.0035743404237817728,-0.0009772724070272868,-0.0013259745707813113,0.004190015918667876,0.0008857051547502721,-0.0003648961895825438,-0.0008369046219778759,-0.004404272021312681,0.003400553678752076,0.004221359144082923,-0.004927580764088284,-0.002652662977588139,-0.002653498722843654,0.003070125711875495,0.0006085125992899284,0.0015908473334222315,-0.004798302488993881,-0.006186953638254296,-0.004045940823287556,0.004382727409040359,-0.00528408565127122,1.5954655858166e-05,0.0007490265115313163,-0.0016743009448914547,-0.00043232928324337283,0.00025139429620495325,-0.000220322205238791,0.0010490415655248207,-0.002025304247373812,0.005676339226338817,0.0017846400558256268,-0.0015038505276468413,0.0016421262379477902,0.0013095263017512291,-0.0018933535041793586,0.0027397390794560634,-0.0010692186369851697,-0.0007024182085493446,0.002948692104170219,-2.2067991817981538e-05,-0.0040564673916529586,-0.0009079044883220096,-0.001039946560579517,0.0011873821569371012,0.0032943176932610364,0.0009704151400888603,0.0013319621788512852,-0.0019009212945370107,-0.0022927599317714895,-0.0026365935662391237,0.003981768954869531,-0.0014103080482301142,-0.0033044092010531033,0.0008880630984909834,-0.004704162625451516,0.00022596035473709615,0.00628383730554403,0.0027096558866124506,0.0015191862710701644,-0.0013192278659211625,0.0005866504657064335,0.0026212122871414204,-0.0013782020595590754,-0.0035569252971805534,-0.000512586288674973,-0.005334667206726159,-0.004637862917302788,0.0014564521644045124,-0.00041000797561024216,-0.0029006415751638218,-0.0004780839601946329,-0.0034145593818189104,-0.003016665270044988,0.0023246370215664995,-0.001749394973026233,-0.0032562522901634296,0.000840129882115774,0.005693182626824341,-0.00013175640260260638,0.003651530542210003,0.000476548224425239,-0.002521779770510677,0.004219353346085211,0.001231715233399731,-0.0017414623318825345,-0.00152291626886285,0.00458844510953848,-0.0007228489118545827,0.002661340812693326,0.0025847546859767414,-0.002006401479205763,-0.0034522508547298334,-0.004469949558612312,-0.003337417193811816,-0.0010843482697435944,0.0004510228356851928,-0.0023462224047428406,0.001626930712594044,0.0018146910617209788,0.0010882544785974749,0.0010373338918473732,0.0002733360498530658,0.0023502973718240385,-0.002696754741906406,0.0032942712641418604,-0.0038299483626533684,0.0010845824069503427,0.0012754669481317969,-0.0009626481538286458,0.0009698227949006036,-0.00017798132436009804,-0.0022191258433890636,0.002725278102601409,-0.0008465952032982821,-0.004610428151813391,-0.004133600444292447,-0.0012496547453958247,0.0018382175243786933,-0.00463633919030632,-0.001957987631782863,4.8267086866994714e-05,-0.0007351079978758573
heat-3d,-0.003091927995818628,-0.005253289677685842,-0.0039078410375728845,0.0033677869099842006,0.007539264887965267,-0.008111666508442996,0.007725819652266823,-0.0030941162879110306,-0.005600591707721065,0.012586541042481608,0.0022598813126827604,-0.0009261556890031004,-0.003347052640309691,-0.005004419796023285,0.01565295605003938,0.009421647296502472,-0.008482119007368847,-0.006012106723785378,-0.00819552224438615,0.011404823438110584,0.004087529165880557,0.006368133155104675,-0.007190627524102069,-0.017391332389477498,-0.014622046273366104,0.015956991763366485,-0.006712075570388128,0.0017741689324801426,0.005012654827569813,-0.009491590067596098,-0.002222647179342231,0.0021886614086279147,0.0006643288431248216,0.0037344230413586944,-0.0007217279556529727,0.009881730082620624,0.006022852077103509,-0.002573994904271015,-0.00029276782736096385,-0.00014319431173820285,-0.0038768224297872963,0.010272712415305944,-0.0031266769688058195,-0.0026831077622217073,0.012068876212667416,-0.00037732256727029137,-0.011059139597991636,-0.005413113193591498,-0.0014915036149779949,-0.0021563627674252095,0.014093607709866424,0.0042059835627967414,-0.0023775787340952334,0.002437705642017061,-0.007682410362950363,-0.0030028083720721834,0.00856303865613222,-0.006340277975468574,-0.00839644450467057,0.0021111326833968672,-0.007463902744554279,0.001600706126523503,0.011222890333486715,-0.00017177573052002776,0.008150242465551846,-0.006907749847777662,-0.0009686529317044781,0.005336487651911017,-0.0017738402569041556,-0.010882724718319017,0.0009639228104693015,-0.006656640242607459,-0.009210382062607384,-0.003704621961026432,0.0026446002094026072,-0.0017946643828078697,-0.011357127541461225,0.0005068575895039603,-0.010583070618471146,0.004253244327334918,-0.0014529807221571678,-0.009470697102757242,0.003747872428127547,0.013114699698036811,0.004894063087126996,0.014525248881100634,0.0022075560991343134,-0.00591385498650218,0.008777948090911807,0.0007062147434810922,-0.010440538890638208,-0.00484667100238022,0.006623894101417793,-0.0016474549480160355,0.007576596182240892,0.005576805547013951,-0.004342797643052773,-0.012996928358359675,-0.00413736705133498,-0.0024420865480073235,-0.013293496293859047,0.0061332119855866995,-0.0012515595146432733,0.00452937596700299,0.0040320988210745005,0.008341853869589185,0.001141577016710793,0.007075378912910058,0.005395512863408971,-0.011071209882095156,0.007235099335390961,-0.009104959954057157,-0.00014625855506408171,0.004323782251675207,-0.0068903695238739645,0.004993851676684865,0.003276302397693087,0.00019867079154673698,0.003010580341837309,0.006819397613952641,-0.008901696931360528,-0.008208221318261653,-0.0014700468191402524,0.0006095972774774286,-0.01274736664541067,-0.008728764402564178,-0.003509778364341323,0.00014693721411042325
jacobi-1d,0.0005161810546269408,-0.0018399468005857974,0.0006561879856841794,0.0016531034595876311,0.00033367576919166215,0.00010350677572811643,-0.0010046467512135374,0.00027070715132140324,-0.00032735022441556796,0.0009308431931003725,0.0003268918432998665,0.00038758359158540164,-0.0008714154134395358,-0.00023142419346792545,0.0011498626162695777,0.0013224170702945534,-0.000955159850544381,0.0007253633123279239,-6.211877486445398e-05,0.00045590505202805314,0.0002621541403793041,0.0009987519433707348,-0.0007974975610826125,-0.0013245111066983858,-0.0009488989732441647,0.00033049595792059944,-0.000525690040376503,0.0010967655188778736,0.0001437998882276285,-0.0006382158496914295,8.446492767385886e-05,0.000299373690510644,0.00020690992449014326,0.0008068981484332956,-0.0002676284543895235,0.00023523361250757564,0.0011653324693876735,-0.00035284152697083,5.197438510246381e-05,0.0004563028376651346,-0.00039972706096402056,0.0005058924250382309,0.0002831420724570914,-0.00019080972011048896,0.0010956285033292565,0.0003271620857049129,-0.0012027923840226625,0.0007782322723263253,-0.0004581352137392969,0.0008642296059406362,0.00017890638761552206,0.0005619687491465205,0.0008197581895728945,0.0005299054927187778,-0.000496799584167699,0.0002926372579774276,0.0011967688867419687,0.0005745881733067411,-0.0005125641559667808,0.0006172458954097238,-0.0007757069639410475,-0.0002988660523669751,0.0006192502192182777,0.0006375413412873361,0.001188663817053263,-0.00042576687070929135,0.0004081491602088742,0.001043509186714194,-0.0006893950661227185,-0.0007315193493260115,8.677104900319439e-05,-0.0008981525610996262,-0.0020971051425855572,-0.001096514240733389,-0.000177310709568701,-0.0016214315089465952,-0.0005625230774512601,-0.00014364425029877263,-0.0005019403173112854,0.0013934626661163444,-8.360285710296012e-05,-0.0008194211380896377,0.00023833200084482086,0.00241755267464517,0.0007891713406631122,0.0012011824051721002,0.0015861514926352053,-0.0009054341675740336,0.0007897535063420946,0.0007983331405588008,0.0006715541720344239,-5.0905855823657474e-05,0.0014416074003747782,-0.0009162573712501399,0.0019842966399816458,0.0004897665739918011,1.2493410152577173e-05,-0.0006910434573910607,-0.000671667646777981,-0.0010585203821240916,-0.0005758448303216331,7.145112676880672e-05,-0.0008191284433754239,0.000550475490520815,0.0007064045672829403,-0.0006320241617383241,0.00031352333304918525,8.7569469542359e-05,0.0006251066817033764,-0.0006586364994291216,0.000617826529416258,-0.0008796602798004945,0.000975875825164015,-1.4730021477286452e-05,-0.0009094310533934428,-0.0005778837277224132,0.0004436883584882404,-0.00010205737404855124,0.00032417726743005915,-0.0005626980052814664,-0.0003600990655589461,-0.000584840654967896,-0.0002504333498412355,-0.0001838801350762272,-0.0005551076313471034,0.0001727744350470554,0.00030089624833635754,-0.00025029296636300085
jacobi-2d,0.0008123106733670905,-0.002662454367617184,0.0008115784033147815,0.002521597794373008,0.0007974510218953391,-3.6990882378161054e-05,0.0003632177193039249,-0.0011380172918004279,-0.0014971214460827505,0.0019295514140692867,0.0016037152373204453,-9.549201826504128e-05,-0.0017111180730252679,-0.001363999298779556,0.0031869902332759717,0.002612382142249762,-0.0014093688451753017,-0.0005632220495156721,-0.0015976477765818446,0.0016041528999916016,0.0007481282865507212,0.0032056595608530606,-0.0013629856435526467,-0.0023702991617193135,-0.00338907466609623,0.0020031828458722794,-0.002175775819692653,0.0019175245442874709,0.0005868167940956592,-0.0006650104266038544,-0.0002243290658331337,-5.8047617203921626e-05,-0.0009391836007564426,0.0010947395961984831,-0.0007930303865255817,0.0025539153151172586,0.0017862295425946277,-0.0004101963113498641,0.0002515354029690653,-0.00017047198950728384,-0.0019383862880606294,0.00048627187813631896,-0.0007457599277590839,-0.0004937932754184666,0.001242701018617568,-0.00025579876534204376,-0.0015332910863855714,-0.0001730331204083968,-0.0015965863232996348,-0.00014571719156489263,0.0008321658134085756,0.0010871667399414808,0.001301380909801503,0.00010904763143911961,-0.0008628839422313128,0.0008467695215677398,0.00281903328919981,-0.00011382721087975186,-0.001349283412670943,-0.0003312672033072758,-0.0013927342398762708,0.0013374926654145768,0.0013626706490113842,0.00020110341154293968,0.0024195420237767174,-0.00078835696031412,0.0004513181209120778,0.001378939638418352,0.00045312686883856136,-0.002026859001525919,-0.00021248513816381413,-0.0015486699602336755,-0.0039272878045024905,-0.00043347626514282384,0.0005061196036570724,-0.000834439896100058,-0.0015261063170913273,5.590441338682837e-06,-0.0011004213630719766,0.0020723869497099134,-0.0007038603546437176,-0.0015548966914148013,8.639463130154339e-05,0.0031161090126297676,0.0021083067739293905,0.001908160954760329,0.0015925158810049785,-0.0010776963628091863,0.0012123773965356291,0.0007958700956092872,0.00013374189429623355,0.0011963796986625066,0.0020361905624476043,0.0001029822019358217,0.00228618086411778,0.00037052905765138614,-0.0021806850316937213,-0.001051740566080339,-0.0009639736581356826,-0.0016467870879006026,-0.00035091658637200217,-0.0009433124846578155,-0.0015765059197932277,0.0019539238877695968,0.001640655553342528,-0.00018908675913886173,0.0006907293868173486,0.0017923246279505335,0.0023930633657192313,-0.0009134767219597847,0.0014537763957803086,-0.0021679493725950943,0.0003791087342209145,0.0024699930924529253,-0.002106325101476385,0.00011216090209945924,-0.0009339058620140925,-0.0006415077811501916,0.0013641868317516577,-0.0006052159317655035,-0.0016928319098622696,-0.0005847218250604253,-0.0007699386657608483,-0.0002769226383262966,-0.00258213887269476,-0.001528098032011157,-0.0002153570567681536,0.00036833465175969927
seidel-2d,0.0007190004981493566,-0.001973055736350776,0.0007931098035682561,0.0014812152572819192,0.0008534131965639429,0.00012313527089457334,-0.000893684596173872,-0.00043870600323044664,-0.0011718123956838433,0.001510143522665757,0.0010555330106096032,0.00021440854246996413,-0.0007408419574628284,-0.0009812502349454552,0.0010118951422659794,0.0025470785278711204,-0.0011283731464050368,-0.0005940191431311659,-0.0010903956320456427,0.0013600582141375995,0.0003181386814137751,0.0008379933678847972,-0.0009592147427778317,-0.0021657568377749753,-0.0019924454559102365,0.00029664172831255056,-0.0008623477959859548,0.0014310395865699131,0.0006089562588406796,-0.00048366686646084253,0.00041725422828540624,0.0007122586060480293,0.00011158355198273349,0.0007017068155305581,-0.0007041179484369276,0.0012053646627798859,0.001323146843850705,-0.0014358024130359255,-0.000922598000351559,0.0008675636791462887,-0.0016915657440546349,0.0015808691412363344,-0.0005422834256755411,0.0002909394043990165,0.0005642861746853397,0.0012038989909509753,-0.001120145846502494,0.00038911612216321667,-0.0020511397722594695,0.0005765770122853536,0.00016994094888408048,0.000946158721103268,0.0007159267299211097,3.248198872720475e-05,-0.000944869237983589,-0.00032897608972056873,0.00276273556256069,0.0005028573258401258,-0.0011510192760543687,-0.0002788838796078934,-0.0011375653106495457,0.00015068537644786364,0.001593669810449944,0.0007844466142588558,0.001782292240357325,-0.00042287546176371035,0.0004495763111778103,0.0013268369844160913,-7.563833781299261e-05,-0.0010737849272180907,-0.0005336024311256405,-0.0011229410699144509,-0.00240640497866835,-0.0006823424122474577,2.8904351117081864e-05,-0.0017479816937987056,-0.0013981726882064678,-0.00026223429092075593,-0.0006172664865851235,0.001346058851898609,-0.001464865888230069,-0.001957543626126242,0.000658061775538954,0.0028965471231448196,0.0011469137611150463,0.0012210027801709909,0.0008519742367825948,-0.001399014029494151,0.0004770398210329686,0.00057273091881833,0.00030009299120263615,0.00016206152421305552,0.0017198190650780253,0.00032929205202179574,0.0024149241584716778,0.0012650963130961346,-0.0004607531613585487,-0.001749943002313108,-0.0011893737980045998,-0.0013029213140224125,-0.00021540759565862668,-0.0005914841998799539,-0.001264273864281917,0.0006373462120509117,0.0011145115274836105,-0.0014193223168954372,0.00048538836720048303,0.0010023777957052903,0.0018479166739163555,-0.000556148862802081,0.0010967558250688425,-0.0014154453649474629,0.0011579858581736234,0.0008035588213098744,-0.0006512331572845016,0.00043438345934170697,0.0005376947389369638,-0.0006482133504850308,0.0008540886680967905,-0.000621754708343611,-0.00027497371724919127,-0.001410534229480304,-0.00108822209169856,0.0008946039290157355,-0.0025248311682227577,-0.0007924013749372492,-0.0004268874688033515,0.00034638750067883273
