correlation,0.0002239379862562361,-0.00011457336873526831,0.0007557994839245159,0.0002754212887099895,-0.0007022081500556516,-0.001650389911925518,-0.0007243020778619929,0.0008664798752809139,0.0007271997532562205,0.00027520814910531044,0.0017838434133936015,-0.0007643207913803819,0.0004825666179194262,-0.0009891579791560378,8.229030170600469e-05,-0.0010201457886356174,-0.0007603483429288884,0.0007202408788113022,-0.0016421432496587698,-0.0003159339784791595,0.0008099780411851642,0.0010954842605554547,0.000860031618159203,0.0004130795348732806,-0.0009236372028872689,0.0009876622100005318,-0.000794904141098653,0.00012788347176913368,0.0007737443849787508,-0.0006770779574780088,-0.0029610344744900145,0.0005935371618761565,-0.0008315401133394948,-0.0003356266457366904,-0.0002937968881604703,0.0014626839210426336,0.0033666458697744497,0.001654844032600522,0.003169254091948173,-0.0005228951095456356,-0.00036122922105469594,0.0009961156419625407,0.00010744447660583414,-0.0006981458090625605,0.0006063562215881815,0.0009030150464049688,-0.0005583975480955192,-0.0012378114961871976,0.0005590014380255812,0.0006683013175222042,0.0003123328114222539,0.0004058799914721596,0.0011884118706036947,0.0010807343565638324,0.0017663346585131397,0.0010104649753836718,0.0010164467139953846,-0.0008303121767791086,-0.0011448707633749827,4.318936752449525e-05,0.000589515954121261,-0.0009654238666897934,0.000362433627934048,0.0006350418093222144,0.0014614699144945725,-3.59580230188409e-05,0.0012623147418995167,0.00031364061731820633,0.00010015064923975028,-0.0008922955633974389,0.0008001860848085734,0.0008016677091195321,-0.0014575790026260381,-0.00019517149753243613,-0.00024855850681074356,-0.0005196425343839158,0.0004619893795614572,0.0012375857397369384,0.0005897283033271762,0.0024065110942740973,-0.00025593983685355754,-0.0006203147690700318,0.001068874019390358,0.0010972217730197467,-0.00021196196719660963,0.0007543611726233442,0.0018808017209123232,-0.00012097020302654098,0.0008999324266991799,0.000993244699202478,-0.00038315424095153024,-0.00030574878359115437,-0.0009226297100356437,4.7190312455457294e-05,0.0017632357990614285,6.627613555266228e-05,-0.003233205079787264,-0.002459199330156767,0.00045717378318505854,-0.0003352999215406415,-0.0022908870627074258,0.0005895593203604221,0.0010654738074854801,0.0011449973405289807,0.0004065542736115228,-0.0005865207762996617,0.0006638464585289752,-0.0018595611679637315,-0.00047175491865920395,-0.0006981540324264451,0.0002798057417078924,0.00023672364247766766,0.00032748591069034055,0.001083457643672821,2.47661342942401e-06,6.456173172122554e-05,-0.0011168301731997513,0.0016881823784818774,0.0008163486062058885,0.0014945588236993277,0.00021396449148213784,-0.0005824303093265227,0.00030346169028474065,-1.6027621098290086e-05,0.0007354694749473742,-0.0014625298698726845,-8.756607329767001e-05,0.0003860230583660795
covariance,0.0006811552959536331,-8.195639990541774e-05,0.0011301618101747914,0.0002442357541036068,-0.0008498555624909285,-0.0016677970060199085,-0.0005458765727881757,0.0009559959677668909,0.0008732747196012901,0.000211915816180408,0.0015540422132794952,-0.0011233917272572096,4.795350186112854e-05,-0.0006018182903062552,-0.0004484392367077008,-0.000950392946025305,-0.0012410190530418833,0.0006938711416700648,-0.0019502780050970614,0.00011317603962702883,0.0014092304603157875,0.0007521035974302018,0.0011499173851916566,0.00041561790809889015,-0.0012681088361811514,0.001104039594388774,-0.0013301735549854736,0.0001469803860850839,0.0012906738007182463,-0.00041449430217552517,-0.003161635149606607,0.0009895663010865974,-0.0011995634995400906,-0.0005129714690055051,5.186689991710914e-05,0.0011836497530263539,0.0032332777789431727,0.0014663187191925114,0.003167581079954592,-0.00010669660857982106,-0.0005142225596096574,0.0015088301592590546,0.0002200002951819139,-0.000869554260538684,0.0006404751938033667,0.0008598252574706243,-0.0007811559464446165,-0.0013513705958353563,0.0002904834044683311,0.00038525254907047685,0.0005253607903594255,2.3962978351240356e-05,0.0010306107417111183,0.000750746322511178,0.0016474407780656798,0.0012888868578657922,0.0013052633213293222,-0.000922079456763135,-0.0011740039836796415,-0.000366565958958947,0.0005784166634031055,-0.0011745395232638759,0.0002089882974461135,0.0010700165649824259,0.0013089583307090732,-0.000394447824671968,0.0014596168428195394,0.00022335195616405044,0.0004042873139648388,-0.0006625255498672939,0.00047140595213729993,0.0010162108147697938,-0.0018444489728103185,-0.00028958134630051465,-0.00025343804898309626,-0.0007607333003155267,0.0006044034865529587,0.0015358535129053053,0.000544243469549757,0.0024187350386960637,-0.0002874433925575835,-0.000729888061843869,0.0014755386275485055,0.0007384913187706843,0.00014980868905291168,0.00046272047782420285,0.0018568490696553555,0.0001515612271355672,0.0012214324500140112,0.0015056653145519602,-0.00012481208412080177,-0.0007120247682905756,-0.0014618317800341174,-0.00010067560328429358,0.0019218085039432885,-0.0004670127034640043,-0.003293707501143217,-0.002609329062074216,0.0003293026432705422,-1.686279251266064e-05,-0.002072040622200196,0.0010783909189437206,0.0005927219527721819,0.0009582000978601476,0.0006503616136291788,-0.00025565172836650163,0.0006102974455441452,-0.0021214570361836296,-0.0005158018991803854,-0.000859474323482977,0.00045032041089143604,-8.124070073891844e-05,0.00027451560890767723,0.0007693252862534589,0.0004595999392525603,0.0002956139247140123,-0.0007943944688627704,0.00190052892624711,0.001278606314574265,0.0013689270579359597,0.00046534964874606684,-0.0004458154812204561,9.660672124785682e-06,0.00039758466482453514,0.000685885916633803,-0.0012575839613823013,-0.0006163153642167648,1.3898291702692707e-06
gemm,0.0006502755261155673,-2.2459616755238836e-05,0.0012038091250966925,0.00020319955688642545,-0.0007997554720431152,-0.001626146022721918,-0.0005420927514529063,0.0009706928524085217,0.0008403182243152211,0.00017992987219865123,0.001514957464274226,-0.0011047768267518324,7.238675283992456e-05,-0.0006096810328825894,-0.00041520020547775656,-0.0010344649765304187,-0.0011891183587269755,0.0006787347002601665,-0.001890823885332793,0.0001411865814588964,0.0013079538443384485,0.0006589115509996191,0.0010693358397272984,0.0002950827779891875,-0.0013063337859320098,0.001060060736361063,-0.001331587237978561,0.00017281703508665992,0.0012508809256056945,-0.0003926350618712604,-0.003049374579050992,0.0010791895070320202,-0.0012854688878481586,-0.0004906727879440748,0.00014061931384882578,0.0011268339779538412,0.0031152069908178723,0.001535700575914234,0.0030256965417518383,-8.254508267984622e-05,-0.00042826547966493916,0.0014980454798205756,0.0002322097983172474,-0.0007758362141127387,0.0006912553562870016,0.0008710856523571743,-0.0007211788470158353,-0.001348609557478792,0.00029644339843394444,0.0004312384981959541,0.00048356152304525796,7.87408062024042e-05,0.0010101576465078527,0.0007163139105412281,0.0016682121721613738,0.001256348304903238,0.0012076191099671025,-0.0008047999904697968,-0.0010973366798781273,-0.0003743742159309073,0.0005903655797333664,-0.0011844928869524868,0.000246339057210005,0.0010836743208023512,0.0012936829977358382,-0.0003946265302753697,0.0013814894690666632,0.00018575768384228772,0.00039361421497435204,-0.0006914245410977552,0.0003944780114074496,0.0009438228155179078,-0.0017779620793589856,-0.0003321257033045792,-0.00018749179515806545,-0.000752642873622891,0.0006709626630052096,0.0014438341929942705,0.0005056685962093374,0.002346121699600998,-0.0002577619889052585,-0.0007058313737312952,0.0014573667867807671,0.0006945106530717263,0.0001891412636420379,0.000436063231770984,0.0018555122983848883,0.00021344686683733016,0.001203127814430142,0.001429972335851441,-0.00018219987072774934,-0.0007188798820910355,-0.0014735474623092967,-7.908792192918352e-05,0.0017820002427065952,-0.0003999607189244772,-0.0031846658481905856,-0.0025414635795944682,0.00029851161848960654,-3.3318469730956065e-05,-0.0020573521906044334,0.0010137979552382603,0.000655252240701682,0.0009727463701791647,0.0006356384013391411,-0.0002262406051158905,0.0005615724431764749,-0.002155502080212399,-0.00047414953021668934,-0.0008078851743549523,0.00040689137191899743,-1.4665779114390412e-05,0.0003212262236047536,0.0006913441670298602,0.00038480371262671217,0.0003223172582996388,-0.0007776147023024452,0.0018187924094187717,0.0012469026227740364,0.0013597674680770272,0.0004741672738519911,-0.00037930525084246055,6.293149797582171e-05,0.00038142723840590205,0.0006643865502458842,-0.0011753009554619591,-0.0005061961839803391,1.9891733245458454e-05
gemver,0.0006441077590958836,-3.8425403343151425e-05,0.0011272558509113474,0.0002270017260646758,-0.0008171021197793178,-0.0015940442260923898,-0.0005198007695273393,0.0009207912921232895,0.0007601573791665336,0.00021810739094184505,0.001476778637879761,-0.0011050153649800147,4.322585947294202e-05,-0.0005570762409155981,-0.0003952174120058771,-0.0009942152133185624,-0.0011649836730308987,0.0006685778660337544,-0.0019092423737876946,0.00011013236750538151,0.0013230132244643755,0.0007095310009188122,0.001065471531344681,0.0003688997408567553,-0.0012485754563790073,0.0009985917543720764,-0.0013410932960040453,0.00014033897686102946,0.0011814397908488496,-0.0004136591192541851,-0.003055513854229098,0.0010028812509719704,-0.0011903075760023461,-0.0005143587186466902,0.00012879230780526996,0.0011027369085544099,0.0030861944897979912,0.001448330792805387,0.002985903225231191,-3.301260423743063e-05,-0.0004357151839131903,0.0014310675146084072,0.00022411624013329856,-0.0007565577915455732,0.0005926533667661715,0.0008987442682458399,-0.0007429425733991795,-0.0012995149720356697,0.0003096108784019533,0.000413239911722485,0.00046204671283097315,0.00010166242201295163,0.0010282036285692204,0.0006611485150642693,0.0016263925224646097,0.0012781676042423998,0.00118877403696792,-0.0008292848813450999,-0.0010886656133758759,-0.0002946918959625893,0.0006016725593427611,-0.0011387555989333326,0.0002247424725080944,0.0011073116960081582,0.0012718455012266834,-0.0004279838014756226,0.0013851023714879476,0.00018521140575305454,0.0003748081152379099,-0.0007047895859513017,0.0004207656012214203,0.0009696411822612087,-0.0017631453989047764,-0.00034906144567988423,-0.00020452856430589841,-0.0007626942129314153,0.0006053508615069506,0.0014279480043721076,0.0004907668594063984,0.002314438273768044,-0.0001984127463098654,-0.0006808899015595671,0.0014309132699660647,0.00074313399980181,0.0001693669877972247,0.0004786968282941315,0.0018029029920904173,0.0002083107829093933,0.0011712718414350497,0.0014142715307469997,-0.00015224271272826527,-0.0006872967876713827,-0.001420057918747059,-5.204704858543765e-05,0.0018028273027286762,-0.00039483201787030947,-0.0031850111360351243,-0.0025139897010780666,0.0002652885935579737,-4.7644135419331076e-05,-0.0019808227435633955,0.0009928649039162944,0.0006647038260578281,0.0009809357191746433,0.0006083304219323003,-0.0002518776293274843,0.0006153906126403146,-0.002064069579420094,-0.0004384453277452849,-0.0008366176932920805,0.0004009661044821971,-5.3849698613501256e-05,0.00032599599540440575,0.000694266128347307,0.0003606121624923415,0.00030904767400999035,-0.0007767968216083116,0.0018356640098823442,0.0012042761825594222,0.0013438907642719438,0.00045777446818343986,-0.0003810522013938882,3.332612848478473e-05,0.00039854991357262607,0.0006531042527058162,-0.001148382609244436,-0.0005379592281921456,2.5964696962748552e-05
gesummv,0.0006494029370919128,-3.112939804042172e-05,0.0011337537402545826,0.0002097669979169344,-0.0007939782501327702,-0.0016408822460410495,-0.00048297564111029107,0.0009585821858814193,0.0008151565270964056,0.0002793232625764277,0.0015670730333820554,-0.0010864334488158217,8.267668373365369e-05,-0.0005976235730082004,-0.0003728582472351465,-0.0009947921531016214,-0.0012043089033492531,0.000643396851955913,-0.002002971602552053,0.0001599081054640313,0.001335837300252428,0.0007346473139477894,0.0010258749943103693,0.0003344981740964512,-0.0013062911655449877,0.0010050878239174683,-0.0013933094192503227,0.00016096027199334154,0.0012878267185038163,-0.0004273001751345065,-0.00313685243923424,0.001036383794219849,-0.0012462510914903963,-0.0005467196343084248,0.0001029808077469675,0.0011960272192178916,0.0031978810697587,0.0015031370114431614,0.003127532828431059,-5.843243949736158e-06,-0.00040075428357037407,0.0014589703892448193,0.00030970603347668657,-0.0008192892225148777,0.0006064911991011791,0.0009506911851025911,-0.0007644210709258914,-0.0013670533856687446,0.00035168569593224674,0.00041658743187629926,0.0005375884833887944,0.00016779173488935662,0.001086411819819154,0.0005994440612590148,0.001667894240300585,0.0013329859583690348,0.0012857277728875892,-0.0008506724391029113,-0.0010490477879001345,-0.00035439672905744775,0.0006272639269203258,-0.001219735226186458,0.0001527426389252974,0.0011824458439756806,0.0013417502211975968,-0.0004438505218584194,0.0014843216211172855,0.00022635659196465794,0.0003146884749488284,-0.0006949454740000268,0.00044736943709722254,0.001013191443538138,-0.0018127393431086603,-0.0003086070998203165,-0.00015371636658932807,-0.0008478934048778481,0.0006136639114831471,0.0014654252776785546,0.0005986637325905678,0.0024678738619614807,-0.00017461435143357247,-0.0007909357837989875,0.0014089441048983848,0.0008004089678353113,0.0001844263715611305,0.000526994589664456,0.0018853862679356502,0.00024821037691759155,0.001278631708878998,0.0014505421697524274,-0.0001383245528106474,-0.0007055978931020945,-0.0014555130829750043,-5.790727623712478e-05,0.0017819519012442066,-0.00041617876013333444,-0.003285344968187726,-0.00266438690919636,0.00022491572761080332,-6.474254850117076e-05,-0.0020358219949735534,0.0010785262048658398,0.0006777689333022055,0.000997147516399208,0.0006356482966414964,-0.00024074539315835055,0.0006731984936373516,-0.0022103726268041,-0.00043194493870638934,-0.0008001787387507244,0.000452144175748496,5.0024582176572745e-05,0.0003450619034184557,0.0006747355691913981,0.0004130313916700996,0.00027465890161693096,-0.0008603247636832142,0.0019246006753140439,0.0012479751991728942,0.0013517567874967223,0.0004677506339147739,-0.00035950731216871645,4.214730658228897e-05,0.0004449200164850077,0.0006387278800603882,-0.0011402093449659231,-0.0004920629305868513,-2.4979494305120575e-06
symm,0.0006500535896015612,-5.808631410925753e-06,0.0011670217055426394,0.0003136126510475555,-0.0008447358430001057,-0.0016557055641897023,-0.0004340341612179246,0.0009858341557749857,0.0007780042522224701,0.00020151603126174046,0.001517543640754108,-0.001112060102362496,0.00010529214503347046,-0.0006228874861133388,-0.000354276595822335,-0.001024556362406454,-0.0011408200706581636,0.0006652999129275688,-0.0019218092460909651,9.148268468884958e-05,0.0012879525869114634,0.0007657083996390509,0.00103937680432864,0.00031053628774518275,-0.001251037359907059,0.0010069817880220297,-0.0013077373538787167,0.00021512881762141155,0.001286725238767556,-0.0004226297864483462,-0.003086927050996261,0.0010878739659448103,-0.0012518629082478583,-0.0005522550006086627,5.8878984418697655e-05,0.00112407347963502,0.003180206687021483,0.0015080711778460278,0.0030590313941098023,-7.642947214966019e-05,-0.00039389699425858754,0.0014616418516703157,0.0003009973499704049,-0.0007680378492093749,0.0006542685839829372,0.000929182139872056,-0.0008156876558334463,-0.0013390770602402175,0.0003556488194994421,0.00044970084046427574,0.0004889407670513416,9.705926155826698e-05,0.001025363861117512,0.0006815600241275711,0.001659429845555375,0.0012183137611524824,0.0011849657684150669,-0.0008691761306383543,-0.0010979663935965316,-0.00035475383629091084,0.0006309632735792547,-0.0011961336430330346,0.00019706708068648973,0.0011113951388526605,0.0012804033532221285,-0.0004674754438585498,0.0013469784176373247,0.00020319722049559155,0.00036918863447176083,-0.0007025061705563632,0.0004379285811511282,0.001016956446215368,-0.0018358660244201827,-0.00031075316615493246,-0.0001492225585227263,-0.0007752064686630749,0.0006322402526469281,0.0014340014132206609,0.0005344053012474129,0.002379610600958889,-0.00025021711573774356,-0.000705612558956798,0.0014390775169077744,0.0007192576481934844,0.00019810910816886462,0.000492634448973048,0.0018754715921305534,0.00023698921884513565,0.0012556634246720932,0.0014560862408769834,-0.00017351138133866092,-0.0007090426831079336,-0.0014387252578874016,-2.5836564115403842e-05,0.0017812632544923367,-0.00035028936377380485,-0.0031701393373724488,-0.002575106808863994,0.00026708686103423435,1.2942862465731903e-05,-0.00200933542348341,0.0010494316601479012,0.0007024260606461515,0.0009787565989730258,0.0006225009096346588,-0.00026166224173114944,0.0006382998641735563,-0.002108572696872418,-0.0004478440241655335,-0.000769005268618154,0.00046556259945241944,9.815525522248612e-06,0.00034073362540867593,0.0007316087002335633,0.00041739655555122427,0.0003218277512739102,-0.0007592246911372058,0.0018683737208549348,0.0012159600705167071,0.0013094285402783295,0.0004957273065681673,-0.0003619136759880348,6.719879497217739e-05,0.0003798145539298679,0.0006961234871091114,-0.0011926262199671732,-0.0004857606060492496,1.4296949504771166e-05
syr2k,0.0007009334607977911,-3.3244915054334946e-05,0.0012024036041111685,0.0002965720931469049,-0.0008870841799459109,-0.0017157893841310095,-0.0005077355502483746,0.0010058812557771388,0.0007704500070152184,0.00014660125210260352,0.001522237540080419,-0.0010777044743816885,1.824900391511619e-05,-0.0005483490353476049,-0.0003308514021935278,-0.000999724626631683,-0.0012045630194026874,0.0006854043878977083,-0.0019797535626114244,0.00014456845625924566,0.0013847809548476813,0.0007486148937864022,0.0010943741346838782,0.00036867591592858336,-0.00122939651959718,0.001075625642746066,-0.0013323112669038689,0.000216360264554775,0.001235937744948185,-0.00045217229570779536,-0.003120801175504716,0.0010169923125431524,-0.0011195243957142036,-0.0005608730186597515,6.548676820885803e-05,0.0010946327949770624,0.003207389653349916,0.0014601076707347399,0.0030526224420302445,-1.2541361178995834e-05,-0.0005278054304653779,0.001518442635844824,0.00027656327074510045,-0.0007847433896838791,0.0006074698254047285,0.0009132572934807589,-0.0007973483799206507,-0.0012707781829198615,0.0003650857607782301,0.0004407697997521609,0.000465372414004782,0.0001182517201717322,0.0010377104174242252,0.0007375322424599694,0.001622578879404399,0.0013354163545752978,0.0012235962656430071,-0.0008999505597684118,-0.0011152017215055013,-0.00030579837039113045,0.0006116073378103061,-0.0011885926222829665,0.00016442149838743111,0.0010886336878886344,0.0012852860543514704,-0.0003934139288806667,0.001433850696457739,0.00020482444152649905,0.0003586469651458578,-0.0006649378111534235,0.0004594763199242556,0.0009797036137671159,-0.0018063993978406263,-0.0003812270578136021,-0.00013959076063151265,-0.0007281723891436639,0.0005785506121659031,0.0014437916198630774,0.0005248996442080372,0.002316959218458376,-0.00024099389328411134,-0.0007494988769596805,0.0015036909507115423,0.0007318712127420844,0.000104764178104233,0.0004688932482774059,0.0018120205463168935,0.00021295331276228858,0.00118140801229553,0.0014685302739962935,-0.000192481361510646,-0.0006633202525942276,-0.001425482800793058,-2.5870193591496598e-05,0.0018209990586102423,-0.00036588749245917523,-0.0032252139677034896,-0.0025783554592635483,0.00033162852115411725,-3.966880507909486e-05,-0.0020944623085799524,0.001049837191304606,0.0007267200109911048,0.0009814209253009823,0.0006061663670051429,-0.0002416198193613026,0.0007017975569599204,-0.0021091984300356773,-0.0005083748445839672,-0.0008451048860378149,0.00044995241074098483,-2.8091935544378226e-05,0.0002819833090244275,0.0007264118984393361,0.0004920505905627377,0.0002710305432426847,-0.000793235338480574,0.0018328589244952633,0.001237251708516851,0.0013070980090156405,0.00045347972566863365,-0.00043613652623106545,7.465105247522135e-05,0.00035401227250986267,0.0006686479240064122,-0.0012089773630982058,-0.0005254219156793422,-1.3254610368878477e-05
syrk,0.0006618937139945854,-3.1365307222586125e-05,0.0011548088295967318,0.00024247160278415927,-0.0007457393431751472,-0.0016203345908757506,-0.0005165814654901624,0.0010218817559588286,0.0008327193500008434,0.00024173790006898344,0.001530906596649907,-0.0011806549559373201,7.320504907208185e-05,-0.0005717685853596777,-0.00039138552185451973,-0.001076372306367072,-0.0011701540618863266,0.0007060772930142573,-0.001946095015025801,0.000129378006224417,0.001331243314780295,0.000675640468317498,0.00104592204014706,0.0003226164505273725,-0.0013463300484646526,0.0009902672382951197,-0.0013493683363776654,0.00020188832826938273,0.0012180422232227607,-0.00036159652841484384,-0.003068814767175354,0.0010807372503525887,-0.001280973856208018,-0.00047516599587045977,9.386042721517797e-05,0.0010938138810969475,0.00311377969046589,0.0015260458458214998,0.00308226770559688,-7.210151913265388e-05,-0.00044811370510918397,0.0014983626638746096,0.0002397854255428279,-0.0007972753697281911,0.0006182369626230866,0.000871593289452398,-0.000725055722189912,-0.0013029802066739649,0.0003316383614825706,0.0004552804695979123,0.00045236555888550356,4.7557856305502355e-05,0.001050115271937102,0.0006892064686528303,0.0017276336584473029,0.0012699939017895507,0.0011995075037702918,-0.0008472347334544691,-0.0011255730753166266,-0.0003059660957660526,0.0006224796864747381,-0.001159836914060482,0.00021356088432690335,0.0010929445545318434,0.00135491177206859,-0.0004505082049743376,0.001353785561756619,0.0001950226384603108,0.0003969625653957741,-0.0006961802913186451,0.00040404734722364485,0.0010352160647420937,-0.001787925749845777,-0.00035953001598601177,-0.00018768596338405687,-0.0008304436665235294,0.000703196131831242,0.0014874563696341487,0.00046565064500706893,0.0024205955042917696,-0.00024265990557776403,-0.000719080264995379,0.001412530674871151,0.0006919931596106229,0.00020334034828313938,0.00045132888610371284,0.0019296380536009867,0.0002146055081134869,0.0012175809194256242,0.0014588668838971192,-0.00011405556708470815,-0.0007740685561859411,-0.0015370994353563422,-9.605262433372748e-05,0.0018411533674225211,-0.0004317892655510352,-0.0032727008058120394,-0.0026373851999071324,0.00022890208250222108,-9.934399309309407e-06,-0.0020536950000354815,0.0009674824412084288,0.0006507915030750963,0.0009719902138587915,0.0005955323253551291,-0.00023820998548116122,0.0005333464683240487,-0.0021466615516045648,-0.00042654513284408796,-0.000793391804715308,0.0003974478628758031,-4.546279605064127e-05,0.0003749771777721536,0.0007372886245017677,0.00032871080070940987,0.00035795489869390923,-0.0008404679683735594,0.0018998337295165078,0.0012583376697471573,0.0013544374313722882,0.0004439842966045641,-0.00037089747840784385,8.055109275220375e-05,0.00042172244012464135,0.0006970316915410674,-0.0011216614511795342,-0.0004839212763019734,5.896468064747751e-05
trmm,0.0006168474711658847,-3.92267474025074e-05,0.0011207188217667863,0.00022952861197861947,-0.0008075593860768196,-0.001626267473006414,-0.00045943793763096136,0.0009517646459345189,0.0007383461537150046,0.0002523725496656779,0.0015311709503293969,-0.0010728085714314755,5.439807298696703e-05,-0.0005937157677383058,-0.0003724910450020818,-0.0010251415143203405,-0.0011265297980571631,0.0006957917179938199,-0.0018799122707504365,0.0001038473823832141,0.0012985974406344919,0.0007123926544510242,0.0010418157675707738,0.00034060997121640766,-0.0012401596302677514,0.0009840441489359364,-0.0013279944671214456,0.00017719699503181296,0.0012588338092124711,-0.0004227905366052356,-0.0030638384034520844,0.0010409951692054165,-0.0012299208449096316,-0.0005178095032331637,7.801557270189126e-05,0.0011167186926791652,0.003119114453309319,0.0014736548505930437,0.003033853164298408,-6.79020239557657e-05,-0.00035940812894194905,0.0014593140771871225,0.0002549111227886493,-0.0007782327852004932,0.0006265202813564327,0.0009133189014391974,-0.0007847199505906448,-0.0013379238694647534,0.00034102625472264155,0.000417373119691749,0.0004991616571917095,7.598932845414513e-05,0.001035777822835371,0.0006598077129132838,0.001665385165122441,0.001240681628890646,0.0011603713953971034,-0.0008759515411737892,-0.0010590471340239877,-0.0003250487498007715,0.0006585895130734167,-0.001160576904819916,0.00019721683929674327,0.001133364308366759,0.0012608995829294953,-0.0004627737928078406,0.001359712452439352,0.00022018590647753121,0.0003727519425511774,-0.0007196773335130678,0.00042403034886875603,0.0009805351534547906,-0.0017744504002621397,-0.0003403753247160542,-0.0002033166141094019,-0.0007667924251614346,0.000611545521274416,0.0014383202296307394,0.0005170399995727672,0.00238656101282686,-0.0002389780654286571,-0.0006970734547293331,0.001399488432273049,0.0007394516530136267,0.00021035610431378396,0.0004693277846349196,0.0018697591407948898,0.0002028915364967866,0.0012526714096262974,0.001435493878994344,-0.00016232461590940753,-0.000721700774900253,-0.001454592503756026,-5.690735835944199e-05,0.0017899583536846978,-0.0003920674140924045,-0.0031666591660016114,-0.0025549804009238463,0.0002616975301255782,-1.6616003348543827e-06,-0.0019786606943752202,0.0010414683428179058,0.0006765302322391006,0.0009449065255466849,0.0006138727589536251,-0.00023118744462004138,0.0006119205888050298,-0.0020974981186251775,-0.00042027218619801313,-0.0008029512892891136,0.00044263988739759143,-4.194916174229648e-06,0.0003416519886943408,0.0006874144799237709,0.0003732627147756931,0.0003103191524537073,-0.0007687396896977185,0.0018682004916222973,0.0012167793336427873,0.0013226483974398838,0.00044840753232872684,-0.0003429796088312287,2.1501724202405763e-05,0.0004034073360041172,0.0006307229889191351,-0.0011688274551286465,-0.0005122825774985055,5.498136387258354e-06
2mm,0.00067441126136853,-5.688552563596103e-05,0.0010967914454845919,0.00024544429066332266,-0.0007812959213171982,-0.0015893414513104493,-0.0005136938869125313,0.0009590655908040288,0.0007616489860487895,0.0002203418310576429,0.0014699305368897815,-0.0011266934323228067,3.313543210323486e-05,-0.0005583930033026263,-0.00038361286230307695,-0.0010009523377650315,-0.0011341381982169373,0.0006821875867899507,-0.001900252058274216,0.00012081650008137028,0.0013350984020992958,0.0006890723517345679,0.0010696834207111453,0.00036626218530323566,-0.0012400723608152475,0.0009863633458735421,-0.00133064175153979,0.00014449401270313602,0.0012067604725921734,-0.00039996647198374075,-0.0030370690882490533,0.0010357996669275356,-0.0011613753934701283,-0.0004898390557678391,7.98494454809568e-05,0.0010741398307598298,0.003098053398490366,0.0014545577060845164,0.0029784372535585943,-4.359357343572709e-05,-0.0004285702889319509,0.0014309007140885417,0.0002406355383249724,-0.0007752957947862645,0.0005692541401205946,0.0008546823454606864,-0.0007552844278203944,-0.001289057972220083,0.0003109453811905243,0.0004204403430776438,0.0004581250193748727,4.670208565787309e-05,0.0010248715180851934,0.0006945063618736134,0.0016333023846123575,0.0012581894083672927,0.001190145635822167,-0.0008737370436493722,-0.0011022408295199664,-0.0003029795027234488,0.0006121409427982548,-0.001128451066809551,0.00021675993209808238,0.001067633529601153,0.0012561509728483441,-0.00043218403960862715,0.0013749297747078042,0.0001919358554813597,0.00036539857521549694,-0.0006881438215107968,0.0004209799683141884,0.0010001224749834768,-0.0017460440930234552,-0.00033265769666791637,-0.0002106292736748906,-0.0007559452270571557,0.0006060105450968775,0.0014311271297628991,0.0004587127898250603,0.00231083952045689,-0.00023887486087106582,-0.0006836273004308976,0.0013956189161237692,0.0006794164971021625,0.00017724329841762988,0.00047066395765998296,0.0018227350535906022,0.00021527928442487286,0.0011732525537000685,0.0014511484898523325,-0.00014189104290886057,-0.0007075053201535613,-0.0014410637927034663,-7.967758089459191e-05,0.0018055826739226985,-0.0003932850499445016,-0.0031629570164821213,-0.002513644471441189,0.00026558911324375204,-1.4575497415434154e-05,-0.0019511537037841561,0.0009874113990614812,0.0006430189371005528,0.0009241038965733929,0.0006149267460892184,-0.00025906989564343047,0.0005864714718579004,-0.00203245919450031,-0.00043517729500308633,-0.0008131978247547522,0.0003983822922843198,-4.74547010122074e-05,0.0003371896843115489,0.0006988451750657987,0.0003795264152965198,0.0003123222300524099,-0.0007826009888150212,0.0018423826550133526,0.0012110844480856839,0.0013348809524258184,0.0004556002507645947,-0.0004049206534217673,2.7015989770815293e-05,0.00038221741164711095,0.0006771836184877126,-0.0011257317770893376,-0.0005299924846945538,5.933693480781383e-05
3mm,0.0006084100767860518,-0.00024368046604863862,0.0009733936492600204,-0.0002122169963138945,-0.00045482687282321206,-0.0014480306400561378,-0.0008878427461775787,0.0009658117333481856,0.0011579311548677437,0.00019742884700570037,0.0014608556170167182,-0.0010506972697946954,0.00025611243429867663,-0.000831427177592345,-0.0008742734488110085,-0.0007375675982877831,-0.001238505556316608,0.000860722952946911,-0.001744045054211336,0.0002590481616447077,0.0016627369315007374,0.0002658147320343072,0.0014221818770131316,0.00018417557485276228,-0.001380284102197038,0.0008899973095942507,-0.001541312359383001,-0.00028581215455607674,0.0012136954533429269,-0.00017177421079181572,-0.0031842068813549462,0.0009862267641651938,-0.001153202645261498,-0.00014698173778443188,0.00040850127355524283,0.0014841598629787127,0.002960880158592344,0.0013854123775244637,0.0028184194987475432,-0.0003374338985475547,-0.00021562124568256824,0.0014547898163608112,-0.00017579501025680015,-0.0009165778276784455,0.00050296248317703,0.0006845172568265459,-0.0003285488432191093,-0.0017849148066221353,-1.44634344478083e-05,5.7410987638457516e-05,0.0008640579737188733,-0.00018843518987791066,0.0008181405171532841,0.0008055297572247903,0.0020692085912314188,0.0011413492217851693,0.0015836101203389903,-0.0006068427910042159,-0.001310765596880468,-0.0007022093495299272,0.00021382319391705096,-0.0010004654665381702,0.0006775402683107292,0.0007278684009660912,0.001092323410215185,-0.00023356948376578444,0.0018970072226639947,0.0004359902933869949,0.0005753161488374805,-0.0005728502155226819,0.00037373187061508787,0.001031847380064017,-0.0016836758849796537,-0.00012313317005036343,-0.0006554572417585672,-0.000589542428154827,0.001021754020578502,0.0011790129496255437,0.0003679946530610323,0.002078247835229644,-2.986399468842565e-06,-0.0004257083413476186,0.001464255320677373,0.0008208997563034406,0.0006248934998224928,0.00052574894952533,0.001821514852481949,-8.033975609578192e-05,0.0009216008365910966,0.001334949625957319,6.288627628237009e-05,-0.0007093735895229175,-0.0013781294332789805,-0.0003707457138208316,0.0022133740901207444,-0.0005574123111621113,-0.003353849073926754,-0.0024368213044534274,0.000653017993660315,-0.000357136463315007,-0.0017884078997132532,0.0010512354646754615,0.0005803558194790693,0.0006891102803980603,0.0009921767135999877,-0.00039945498643004717,0.00016410925480372766,-0.0019214609637856483,-0.0003070509607342127,-0.001151408305090359,0.0001475280940426541,-0.00012493541340946276,-2.8672492857474616e-05,0.000675063168968978,0.00029665421050808886,0.0003988756661248558,-0.0004598717376425424,0.0017924648641115602,0.001229330205687267,0.0018487267379361369,0.000488754255724523,-0.00039830403094289493,7.964564429130405e-05,1.5570143552716164e-05,0.0008022080726411385,-0.0009327483267578133,-0.0008700157050043344,0.00035359325685182255
atax,0.000616320562103818,-0.00026171816845068377,0.0009685476577621611,-0.00019943683839622229,-0.0005125241997816107,-0.0014669996795847135,-0.0008527573321343345,0.0009684737682726015,0.0011696040678276297,0.0001723741537288708,0.001458870227318531,-0.0010508423352696221,0.0003266845939352232,-0.000851597506826853,-0.0008703509755672284,-0.0007210393463644912,-0.0012497835645369965,0.0008442949431756621,-0.0016873325563638525,0.00016599929179338848,0.0016456217426286243,0.0003058721777051687,0.0013836895792765597,0.00017602564473824766,-0.0013230166916721774,0.0008712990897680249,-0.0014763588517192094,-0.00028415387479232293,0.0012939796057146262,-0.0001254567794282647,-0.003160234898506828,0.0009956396963175125,-0.0011503021335503196,-0.0001580444705348996,0.00037097758853205424,0.001487792404505479,0.0029575991998974454,0.0013891209245604627,0.0027932841604685083,-0.000398714653462829,-0.00016335265621926417,0.0014160674079047406,-0.00014153116567553405,-0.000880175907000461,0.0005236340061588528,0.0006462212417425369,-0.0003818295329384615,-0.001825443044414415,2.4930760606794673e-05,2.2329363941132804e-05,0.0008878335219753139,-0.0002470818957697381,0.0007377421442309723,0.0008039466663510265,0.0020414922790437497,0.0010592348750351982,0.0015769102405208874,-0.0006264573483563521,-0.0013449002401423914,-0.000752266770338311,0.00021818831224021886,-0.0010152324530816473,0.0006576107390334501,0.0006475161678869935,0.0010781478691462647,-0.00026260045620694975,0.0018123609556556296,0.00041710430934258243,0.0006158385281998883,-0.0005922244231709663,0.00039167744526981976,0.0010314534263349796,-0.0017580469922155745,-6.145280113902546e-05,-0.0006653378899072242,-0.0006028325142859317,0.0010121553650071077,0.0011487846911811229,0.0004277674974325825,0.0020753161721479368,-6.273016344279954e-05,-0.00042084455194794023,0.00146404789559122,0.0008131640583194573,0.0006551012411364354,0.0005552704918526989,0.0017944695462253602,-0.00010523876271155827,0.0009568976867526277,0.0013502292465144658,4.979620537008433e-05,-0.0006490746317842208,-0.001338492675773416,-0.0003151240962324664,0.0021996223350630745,-0.0005278621860377505,-0.003280742299359511,-0.0023917659658336025,0.0006284692071323447,-0.0002866449208608281,-0.0017479741843143368,0.0011049321174676366,0.0005497164161437575,0.000637012961841024,0.0009579266351305277,-0.0004098546581671518,0.00014435160247718587,-0.0018986963944317883,-0.00034010960456833025,-0.001085460725281497,0.00020275520150522317,-0.00013666854733053376,-3.93889272612903e-05,0.0007348312582882285,0.00031549700960407364,0.00043028702630716213,-0.0004309230049222927,0.0017932861844789894,0.0012078128981075304,0.001795981401194106,0.0004965064465924276,-0.0004121375403723077,4.7690664787831553e-05,-5.386795879423838e-07,0.000802335790307124,-0.0009735589470330845,-0.000905928756658207,0.0003535036136300358
bicg,0.0006445639025033041,-0.00025239945064052283,0.0009653351016287856,-0.00017550660841687417,-0.0005077713045894223,-0.0014678444884553114,-0.0008076216190067284,0.0009715439484673826,0.00121036046937875,0.00014226184815497082,0.0015075202733415233,-0.0010594349107978975,0.0002963805043905535,-0.0007851079109754852,-0.0008074837754547308,-0.0006443331632694668,-0.0013277328552623443,0.0008284728580346221,-0.001766124486868434,0.00021524337010786813,0.0017033454684732372,0.000377495024996974,0.0013893463679671507,0.00018750571218654788,-0.0013802098889273645,0.0009149874668390326,-0.0014741617967100704,-0.00025406201551531385,0.0012664668371572213,-9.948500733384314e-05,-0.003235961029799107,0.0009191381806672058,-0.0010903812534011463,-0.0001760262153659235,0.00031038614414522755,0.0015177302582956413,0.003061417108470136,0.0014058846898157807,0.002896778970299398,-0.0004429769777583287,-0.00025664412019336046,0.0014718944602303535,-9.007880298133172e-05,-0.0009481475126984365,0.0004912789779208491,0.000668967782985419,-0.0003675014869419529,-0.0018524861062520787,5.628355874625199e-05,-2.2410451064762822e-05,0.0009616405852070517,-0.00023927555508528124,0.0007568227045018883,0.0008094320998198408,0.0021070554041002386,0.0011051826261203079,0.0017048430745489895,-0.0006663861807764453,-0.0013863538312280604,-0.0008126916637753739,0.00016531003348063678,-0.0010735866231056314,0.000594845791484284,0.0006163284560898319,0.001111180319532971,-0.00020901889793629593,0.0018967130447837168,0.00046112305597703466,0.0005572142339695026,-0.0005254020421382259,0.0004707603845471407,0.0011207536693237832,-0.0017970892896461439,-1.4265208258567487e-05,-0.0006532507579643553,-0.0005506021621198777,0.0010397673536585096,0.0011840414149981585,0.0004421069546986152,0.002099169832517338,1.5631566330900087e-05,-0.00044974641744321324,0.0014646675977821682,0.000824272952741012,0.0005907758972812992,0.0005275048829122063,0.001831873131724184,-0.00015413451268721153,0.0009457332209208022,0.0013739435560316505,6.962477517149905e-05,-0.0006456747946418438,-0.0013750441071084317,-0.00037952540729105854,0.002311842017019551,-0.0005455294089830097,-0.0034291906939709887,-0.0024658406618982553,0.0006483631578328855,-0.0003390351904432892,-0.001788023129954715,0.0011293001692084706,0.0006001306430655805,0.0006625485702363007,0.0009748171030557441,-0.0003801986818229232,0.00021983085282366066,-0.001904351098346524,-0.0003778319591861766,-0.001131909284809166,0.00025345466907738764,-9.329449933241395e-05,-0.00011390308431787965,0.0007569875478485996,0.00042618978220750303,0.00043775191914071054,-0.0004859366646782933,0.0018375083660323393,0.0012431859435951885,0.0018141518949585803,0.0005365548726438326,-0.00039299164884997644,9.661797016366002e-05,-3.584695257493021e-07,0.0008674734841299462,-0.0010067642399329035,-0.0009304109501981121,0.0003632908671587596
doitgen,0.0006575349132831701,-0.00026967363545041094,0.0009962065789081594,-0.0002352477133493213,-0.0004775040296782904,-0.0014677556687007274,-0.0008581583593588541,0.000981666298364015,0.001229859727626557,0.00017686448101063862,0.0014923209673725069,-0.0010664724121691987,0.00033378231626770953,-0.000866798173827941,-0.0008788236007282702,-0.0007245976714116029,-0.0012887319522526335,0.0008568912641802693,-0.0017041548511342092,0.0001890897161929923,0.0016735364984282676,0.0002951270469245227,0.0014119270841440406,0.0001485219491929884,-0.0013732304668177247,0.0009086994447416681,-0.0014908206306726618,-0.0002791276612483403,0.0013584280455046717,-0.0001014808555791045,-0.003201551894616226,0.0010415717603310065,-0.0011808928787050879,-0.0001312657365334042,0.0003395532463293742,0.0015031518996693194,0.0030347590218298137,0.0014646752422456356,0.0028669385064858943,-0.0004318266120903632,-0.0001389192492591546,0.0014546224907355603,-0.00012382558591472094,-0.0009307719438391574,0.0005451835061060538,0.0006408192943233778,-0.0003617951468400219,-0.001907977381693747,6.762045599958476e-06,2.8254987281637593e-06,0.0009398786761962316,-0.0002771622847135672,0.0007322642349583261,0.0008321605068083634,0.00209310426554807,0.0010711143481517758,0.001645615673623979,-0.0006541754803894198,-0.0013668466032386811,-0.0008314181810847539,0.00022579762940842877,-0.0010570546000963077,0.0006654865745290675,0.0006554680474116193,0.0010945068857194308,-0.00026117990937029174,0.0018574028491617784,0.0004247405312900596,0.000607291397446876,-0.0005829433143577155,0.00039428226420354536,0.0010835940963314736,-0.0017727236456052838,-1.0321989333640564e-05,-0.000685742510968874,-0.00058808338636642,0.001051508797579171,0.0011986397484821175,0.0004218816928401151,0.0021234436392071933,-7.380335613133331e-05,-0.00042526334982539993,0.0014515848790110527,0.0007572706013246823,0.0006759308166157793,0.0005508548484238632,0.0018484987770481145,-0.00012295976835850845,0.0009811128646320226,0.0014079003629055532,2.475924830993309e-05,-0.000676016485907466,-0.0014008267693605054,-0.00037956912488238336,0.0022230666209532715,-0.0005539373645232819,-0.0033314541968352653,-0.002450001590392169,0.0006439811378881774,-0.00028415027276530643,-0.0017552202266147908,0.001141789465156548,0.0005518074270666522,0.0006044190034598988,0.0009789371482945759,-0.00040126640027772416,0.00011281269903787795,-0.0019449817191343755,-0.0003399888750316356,-0.001069633211420082,0.00021026873368742491,-9.25790039165055e-05,-5.177971530322204e-05,0.0007312337644072934,0.00034268099732477874,0.00045035126523169526,-0.0004672084640547195,0.0018287320545984104,0.0012531941516927497,0.0018432066169813933,0.000526486889772487,-0.00041610181078259996,4.091675167300684e-05,1.233483400188989e-05,0.0008289164282306207,-0.0009876216097515734,-0.0009368891855153968,0.0003731004082296482
mvt,0.0006294740999103798,-0.00028766099421773106,0.0009924446366152122,-0.00021977375795626466,-0.0005721399314044153,-0.0015201991174013958,-0.0008516306441058131,0.0009723223869086188,0.0011623808121144334,0.00018949062316952383,0.0014864659580566427,-0.0010225332482471405,0.00031025743331102766,-0.0008481594953028595,-0.0008962760783855201,-0.0007199611179256702,-0.0012669083148734096,0.0008626150220687337,-0.001752958633005619,0.000140684875933563,0.0017013722398962058,0.0003206459034973865,0.0014400009437368305,0.00021096991226573556,-0.0012880964671186281,0.0008647897621438675,-0.0015199128675329335,-0.00030986679998664735,0.0013346067520187182,-0.0001987605561118792,-0.003269875607015017,0.0009952884671185851,-0.0011000525041976396,-0.0002218659989439937,0.00038047803750754716,0.001561526589177768,0.0030474215215208996,0.0013797049451728955,0.0028403667246868066,-0.0003840213107383426,-0.00016413879690363128,0.0014476806596469354,-0.00019229306652799577,-0.0009148567846483167,0.0005422582221131854,0.0006988337494583582,-0.00042384325163712837,-0.0018668304923373986,4.2900749523302215e-05,6.0746872109388386e-05,0.0008923741021563354,-0.000157422069391674,0.0007654028526945587,0.0007705703405115535,0.0020643979557515946,0.001127339156536276,0.001619932584135848,-0.0006423519636668704,-0.0013272735841918107,-0.0007287623079986695,0.00022960664885912966,-0.0010037012629361603,0.0006502120385823004,0.0007341243095545317,0.0010694002746330464,-0.00026113384314264883,0.0019049997854916215,0.0004333367567810723,0.0006086250342538252,-0.0005979369504048544,0.00043095117101021223,0.0010752421392894844,-0.0017724662601026734,-8.844607214086864e-05,-0.0006574831435607527,-0.0006023948046597926,0.0009984882781282067,0.0011928409607314867,0.0004712107406436082,0.0021052241106243696,-2.1088196851504856e-05,-0.00043240405444949456,0.0015263262569479754,0.0008879514370004044,0.0006612779911580112,0.0005986917633837199,0.00181670074337436,-0.00014288534807479556,0.0009700340746990953,0.0013755684742457507,2.8615635956692347e-05,-0.0006371137595338308,-0.0013099498550325412,-0.00031238054661491117,0.0022330586062333383,-0.0005026443683591959,-0.003361507216194535,-0.0024729788967627377,0.0006546666777199682,-0.0003090758644462125,-0.0017777717370978173,0.001197765059152837,0.0005728794802802012,0.0006756377474897925,0.001024351890116711,-0.0004275362692115938,0.00018892790231963291,-0.0019336035612094052,-0.0003303224785828634,-0.0011221734166610986,0.00020577851854100386,-0.00012619085335994468,-7.92412508470828e-05,0.0007470707269556657,0.0003135933246299186,0.0003974489655400462,-0.0004125263161875088,0.0018339863745495677,0.0012173569343491074,0.0018862514458733665,0.0005261993116137627,-0.0004350473275682067,3.4352375865530444e-05,-1.9658894897849462e-05,0.0008108068402233424,-0.0009667819215203909,-0.0009627601008533555,0.0003365059109295116
cholesky,0.0006400524099363894,-6.070479381984721e-06,0.0010971317258534124,0.00024505640774603106,-0.0008211704714792884,-0.0015675721418422957,-0.0005011141248461273,0.0009349647573091917,0.0007482973030871815,0.00018732374883256853,0.0014566128674131404,-0.0011113896099333134,5.201868932797677e-05,-0.000563413861932026,-0.00034265252826217975,-0.0010001561846972133,-0.0011660209666944058,0.0006588363741886698,-0.001896016286789543,9.100326699101263e-05,0.0012726812961369029,0.0006994864605884585,0.001045402708566851,0.0003632600463687494,-0.001248936535476888,0.001010037661924596,-0.0012876928829225814,0.00015143169972967976,0.0012069145903094774,-0.0003775421969799532,-0.003055307803960103,0.001023773323140631,-0.0012057613477938706,-0.0005323789397759052,9.936432535242703e-05,0.0010891380014881077,0.003066825719239811,0.0014828534848574135,0.0029545250322876703,-8.434052385079364e-05,-0.00042631849808256247,0.0014317154467183475,0.00024213281843306808,-0.000731924031343725,0.0006033785478697004,0.0008695797174974965,-0.0007788709667187908,-0.0013152702239393774,0.00033621939332483127,0.0004070477205257501,0.0004904482605828283,4.7547800932079554e-05,0.001028535806755018,0.0006862496941014089,0.0016230618542370696,0.0012530280138081354,0.0011773267954898377,-0.0008336755886880888,-0.0011065251323619425,-0.00032314697293461196,0.0005670913766759137,-0.0011286907481715186,0.00021516797844217054,0.0010597977218114668,0.001244456387616487,-0.0004091440180976254,0.0013502491429891153,0.00017433341902991137,0.0003658487112261355,-0.0007184803026676592,0.0004242263607415629,0.0009759298550812269,-0.001775409634016493,-0.000327743407777032,-0.00020625953604596562,-0.0007152357930964273,0.0006197841559898936,0.001408345130471389,0.0004902459978539911,0.002299674783393534,-0.00021131151162181696,-0.0006762409812937323,0.0014274684399424586,0.0006984514103452158,0.0001610729523235932,0.0004295561585523602,0.001808298612660211,0.00022317576319134483,0.0011842575925887406,0.0013834694303416957,-0.00015372604442139468,-0.0006855761578966243,-0.001405108714405085,-5.055495098026263e-05,0.001793240290781897,-0.00037199038878396904,-0.003152704377296484,-0.002466176502316052,0.00028515175088412233,-5.19548217804792e-05,-0.0019595114313738626,0.0009797518950007441,0.0006712142332819187,0.0009811101481318474,0.0006229828480475893,-0.00025449874131785083,0.0006329621117199875,-0.002056642854262868,-0.0004625605943147093,-0.0008133461831473849,0.00044616926364445436,-3.5364956905444465e-05,0.00032713235769834783,0.0007188007511002878,0.0003900311906666805,0.00032497098759955005,-0.0007719661476181096,0.0018160203827493307,0.00122760029302703,0.0013525173320279766,0.0004935174531258073,-0.00037239819842701155,6.306384451211973e-05,0.00038560579903585475,0.0006809685279828651,-0.0011822668829053226,-0.0005232064771310737,1.1404753119374314e-05
durbin,0.0006557415571377431,-1.8554493888384765e-05,0.001104339038849705,0.000255322710371628,-0.0007869811557207464,-0.0015628659764641067,-0.0004789021202466554,0.0009406478299448887,0.0007847760280128568,0.00020258190084455741,0.001470916094452453,-0.0011194873821093803,5.633594830416971e-05,-0.000544409807642094,-0.00034667246230431675,-0.0009776995745293486,-0.0011650651051442968,0.0006221268979263388,-0.0019176659601119657,0.00012033293023705482,0.0012829292714337094,0.0007161517472316822,0.0010105469244889617,0.00034018419197915745,-0.0012666718543591236,0.000999492796836421,-0.0012958249038395782,0.00017142448470824293,0.0011997718053559463,-0.00038091082953744463,-0.0030115174239553097,0.0010120010187569682,-0.0011974255838948819,-0.0005191052532609319,8.159104133180033e-05,0.0010929400127174126,0.0030783272716992847,0.0014739492584744261,0.002984505018199949,-5.564040232760211e-05,-0.00045053834199077554,0.001417530479051897,0.00028358891257893346,-0.0007647135126818386,0.0005950849131800674,0.0008644951150118788,-0.0007486206805980247,-0.0012826657200801289,0.00033528035338450637,0.00041798897210456844,0.0004710723151220009,8.893240818805579e-05,0.0010241466645513559,0.000651914283581492,0.001611837496360143,0.0012497698666670152,0.0012181686664310594,-0.00083354213145665,-0.001082012637703479,-0.0003305179739577903,0.0005751183101286491,-0.0011602158839296964,0.0001750900183752593,0.0010608674662459332,0.001283279384046586,-0.00040421039577470056,0.0013578615835285746,0.00018292626029708318,0.0003262342425942835,-0.0006704679108224809,0.0004355636645211942,0.0009916261874928346,-0.0017639100796158244,-0.0003025896789444636,-0.00015932710125020499,-0.0007666229745761181,0.0006155455517323895,0.0014186317871715598,0.0005113004978435735,0.0023190574106087703,-0.0002071597547102202,-0.0007187014399379324,0.0013852873750389942,0.0006954141491506663,0.00014045564118229473,0.00045674115406452783,0.001812584953667182,0.0002331918108716814,0.0011877259849926406,0.001408316780321507,-0.00013594059338275756,-0.0006873698103946582,-0.0014177062516359405,-6.571619693810742e-05,0.0017646953654346159,-0.00038224388703787956,-0.0031642672385916943,-0.0025122611130225575,0.0002294897761506339,-3.209547867299989e-05,-0.001968302194856935,0.0009863324909626197,0.000643470324575901,0.0009721979602343506,0.0006091638820685653,-0.00024125410709530115,0.0006216112006869581,-0.0020746321655072584,-0.0004580140016009358,-0.000778726085425458,0.0004310562742628261,-9.080285154696969e-06,0.0003348640230898228,0.0006986858388700057,0.00040683676100646454,0.0003145732884553985,-0.0008122229491062979,0.0018329676208345012,0.0012124591772185846,0.0013024575212815155,0.0004814536162787893,-0.00037290561057387904,6.311477156689054e-05,0.0004087783947599948,0.0006818987700777749,-0.001133228073336391,-0.00048642709670174454,3.1629141530073764e-05
gramschmidt,0.0006478642095611148,-0.00029203169448438157,0.0010002670563100016,-0.00021008393549195984,-0.0004897737286656219,-0.0014993468237876454,-0.0008860576267847244,0.001011334839003051,0.0011812415939536603,0.00015043911373461872,0.001478454984488267,-0.001105075840742382,0.0003333556352813235,-0.0008744403380928014,-0.000863229918810676,-0.000765456330127028,-0.0012595142419313027,0.0008243697555050911,-0.0017573851818109259,0.0001975170350359643,0.0016882964307168389,0.0002799786349950249,0.0013696639479723457,0.00014504017042995924,-0.0013773480369469755,0.0008617644660476156,-0.0015420850489617271,-0.0003068043032031068,0.001318017630290021,-0.00014982749844956046,-0.003222286074614043,0.0010420653510236127,-0.0011796527884571867,-0.00014764621343655402,0.00042130999602651336,0.0015458784764632583,0.0030306217702352166,0.001437123864889145,0.0028235752114971332,-0.000357849828159327,-0.00013197473805014263,0.0014200415393775877,-9.461848479558659e-05,-0.0008559623897513922,0.0005167248452701589,0.0006548175682409612,-0.0003514411313089487,-0.0018806382500128273,5.589972031028832e-05,2.3945678549353033e-05,0.0009002132959294078,-0.0002181851476266542,0.0007722587769796304,0.0007992185128387064,0.002114251630914891,0.0010940628357382271,0.0016236178926192224,-0.0006192322231500465,-0.0013574309887189884,-0.0007725495550617137,0.0002462996267508168,-0.0010707919624538215,0.0006829264970934566,0.000675186628701768,0.001106196644661181,-0.0002548001562793027,0.0018839470236236915,0.0004325620804379201,0.0005928204422268798,-0.0006039897664724028,0.0004186465418623651,0.0010267218302247143,-0.0018041637278442709,-7.008737616963438e-05,-0.0006254588464370874,-0.0006414122335092328,0.0010384380276424483,0.0010965494616624817,0.0004643308553461205,0.0021132791503880393,-2.4062918980154575e-05,-0.0004684301347879227,0.0015034009986052029,0.0008415215878117391,0.0006742194609079674,0.0006066259537713931,0.0018255066688117735,-5.126433953752412e-05,0.000977901176049593,0.0013580696609364275,6.37986950631089e-05,-0.0006404130450819674,-0.0013564793369048001,-0.0002948818283210344,0.0022218034719116986,-0.0004916853328442064,-0.0033815739683204274,-0.0024598687373594765,0.000590112864943769,-0.0003064408845281886,-0.001766243586590623,0.0011356334571781404,0.0005824118304778548,0.0006597302819821326,0.0010116099147126079,-0.0004148942175293889,0.0001597474705811371,-0.00198563672550817,-0.00031655013513313057,-0.0011011627348660328,0.00017877050028319527,-9.01878605980207e-05,-9.624807931044523e-07,0.0007039698858159896,0.00033313556409933986,0.00043303877293296596,-0.00046143852266729534,0.0018309618805206435,0.0012218473438063964,0.0018269122417276615,0.0005191305989522816,-0.00039748445680529317,5.445164381800329e-05,4.219433749847881e-06,0.0008355866936172414,-0.0009261224905083723,-0.0008542830028625973,0.0004140864972107332
lu,0.000634298418137607,7.728387168349906e-06,0.001124449818032897,0.00028158329951111227,-0.000790195892073421,-0.0015409656593369113,-0.0004735105192392237,0.0008929041667013533,0.0007934495483318137,0.00022150557682228586,0.001491297460840239,-0.0011216974186633404,7.855854023040997e-05,-0.0005900563313237702,-0.0003700192084781722,-0.0009838841570955184,-0.0011593365258401416,0.0006398810461784402,-0.0019168275757692754,0.00013284759673600396,0.0012334429031600142,0.0007463681265815265,0.0010273402541416646,0.00034469609964718175,-0.0012981491430158105,0.0010283592920232979,-0.0013254086111879183,0.00015262330109382875,0.001172070627540557,-0.0003853669816938539,-0.0030391244913011584,0.0010446764406676972,-0.0012474823710767345,-0.0005282827049894775,0.00010698838741518557,0.0010930833846537604,0.0031058236587947854,0.001488912016308556,0.0030166043248350937,-7.053642184473574e-05,-0.00044309063943930797,0.0014340520057077003,0.0002618852736809964,-0.00077428148748974,0.0006261932804692253,0.0008846231754028446,-0.0007606061561899777,-0.0013104329765256909,0.0002966840353716786,0.00044265692886508786,0.0005188628929317929,0.00010201197195177276,0.0010442972480733362,0.0006416064700008266,0.0016052245563413533,0.0012479786204898523,0.0012179897554839652,-0.0008224627817980945,-0.001088430553851241,-0.000320656894473359,0.0005611087269951693,-0.0011644246923323306,0.00020887825262939764,0.0011125819267666277,0.0012691648056109746,-0.0004371926835220721,0.0013727460249255172,0.00017678980010613386,0.00035583006360361143,-0.0006806329992185864,0.00041409611973601085,0.001015984799273105,-0.0017647072891122662,-0.0002978217683751912,-0.00018127150380880467,-0.000745696651089626,0.0006602136159522666,0.001468325441237539,0.0004772974465999545,0.0023399597266688943,-0.00020715903969580217,-0.0006715247426553913,0.001406773612769838,0.0006948721355810347,0.0001400925231994026,0.0004528140028317769,0.0018386973436766614,0.00024831295013427734,0.001183672734163742,0.0014327743912063953,-0.00015664899062054852,-0.0007142661080352911,-0.0014584872171528535,-9.698000091399687e-05,0.0017875561510057498,-0.0004014719774103368,-0.0031743915880926782,-0.00251835950378639,0.0002716678815583388,-5.9638338926662174e-05,-0.0019599319138150248,0.0009439788797559837,0.0006600896433357977,0.0010012577307255317,0.0006286528312355384,-0.00025280630668728717,0.0006280405990158519,-0.002054568574142953,-0.00043582047106206626,-0.000791704021846979,0.00045796032807427563,1.6901952524979909e-06,0.0003473349853367027,0.0007057667452398972,0.0003669564838572923,0.0003071351578303923,-0.0008172566756709582,0.0018239424389321357,0.0012109422370687956,0.001370403516274463,0.0005206653646988949,-0.0003652972073824559,7.989573168742936e-05,0.00040479670294896804,0.0007085764890588406,-0.0011607645428739488,-0.0005219297599978745,2.5251656350317513e-05
ludcmp,0.0006645720859523863,-5.377503839554265e-05,0.0011291557263272505,0.0002637590781281081,-0.0008229998800541378,-0.0016132136418794591,-0.0005298221238060958,0.0009202062921960735,0.0007646895602293727,0.00017067166886085438,0.00147694704355672,-0.001113530694662283,4.305984799025787e-05,-0.000586340483601412,-0.00034659348024332657,-0.000997992031948848,-0.0011867065913975239,0.0006628272822126746,-0.0019223689515557555,0.00011544642297344076,0.0013147707852315055,0.0007249455213443273,0.0010671950892881593,0.00038920908749181155,-0.0012567733372432282,0.0010577686989563517,-0.0013095719461691463,0.00015675555752952478,0.0012097707399839743,-0.0004195990105573502,-0.003079485625170896,0.0009993275518303966,-0.0011856228067901814,-0.0005099141039358478,9.404330113385286e-05,0.001104996892132072,0.0031205223591920608,0.0014543600264005363,0.0030205874912401973,-4.087578983873957e-05,-0.0004513434913759637,0.0014487455256231544,0.00025812952662818134,-0.0007440560083422395,0.0005924347695124905,0.0008742930973918798,-0.0007463855719025661,-0.00132295337647924,0.0003287054941109899,0.00038148229982147715,0.0005147878974740808,4.804065813206964e-05,0.001038939045328233,0.0007138515502447262,0.0016066052711620512,0.0012852659516890224,0.0011996007944819415,-0.0008766445680521429,-0.001129951044706306,-0.0003108184707040588,0.000605917894669498,-0.0011546944377995613,0.00022800424873518446,0.0011045541840657177,0.0012542222523026997,-0.00041504541877657175,0.0014031503206853005,0.00019202177160574743,0.0003881269884813163,-0.000697298075667479,0.0004497691089555802,0.0009581416808133428,-0.0018011555138299526,-0.0003359639074713212,-0.00019923407954694185,-0.000717250864707037,0.0005932339441238178,0.0014225550498344495,0.0005099195372571962,0.002325346709565363,-0.0002237951597281709,-0.0006978309803445074,0.001470658085003783,0.0007099237805555782,0.0001361314716632478,0.00046229393855254684,0.0017839758559906234,0.00022373998783425323,0.0011734894554441173,0.0014148114003344541,-0.00015173962068123123,-0.0006685045074037691,-0.001421041453593514,-4.3940458757181965e-05,0.0018295299281210948,-0.0003966595720865169,-0.003198612917913124,-0.0025168420494689294,0.0003019920323923644,-5.7805886171991006e-05,-0.0019784066017665383,0.0009931495167418486,0.0006735649173303196,0.0009747359921069195,0.0006158286996651441,-0.0002467163269304567,0.0006513412420948347,-0.002079515437395053,-0.00044544326535995223,-0.0008290369571315952,0.00044340697705693956,-3.504054944237901e-05,0.00033304724557739164,0.0007177334330966308,0.0004205122822895646,0.00029134127544239163,-0.0008024807248148136,0.0018139158815352453,0.0012343599713252236,0.0013375247443845081,0.0004722047063599651,-0.0003857296683741475,4.099816811099622e-05,0.0004070310670714308,0.0006735074069486776,-0.001205168761468182,-0.0005382314815910326,9.408490667637023e-06
trisolv,0.000596970502051085,3.886220737412158e-05,0.001122054145930128,0.00023194697860162705,-0.0008222986976357384,-0.0016155344637809321,-0.0005233080786031982,0.000977797598655646,0.0007987523276824504,0.0002515423871550916,0.0015182322014071462,-0.00108386889365243,7.861632750266128e-05,-0.0006020813016220927,-0.00039618766964445566,-0.0010208499168382129,-0.0011851816460774797,0.0006762192060705274,-0.0019557276650124956,0.00013744686212804582,0.0012779256261031453,0.0006843143006941924,0.001056955985000564,0.00034467994217063987,-0.0012936905831237608,0.00101737790504962,-0.0013487794559397218,0.00016789081322106844,0.0012181352940388024,-0.0003914168466710382,-0.0030996301179079134,0.0010427909413313803,-0.001283410154024346,-0.0005619890634989133,0.0001462394882562674,0.0011431740098891573,0.0030751013174368483,0.0014854064987351496,0.0030304767804207383,-4.944395752520197e-05,-0.0004653948659930999,0.0014767016125713578,0.00021544249628075503,-0.0007809596524263421,0.0006379571996149025,0.0009201803558324981,-0.000790526485717338,-0.001282054520237984,0.00032193313624399406,0.000461110131760102,0.0004760208669015103,0.00012341375986579806,0.001082490246820574,0.000652087077873552,0.0016392681185000886,0.0013053692253177157,0.0011948020967085743,-0.0007869229626117481,-0.001070189846864701,-0.00029647003328945074,0.00054667539047336,-0.0011358310706176173,0.00019373986611349715,0.0011099900859537432,0.0013196030243610342,-0.0004122417982822905,0.0014028428765110827,0.00019259354222514149,0.0003655322458750258,-0.0007218807101404915,0.00038328333660804975,0.000963510529497095,-0.0017719501952847673,-0.00037534933395969955,-0.00018700400808787285,-0.0008082841183446968,0.0006464082042738381,0.0014567066596858542,0.0005277996177836838,0.00238678787718527,-0.0002115703356240475,-0.0007362468697667484,0.001440716243349824,0.0007863933424232528,0.00017496709268824715,0.0004347621676667283,0.0018680751349570022,0.00025161360746197816,0.001230313668808473,0.0013780545883087649,-0.00012682197524959015,-0.0007359128143838865,-0.0014264815456246855,-4.0742322906023925e-05,0.0017733720548373337,-0.0004209212426581467,-0.0032080567131439843,-0.002555660570376656,0.0002935623892375992,-8.446392085817125e-05,-0.002082151564536616,0.0009804173734866911,0.0006661403717266188,0.0010427287391697366,0.0006275975223009785,-0.00026356929124126,0.0006437429854284144,-0.002157970051080661,-0.00047937227484200976,-0.0008345027696729327,0.0004388490075749966,-4.348468953847057e-05,0.000337031289948047,0.0007172539128280025,0.00036000643093656335,0.0002964675400613083,-0.000791014597780304,0.0018579831844868346,0.0012513526760610854,0.0013681709598232475,0.0004559800017887028,-0.0003810986260456654,0.00010252317386200755,0.0003943221458434386,0.0006376010201670902,-0.0011778242155236916,-0.0004860213828376598,-4.543765195800612e-05
deriche,0.0007099621709332698,4.5803512976918784e-05,0.0011770303099183366,0.00021703345474735316,-0.0008161809722272059,-0.001589257347707947,-0.00044364262915526825,0.0010543949449331397,0.0007700560705011918,0.00019167463566797474,0.00158173520079193,-0.0012083215228307785,6.456642747960157e-06,-0.0004902908177528945,-0.0003194140669317373,-0.0010668574476666334,-0.0012464150131563656,0.000579261515263675,-0.0021747659710753295,9.659344019989173e-05,0.0013630228689483677,0.0007094096136926156,0.0010667750795821324,0.00028202149324998673,-0.0013819619683393587,0.0009919700120614532,-0.0014145978428940806,0.00018472806146342514,0.0012497317155874851,-0.0003993541015208595,-0.0032991897088423786,0.0011305678761143806,-0.0012528789941117996,-0.000630760115907631,0.00011515277179165019,0.001189664834075504,0.003329273350472148,0.0016685988327177863,0.0031002840575335235,-8.434786448358661e-05,-0.00042634149657614116,0.0014965279810389297,0.00029779278176849603,-0.000810930272564292,0.0006066805878314577,0.0009545967174441709,-0.0008059085246511839,-0.001422793998952127,0.00042739225156967423,0.0004871970555137119,0.0005006743926464373,0.00019923743093386292,0.0011086515797716049,0.0006099715893570748,0.0018609380369727863,0.0013513605226762593,0.0014188519918308076,-0.0008584087546397415,-0.0011005280913802078,-0.00038725782522103854,0.0005618691526857825,-0.0012770100107041395,0.00014741003461596038,0.0011156258632480684,0.0013362513822762088,-0.0003547830743223636,0.0015303770677645742,0.00022665408000143038,0.00016664139305551848,-0.000739568588970643,0.0005080014297062815,0.0011524062226979164,-0.0018435998196461394,-0.00033306203153592325,-9.316397189549106e-05,-0.0007737509521474647,0.0007575207920227614,0.0014165627835609484,0.0005498560591756055,0.0023842971390371937,-6.07998145925295e-05,-0.000769968653912656,0.0014415265306726927,0.0007589252216146431,0.0001284941730167096,0.0004903780904391573,0.0020070069294888526,0.0002871176370212601,0.0012688766445434238,0.001464920677891415,-0.00016072454551855722,-0.0007235265766212251,-0.0014522191251873868,-0.00011818559182251597,0.0018480924684101613,-0.0003016545973714023,-0.0034796829632897344,-0.0027155210102339173,0.00018462048157946102,-8.822340007302248e-05,-0.002068943473406964,0.0011068131587105906,0.0008012383445424752,0.001124693041977783,0.0008035943610593677,-0.00030125215319761384,0.0007190751687934002,-0.002264918955511853,-0.00046273802137067023,-0.0008492232914755328,0.0004436661313068018,8.858934031902916e-05,0.0003344880775936569,0.0006822162180873824,0.0004786708127034621,0.0004272089960674445,-0.0008727404698826527,0.00203482683638059,0.0013056013623200771,0.0014822849285944055,0.0006424174272170705,-0.0003442476299824193,0.00017354410819178965,0.00040153737220154854,0.0008055759082910501,-0.0010881424176558438,-0.0004810832906514406,0.00010461720780262517
floyd-warshall,0.0006051387005273308,-0.000244186186190585,0.0009666873511913069,-0.0001670997461427332,-0.0004703289271085797,-0.0014045416901353747,-0.0008408015813021099,0.0009280487634789417,0.001146838062114137,0.00019404997788917492,0.0014706750011742663,-0.0010879789701635566,0.00032253480714964955,-0.0008678054454161183,-0.0008959959903971621,-0.0007450982075705029,-0.0012354987300247611,0.0007906962350449141,-0.0017551141859525267,0.000139323015259031,0.0016033858983599417,0.0003239588336060371,0.0013944452486398136,0.00017471536608247654,-0.0013570593328040559,0.0008732466496225885,-0.0015030643245314852,-0.00027571000785375126,0.0012218604713459225,-0.0001390615395982476,-0.003173412963994505,0.0010099808866992615,-0.001188985417898306,-0.00015482709761058418,0.00038624850875588465,0.0014625717269475846,0.0029590376755496595,0.0013787092175334692,0.0028075217714478426,-0.00036552609355353257,-0.0001506637131302234,0.0013720120135557784,-0.00016228138530791243,-0.000885105794569587,0.00048666904448884236,0.0006509773255161502,-0.0003490721565493218,-0.0018108120557906874,-1.7007439643802012e-06,3.282420991180355e-05,0.0008980506947195596,-0.00022698992945472985,0.000753406438675216,0.0007664840805399068,0.002042992756126777,0.001040316342636395,0.0016194974647506194,-0.0006481484058039153,-0.0013476317951298209,-0.0006989233250565388,0.0002254211174337851,-0.0010278102777460042,0.000679255959660034,0.0006951857264057788,0.0010711789911832003,-0.00028465285397353857,0.001839234063802852,0.0004324267442023162,0.0005715024958857719,-0.0006068767055266482,0.0003882444858283955,0.0010665020381566137,-0.001740691271098673,-7.414487963080105e-05,-0.0006462680967695847,-0.0006212139611735064,0.0010634240221834795,0.0011415156708715264,0.00039936671622426193,0.0020536905675030805,-3.08096718714189e-05,-0.00039151986878577564,0.0014454691329319758,0.0008118357055697261,0.0006161273374934407,0.0005930007558644694,0.0018020573496708974,-4.557125195039107e-05,0.0009372561138768694,0.0013640712029026711,7.381272392676157e-05,-0.0006620652814436814,-0.0013302718083757687,-0.00034257641271003247,0.0021903642901794657,-0.0005516416968021076,-0.003319043097743655,-0.0024304014206042186,0.0005927744547507781,-0.00029911901519346214,-0.001705129589775906,0.0010501474607735872,0.0005672390278264441,0.0006929298944990424,0.0010006446494063472,-0.00046689244781566015,0.00014432184466653888,-0.0018962455291972112,-0.0002669290783267249,-0.0010790937710279489,0.00018569412692586947,-0.00013817118494497503,1.8465928459430442e-05,0.0007201037967795,0.0002884446020128534,0.0004717125146485427,-0.0004761036871059332,0.0018324885373551618,0.0011994084651472375,0.001806925963404972,0.0005347172079970786,-0.00039502802845912385,8.954521206974546e-05,4.181422264082357e-05,0.0008293144928757101,-0.0009370596106985913,-0.0009110174621181453,0.0003803480786326177
nussinov,0.0002239495695807579,-0.0001682068081879008,0.0007101672419689988,0.0002055235994416044,-0.0006903585438665591,-0.0016482961838942412,-0.0007357577621740731,0.0008824441534479296,0.0006663834241120831,0.00034411923996614,0.001809660784554006,-0.0007951177050065445,0.00038165979295674905,-0.0009193643636535853,5.583500545694015e-05,-0.0010647976228746732,-0.0007183734920353776,0.0007713049892213588,-0.001616059974032013,-0.00029326782953974445,0.0008587274963869468,0.0010365798524090725,0.0008549072131005998,0.0004611507595798589,-0.000921684398092207,0.0009367317420822617,-0.0008580815261474958,7.096236942360472e-05,0.0007824532804079354,-0.0006957112590929395,-0.0029703756690172382,0.0006053136879161588,-0.0008200185624637493,-0.00032398700377119606,-0.0002729532655058919,0.001455735522444899,0.003373732189892938,0.0016632040068017024,0.0031674566209977982,-0.0005128932994251189,-0.00033354539558977673,0.001023272139718756,8.901164906810184e-05,-0.0007184491773123705,0.0006050988306110652,0.0008734475566981066,-0.0005955971512441082,-0.0012241626605636587,0.0005691516347915718,0.000700537540021622,0.0002600684621077227,0.0003824146927064775,0.0012334887808384863,0.0010565517816422997,0.001810192844315775,0.0010495471146178285,0.0009745813501802715,-0.0008616173443825621,-0.0011010639284090996,8.44398317368407e-05,0.0006590566527417028,-0.0009444976381736955,0.00034075960100285316,0.0006678412204277457,0.0014622689065474429,-4.81278050421296e-05,0.001244556798490904,0.0003095146951780311,9.667909838945458e-05,-0.0009227987642301933,0.000794456876495755,0.0007927810055614253,-0.0014175358806632606,-0.00024354982432621335,-0.0002924462460214272,-0.0005522646870782697,0.00042662340963847543,0.0012844755560524248,0.0005586649089022295,0.002472727835227392,-0.000281402221030715,-0.0006397260787803374,0.0010306375008535963,0.0011004018015228212,-0.00018536515141788281,0.0007207394504037342,0.0019440777863277809,-0.00013696662254484467,0.0009491621297600336,0.001034695829730481,-0.00037119182831558744,-0.00036421037695713734,-0.001002789718576854,1.201309619079295e-05,0.0018018119858185713,5.413071324399329e-05,-0.0032763962364314417,-0.0024660351336933672,0.00039477740095830277,-0.0002840548109624682,-0.0022810170224769727,0.0006166384494128195,0.001001545800949986,0.001105294391316803,0.0004231802671902666,-0.0005301968853209951,0.0006305246558775636,-0.0018658310092225868,-0.0004777596355109525,-0.0007413859329014821,0.00025241142276699016,0.00021477849651618222,0.00036345487215409155,0.0010280313533592945,-4.994283172939169e-05,6.0020137186113155e-05,-0.0011212942841475045,0.0017400883210173465,0.0008300393053918684,0.001523984086050309,0.00018362512147225636,-0.0005789345408342534,0.0002118373844208882,1.2305012780033345e-05,0.0006995964500483273,-0.0014109253013310464,-9.346322622150183e-05,0.0004176532353372558
adi,0.0006085338997460591,-0.00012852905597861132,0.001170574756947139,0.00019752506988071319,-0.0008961142545255522,-0.0017010343144647777,-0.0005219682158591846,0.0009681183987090157,0.0007080283556004158,0.00011027445887318916,0.0015939117305000157,-0.0010896436902435704,-1.1421972885727882e-05,-0.0005861720791371125,-0.0003014688191392957,-0.0011089567124145105,-0.0012093686252935892,0.000673688272298831,-0.001931146906119668,2.0198918516851132e-05,0.001306051335025889,0.0006666883176270252,0.0010291698951429378,0.0004081858743221447,-0.0012524633703934443,0.0010954787923967363,-0.001268885085462696,0.00017435474324479906,0.001298414695257735,-0.00047384575656097796,-0.0031767492457422325,0.0009883390584946028,-0.0012318590985766302,-0.0005568964196653622,0.00010996466153301299,0.0012109632403331085,0.003171693942729487,0.0014973137294873595,0.003077423838678644,-0.0001398755476758298,-0.0003988275905915846,0.0015477508810969691,0.0002213781339782549,-0.0007090672604843146,0.0007128802753868513,0.0008194976140253453,-0.000791836880833014,-0.0014087792886938485,0.00046520977694955136,0.0003835760354478326,0.000572998044339733,1.5031215702442245e-05,0.001054260886222538,0.0007255539369200253,0.0017100048636267376,0.0012865014877105649,0.0011919538568084438,-0.0009402100759972301,-0.0011253095621934033,-0.00029865922665016516,0.0006752136824717228,-0.0011846091187584938,0.00019547649814436832,0.0011341747045258267,0.001226519050154214,-0.00034584418042666383,0.0013996795973222713,0.0002452303370874789,0.0004095209232117567,-0.0007498734307268427,0.0005432928361794135,0.0008818298118866449,-0.0018749624937805089,-0.0004162667877001998,-0.00017305708630980612,-0.0006687506166700688,0.000634387956880447,0.0013934830540165422,0.0006464475461850978,0.0024136443939318675,-0.00026047483657344454,-0.0007729003882559482,0.00158559565898031,0.0007958272180985659,0.00010905537864245061,0.0004000214329506788,0.0018576520572726924,0.00017290325356750854,0.0012737929836374759,0.0013696164306667116,-0.0001509580276130388,-0.0006429253246298888,-0.0014271404733234602,-7.3058092513949505e-06,0.0019065978154281361,-0.0003482721209972321,-0.003326565318275243,-0.0025938142854202953,0.00028886226937174797,-2.4221891686061605e-05,-0.0020595562915938594,0.0011233736521616164,0.000672896108072665,0.0010222203774093133,0.0007257599354488775,-0.00017507542603804419,0.0006751994434226719,-0.0022470122639788315,-0.000465412224406868,-0.0008496074410181285,0.0005239967512251395,1.6828093470798599e-06,0.00034168759238026623,0.0007422273599028509,0.000454376852657232,0.00030727608827874064,-0.0008103953579039727,0.0018476610582891023,0.0012983001587498519,0.00138122677971195,0.0004935649550235313,-0.0003233824483888586,3.7346591751783206e-05,0.00041870264754430135,0.0006511116328814145,-0.00126225545278026,-0.0005305037549179462,-2.887929036256133e-05
fdtd-2d,0.0006456808392506312,-0.0002757229667622596,0.0009393736870740267,-0.00019870337906896193,-0.0005182568600182148,-0.0014440671468893176,-0.0008404326337553999,0.0009594977874418392,0.0011649834718007374,0.0001471532741561532,0.0014114354280001648,-0.0010613149549017714,0.00029257499023943264,-0.0008181990175644922,-0.0008351691621475551,-0.0006846780494978541,-0.001238973717109355,0.0008220995659939945,-0.0016932900967624258,0.00018964566783431699,0.001654525357640951,0.0003038584306041765,0.0013790487132877495,0.00019049255056683358,-0.001307064098535407,0.0008625003486967591,-0.0014647351447766757,-0.00031838874907835443,0.0013096018981955508,-0.00015840232235324735,-0.0031678941039204158,0.000987696938596748,-0.0010970166151630966,-0.00018595953459974707,0.00035812674597015273,0.001524036192088662,0.0029900242396465994,0.0014047890298945062,0.0027687473749906264,-0.0004047503016943879,-0.00017795168883715044,0.0014074439943001112,-0.00011985302091274848,-0.0008832221672705867,0.0005329713421815541,0.0006445846486124484,-0.0003975469367373187,-0.001840569339144756,3.566552871180808e-05,4.156028658411849e-05,0.0008733656928491066,-0.0002082153018016149,0.0007630603881004979,0.0007967651917544357,0.0020321279589552432,0.0010852702612550382,0.0015957375632270293,-0.0006126566543517744,-0.001326255615661948,-0.0007794990327537936,0.00019317956620772535,-0.0010039997218614992,0.0006481206099338391,0.0006577773139510742,0.0010519765611902317,-0.00021973110372474526,0.0018423126785979977,0.00040379927325856816,0.0005708676660159493,-0.0005613242460907821,0.00043214390504598505,0.0010520190754665665,-0.0017442488507881267,-2.7212991399745294e-05,-0.0006430696127662325,-0.0005596154403653653,0.0009716520161258386,0.0011492808082627615,0.00043609960223822035,0.002058404134860372,-2.226501617448829e-05,-0.00043184707095968085,0.0014646060102249442,0.0007928291948594372,0.0006410933573908336,0.0005422673078582567,0.0017818204291603144,-0.00011441843782770721,0.000945465500562397,0.0013348280643934712,4.1662975597907516e-05,-0.0006398025999420925,-0.0013117997158962466,-0.0003316459410330828,0.00219836992362295,-0.00047244381472838167,-0.0032887428875683863,-0.002367327472551123,0.0006240157150279949,-0.00030313274157165056,-0.0017140575869501952,0.0011415986227802932,0.0005360632443197948,0.0006425573065986528,0.0010083787389757002,-0.00039132590138572543,0.0001786208595149219,-0.0018792342136079883,-0.000359350060855778,-0.0010905199434252128,0.00019870352801209425,-9.410584906992667e-05,-6.71174082740703e-05,0.0007141079293111997,0.0003486695897984592,0.0003940233590957873,-0.00041299633705742,0.001772343773422215,0.0012078875408727018,0.0018381217532270752,0.0005464085421836524,-0.00041410263785270643,2.908829243524986e-05,-1.693242131081848e-05,0.0008479545927805114,-0.0009496167699313339,-0.000888260588159456,0.0003761133985415868
heat-3d,0.0006825518888517228,-0.00025837711633785684,0.0010882502495352289,-0.00017788439393317436,-0.000612747047425193,-0.0016647288404569467,-0.0008858376703060725,0.0011242450701127596,0.001235077965675908,0.00020595913862480838,0.0015914776252911372,-0.0010797562957604362,0.0003697050303932937,-0.0008980255892418106,-0.0009461140383363646,-0.0007951671868795529,-0.0013022650570800418,0.0010238606071866611,-0.001790074912338134,0.00017476873472332954,0.0018140797200270325,0.000336828369387042,0.0015321968179812435,0.00017949062486663666,-0.0013519992361954577,0.0008817436096518684,-0.0016171293922097368,-0.000281316415673834,0.001399780418175985,-0.00012665450134698083,-0.0034150006300906707,0.0011336742960231599,-0.0011398404364145415,-0.00020646737368010422,0.00037064413909855136,0.0015321375480305184,0.0032052690461141,0.00147129683618379,0.0029601240427890685,-0.00043868311502806405,-0.00019644407096647601,0.0015918409737744642,-0.00020453430753310814,-0.0009691432214287274,0.0005597683929783456,0.0007241353180768998,-0.0005006620288922396,-0.001914714161744889,4.12683208089541e-05,0.00011157506506766796,0.0009140635374933481,-0.00024151127538917696,0.0007615950136609814,0.0008802096246440402,0.002214321767336086,0.0011546952352064716,0.0016316868405898705,-0.0006863788893336759,-0.0014412512246053666,-0.0007614353945588364,0.00023821423169198062,-0.0010435509517693015,0.0006809929070775123,0.0006660304771845832,0.0011419982971240055,-0.00034044356246287115,0.001918082820071397,0.0004409703559598283,0.0007249212666305111,-0.0006320054800359203,0.00037769703254418666,0.0011801920507637346,-0.0018601283116046997,-0.0001286288765293327,-0.000728477377218523,-0.0006412582845180569,0.001114870620179264,0.001285253829016309,0.0003838669029338395,0.002195652468157384,-0.00010972835597760208,-0.0004063530902974034,0.001593728437429116,0.0008705934228868607,0.0007530167893973532,0.0006021413308403947,0.001975694832200294,-0.0001676007523201406,0.0010060741855447892,0.0015289380629409982,-6.623699685887379e-06,-0.0007171968301169245,-0.00147587460678016,-0.00033590956852148175,0.002377797262263758,-0.00053685000158807,-0.0034706413074780036,-0.0025846156812108613,0.0007578731404946131,-0.00027931420224965275,-0.001926441618707031,0.0011918718502035037,0.0006527359843911493,0.0006248438628116513,0.0009826285557424212,-0.000456596674185301,0.00013998868149321745,-0.001947440135100966,-0.0003870487301302252,-0.0011780756972524721,0.0002302909501047586,-0.00018138509339598173,-0.00010161276269868454,0.0008436011575052843,0.00029901581515065013,0.0004507758798461188,-0.0003998006329364965,0.0019181173890555168,0.0012649694313843023,0.0019689407780627815,0.0005012725315977792,-0.0005115913466879112,7.572937465738505e-05,-0.00011663829622300589,0.0008674078190404758,-0.001027565062566496,-0.0010319266276543632,0.00037601263508858047
jacobi-1d,0.0006293740383732845,-0.0002625842162695549,0.0010167303844355047,-0.00019414275747669095,-0.0005182609653702992,-0.001435825982993907,-0.0008545365554335363,0.0009043598205179852,0.0011702584349276388,0.00012681191540597116,0.0014176411162171623,-0.001033966600730577,0.0003103609470760121,-0.0008504933092113146,-0.0008784101722566822,-0.0007023634543121956,-0.0012543904526597436,0.0008103783646434107,-0.0016799397793981958,0.00015940193278605447,0.0016235396401230793,0.0003168377956813749,0.0014122822073712835,0.0001698188364651501,-0.001311900317994193,0.0009124054332085721,-0.0014558359638185186,-0.0002784712483202491,0.0012571277466657408,-0.00016833278898368864,-0.0031339097014792703,0.0009821360914322535,-0.0011355367982212234,-0.00015832624151645338,0.00038349325597450575,0.0014758600839687621,0.0029532366213114824,0.0013817098429974388,0.0027669249479111064,-0.0003833826699787203,-0.0001726280161700047,0.001403055979822324,-0.00016838458267396644,-0.0008719622992965229,0.0005490173815119573,0.0006617789228638524,-0.0003343207054593436,-0.0018343045410481008,-1.4768285087912399e-05,2.188211039859144e-05,0.000881440204787342,-0.00019936575314632673,0.0007153218235437046,0.0008084167031269959,0.0019991764839848176,0.001056283078950775,0.0015835155020741856,-0.000608769478276372,-0.0013341862989310518,-0.0007545713485930773,0.00021200785105226233,-0.0010141497537808713,0.0006964926142245531,0.0006966522239107529,0.0010386410080279935,-0.00024110611497342368,0.0018286188002521692,0.0004026365709518466,0.0006048641242908643,-0.0005686444757670603,0.0003979733425213079,0.0010207327731597401,-0.0017287155272189172,-5.175072874408215e-05,-0.0006431621796389878,-0.0005401465973323759,0.0010066336630295742,0.001148782845120877,0.0004094866385190364,0.002001351721393054,-3.4104000325682776e-05,-0.0003764823191244539,0.0014922614808550432,0.0007821976426331436,0.0006198283881531097,0.0005595620262765271,0.001737522820750361,-0.00011561675038298264,0.0008995359879490399,0.0013383359696223017,8.08157560908619e-06,-0.0006250295452499652,-0.0013046512313474737,-0.00033362248573479624,0.0021687242209308725,-0.0005103286969054298,-0.0032488899305462837,-0.0023649349151288763,0.000653377251343473,-0.0003067683839403531,-0.0017163902007536415,0.00110088346306892,0.0005657550406313556,0.0006647828986923046,0.0009819727574187495,-0.00041318510193377733,0.0001458673710551332,-0.0018734956358778564,-0.00031367148681858773,-0.0010814255956039928,0.00017726954897893046,-0.00012192775166648276,-6.0382646659170004e-05,0.0007113225902310874,0.0003199048977180877,0.0004227629191625644,-0.00041386834602556466,0.0017396539607194856,0.0011918847414884059,0.0018128616605227923,0.0005365375122089651,-0.0004049936730606372,5.246316740179763e-05,4.685344345703283e-06,0.0008187863478430218,-0.0009762248099672006,-0.00092884070952149,0.00035038587606429835
jacobi-2d,0.0006178381141473758,-0.00022975655241787215,0.000994628354366047,-0.0002183819323202924,-0.0004734566421521937,-0.001481115211979212,-0.0008873402634087731,0.0009894132347065298,0.0011942206765525043,0.00019852430491215165,0.0014268819821368465,-0.001026477270951385,0.0003169043013579486,-0.0008800906944088638,-0.0008969442169473041,-0.0007283461694468689,-0.0012255990124471923,0.0008783230407382635,-0.0016943972544087207,0.00025884194217403144,0.0016647820114432013,0.0002578500288483851,0.0014288777370786514,0.0001419008005862398,-0.0013493825313429732,0.0008714916381423417,-0.001528086668044767,-0.00028442685930606197,0.0012949511463589529,-0.00016958982108489554,-0.0031609977955026004,0.0010343479456530664,-0.0011774865355726112,-0.0001483904223491931,0.00040809914250584207,0.0015042761018883217,0.002954068220467033,0.0014060817056280725,0.0027957197988357886,-0.0003398909466341138,-0.00016917859765646213,0.0014444433481377713,-0.00016211282319786465,-0.0009069563273121329,0.0005407128892864635,0.000712443410199793,-0.0003466853522695601,-0.001815721601494314,-3.234452485819073e-05,6.432560022564277e-05,0.0008448007044053691,-0.00017568228684146614,0.0007879525381962166,0.0008176199369379045,0.002051119680639685,0.001115048525902881,0.001546552822486881,-0.0005647496813360383,-0.0012987586011577684,-0.0007593328653670409,0.00021323409301283604,-0.0009949486908119392,0.0007007376749671119,0.0007219382455599878,0.0010935709065319423,-0.0002594360369531547,0.0018703343704306891,0.0004144477964419981,0.0006073138998437892,-0.0005772124037749189,0.0003404191238052376,0.0010188540594861157,-0.001698400432788356,-8.767431705457377e-05,-0.0006568247618441306,-0.0006106801378978964,0.000998425715164665,0.0011701793143455528,0.00038577403414391856,0.00208101820145898,-3.136281215762103e-05,-0.0004199232511489433,0.001464284026844646,0.0008090993231984184,0.0006983428542940494,0.0005496219519580551,0.0018100010826909805,-8.64397015367799e-05,0.0009432996382255463,0.0013324338155250776,3.229567493476412e-05,-0.0007062820432646036,-0.0013546766045585495,-0.0003347754767780904,0.002153399951673825,-0.000532003020934473,-0.0032663671916131586,-0.0024101370671654448,0.00067261909477084,-0.0003338621181148269,-0.0017893627963905387,0.0010923924513489885,0.0005744969307938043,0.0006533980143585187,0.0009675689558635521,-0.0004076956247445196,0.0001358091420329669,-0.001924991128308808,-0.00032230161228011744,-0.0011135590286678908,0.00013458098285756183,-0.00011539272279204691,-4.769089761847521e-05,0.0006795518146485419,0.0002877526327638942,0.00038390983621973326,-0.0003985730462077567,0.0017679511425633203,0.0012165760203702923,0.0018358049256836668,0.000478412502536016,-0.0004112146921483252,5.6796938331578585e-05,-1.468006196185289e-05,0.0007866088089940604,-0.0009420838460380979,-0.0008560700533802019,0.0003386613157892819
seidel-2d,0.0006106570046326584,-0.00030727624749381314,0.0009351048519259647,-0.00017116018331280966,-0.00048054896144415527,-0.0014468114326625842,-0.0008610205875490518,0.000922425088527448,0.0011156129595987936,0.00018262464950299438,0.0014520300330118248,-0.0010616760581101785,0.00025670038303360343,-0.0008714053855168031,-0.0008670150637044571,-0.0007278791830792804,-0.0011900186929030016,0.0008469325308824944,-0.0017016506616902701,0.0002124423215932706,0.0016405920939766528,0.00030376297860022853,0.0014101426307153067,0.00022482049312469934,-0.001322360424691236,0.0008892888795611832,-0.0015147649956976667,-0.00032355004633941194,0.0012529386166373595,-0.00021632245796568254,-0.0031826583778156955,0.0009852993109020376,-0.0011255790321978137,-0.0001488715159426005,0.00037713401766000865,0.0015082364484174725,0.0030000605860122423,0.0013531597728347953,0.0028159218379775718,-0.00035751610309542976,-0.00015785361071774627,0.0014145424647722393,-0.00015196582449682276,-0.0008933755076106857,0.0005120218311777963,0.0006469358015558956,-0.00037016863130060406,-0.0018212925676968606,-6.175233626409488e-07,4.0479492728242325e-05,0.0009002460300347165,-0.0002309343613245908,0.0008080974460908157,0.000812596151851775,0.0020299915939925566,0.0010864369482185472,0.0015645432731081895,-0.0006709445254219806,-0.0013238938007656114,-0.0007001955938689849,0.00025816165212103547,-0.0009995954965501476,0.0006931688129792319,0.0007416414874194957,0.0010251570013625657,-0.0002582185646614936,0.0018777329049258055,0.00044464883702697563,0.0005939765080042622,-0.0005779794061227757,0.0004215550040552283,0.0010216422515976079,-0.0017176142915987464,-8.551376959076151e-05,-0.0006674085195888491,-0.0005572987206773285,0.0009765024125740371,0.0011605081706554355,0.0003967273720156621,0.002084230791832156,-4.6779366932562826e-05,-0.00040716933985737236,0.0014771568937302457,0.000810177852947484,0.000624400659409516,0.0005558564272873542,0.0017928702873177826,-7.76377650361289e-05,0.0009429309785071597,0.00135910274762222,6.352774182553677e-05,-0.0006771216152735767,-0.0013511426342815598,-0.00035081047698280174,0.0022356022091116756,-0.0005231318759529933,-0.003316711076288758,-0.002402776633115376,0.0006455234799753217,-0.00030803751296308986,-0.0016977860051316813,0.0010889148894313943,0.0005429366822628414,0.0006512669017812347,0.0010301976718063302,-0.0004038862278000178,0.00017757225877550596,-0.0018703112633802982,-0.0002841030851841959,-0.0011312446851447662,0.00018437389756881576,-0.00011099254205713377,-6.0645449112224225e-06,0.0006830112260478713,0.00031512466204517027,0.00037522970780949383,-0.00043306420882479013,0.0017811240155852454,0.0012037026120678468,0.0018423381655285245,0.0005181438571205089,-0.0003964580537285656,1.780905671801199e-05,1.3393964549964841e-05,0.000823691621703534,-0.0009560500757823534,-0.0008946938221068943,0.00037810012615998
