correlation,0.0001769150020615933,-0.00018521056335885078,0.0007697304551440634,0.00021222346664504394,-0.000803000970719088,-0.0017776733132593922,-0.0007750866321944876,0.0010021532821395483,0.0006290793780384487,0.0002592779928818345,0.0019125874038620264,-0.0007840721518732607,0.00032273206345148777,-0.0009436551466167561,9.084213256995243e-06,-0.001162456994949791,-0.0007473537334590219,0.0007962598924917218,-0.0016676209572898714,-0.0003906845568532222,0.0009110543193712242,0.0009736684671799211,0.0009331621588085239,0.00048183012174712,-0.0008891125180525705,0.0010139197394509164,-0.0008306937647591296,0.00012602733668724172,0.0008329820243249598,-0.0007351206823889362,-0.003090514133586303,0.000612392413002956,-0.0008603053191970838,-0.0003778696734929997,-0.0002492639882563564,0.0015048946217192632,0.0034123973792271785,0.0016503814840689301,0.003201405721483752,-0.0005888858087066757,-0.00038868634452994327,0.0011353856871688837,-1.3028122913582544e-05,-0.0007151128520490602,0.0006924990398386543,0.0008107491188351751,-0.000671450358104745,-0.0012012390468857791,0.0006412259283120205,0.0007226563780262184,0.0002448155941429401,0.0003033051463334184,0.001221032359784371,0.0011611505224688077,0.0018914512264401357,0.0010255069462705012,0.000978894378548782,-0.0009393459431042796,-0.0011601412751540345,0.00013237670492871026,0.0006630564289241049,-0.0009487727741208417,0.00034042039432709937,0.0005943321751769154,0.0014379439434330714,3.5424661626549146e-05,0.0012468643841130917,0.00037437701662144577,0.00013258361784545216,-0.0009711046096574711,0.0008308070148479218,0.0007085525844319674,-0.001489084833194379,-0.0003775153318201774,-0.0002893843047786504,-0.0005211309701400367,0.00048048686125854915,0.0012379958429128716,0.0006309932428657225,0.002462455243068306,-0.0003837944218263912,-0.0006881201877963337,0.0011769177186866536,0.0011821822998555082,-0.00022887302436988408,0.0006517173299614928,0.0019944021815287045,-0.00015187136657339963,0.0010038041272261915,0.0010201364823028837,-0.00033915107211980383,-0.00036264734348821407,-0.0009615297220941437,7.015319485952587e-05,0.0018920187798549275,5.977770993731132e-05,-0.0033672371707660588,-0.002508438771320997,0.00046044705117023304,-0.00023313741545088736,-0.0024479193196288848,0.0006993775942215794,0.0010029384100466575,0.0011726142547558993,0.0005349872609306323,-0.0005508766442194189,0.0006424686044307524,-0.001984367375323353,-0.000556603698657311,-0.0008207302889786661,0.00028855249049803734,0.00012045228964109953,0.0003459016535137045,0.001093572002446308,3.12531850986967e-05,0.00011496322450080985,-0.001053226744069865,0.0017845266036027553,0.000897264596699786,0.0015127133259451703,0.00017070893878362288,-0.000604851000006372,0.0002695575117226518,-4.011283549755861e-05,0.0006784488359699026,-0.001505931483973798,-0.00011320618642984252,0.00035809218197276716
covariance,0.0007138568318825694,-7.371745191954283e-05,0.001286820647591311,0.0002580644472295211,-0.00086129960416454,-0.0017031540580016251,-0.0005731406789790425,0.001028081997194224,0.0007538890252665927,0.00012787663015640445,0.0015731494988560574,-0.001193907351181325,1.8793656232042445e-05,-0.0005218448625075527,-0.0004004621821675553,-0.0011422485646714147,-0.001237679605158822,0.0006433036210688038,-0.0020456830712242257,2.2601258630553882e-05,0.0014004705832727875,0.0007018382813031268,0.0010829008040471105,0.0003483179862087127,-0.001293802797994835,0.0010588003125222814,-0.0013704961327473736,0.00024013640015457186,0.0011524959409143776,-0.00040901459417202405,-0.0031210135881944248,0.0010556716590346899,-0.0012046146439388394,-0.0004992297405503147,0.00014796744572878297,0.0010270888095773342,0.0031669742634726893,0.0014882801139416795,0.0030412452971278173,1.4355079555470082e-05,-0.0004982008087810957,0.0014859191853449577,0.00022030342693647576,-0.0007185519207268953,0.0005776819034508662,0.0008461506869126526,-0.0007095788229586711,-0.0012563439862181742,0.00038772422703914344,0.00043428974256837845,0.0004068918909373072,6.901666509091026e-05,0.0009789397170405006,0.0007241160306471607,0.0017025785782607272,0.0012954682857121548,0.0012446300889779297,-0.0009228465108511349,-0.0011789504864686427,-0.00021216090923796097,0.0006863208206292862,-0.001228651988235975,0.00021299946173611615,0.0010631468386337575,0.0013423692661389294,-0.0004222199430740956,0.001371957369984658,0.00019174790456114957,0.00038502494054329064,-0.0007459723791624936,0.00044296770849743753,0.0009574786506871331,-0.0018451608570507637,-0.00046913368330731627,-0.0001250919468576386,-0.0008247135152083097,0.0006962558577975465,0.0013890234449718264,0.000507034590959342,0.0022911951980657047,-0.0002638704689969826,-0.0007358196537299793,0.001534063712622608,0.0007399802481005383,8.175591614821719e-05,0.0005301013782930871,0.0018312288124838637,0.0002563314499436981,0.0011571252157914892,0.0014999732763196032,-0.00016467716260295775,-0.0006414135576859633,-0.0014610541766160168,-1.8165721687384777e-07,0.001844408267061226,-0.000395646958774402,-0.003326307658830451,-0.002647881777698381,0.00020573846672454642,2.0383780287779195e-05,-0.002114828381713273,0.0009929640606666605,0.0007277029572934327,0.001026351192396962,0.000596283999685612,-0.0002893295556229229,0.0005908553462682499,-0.002189647123385738,-0.0004418214585813176,-0.0008282547868374321,0.0003826824257784109,-0.00011748286326312357,0.00039476557382537675,0.0007457700834897372,0.0003967835703709473,0.0004188533477847361,-0.0008780722600931767,0.001913607547370096,0.001236909062653366,0.0012742760348677014,0.00043474750014461786,-0.0004326165884170526,0.00010077087184375462,0.0004253526615987842,0.000664543050839307,-0.00114256062079221,-0.0005445347924251109,7.205576791117589e-05
gemm,0.0006077534570876095,-0.00017295243156291285,0.0011524242711149985,0.00012961792526766658,-0.0008572981540863919,-0.0016756397380959243,-0.0004751429401545061,0.0009483640864750163,0.0006525172567408946,0.0002165739812577764,0.0017016596231971765,-0.0010508349676254308,-8.850969607010484e-05,-0.0005166133746064992,-0.0003617995632036279,-0.0010939972837352091,-0.0011571561149644873,0.0007133105035690176,-0.0019270566602547963,5.1569044848697056e-05,0.0013569141796728622,0.0006629024945949721,0.0010392645728845512,0.0004100579867048913,-0.0012335245701251552,0.0010332027967605325,-0.0013789202623431468,0.00012311762192338292,0.0012497860686077427,-0.0004798366183725496,-0.003178396923532192,0.000997920919568666,-0.0011454702503720506,-0.000536031039852484,0.00010400218727429294,0.0011706564724186643,0.0032398592520621605,0.0014775880198511812,0.0030838943073629504,-0.0001302191198596524,-0.00034892514425640303,0.001559991648213731,0.00019701638989823146,-0.0007992951561593347,0.0006661165619637662,0.0008056066273840972,-0.0008091021170710317,-0.0014042160247400817,0.000444715126327032,0.0004138075168561449,0.000592290158642249,5.124933118673248e-05,0.0010446766617759648,0.0006488932170517122,0.001766718054164408,0.0012951205668893333,0.0012536432477645576,-0.0010095480053375165,-0.001053308720454677,-0.00026812271486657363,0.00073489076748956,-0.0012127365623402714,0.00013882646776942743,0.00114652717699452,0.0012001368223637757,-0.0003792102426005941,0.001450521423673005,0.00029359240983871534,0.00034948087866521545,-0.0007376636591895173,0.0005383382538437016,0.000952188705317288,-0.001782420363168866,-0.00042909922962684906,-0.00021271410837976469,-0.000685507053276524,0.0006639204673572547,0.0014448661802614676,0.0005846833777872638,0.002421153049605588,-0.00025825801882698823,-0.0007494120782212121,0.001481081111503752,0.0008103084110189229,0.00010836753305435802,0.00043383017893777124,0.0019355591308946412,0.00013882429630029947,0.0012846192128361305,0.0015012385588811918,-0.00018083323245971568,-0.0006748566302121617,-0.0015149970778212366,-0.00011603936134937005,0.0019374256290676487,-0.00037859992264404555,-0.003364003224608799,-0.002641625472784249,0.0002520804215843479,1.4090047228718402e-05,-0.0020141321713001365,0.0011451532821714256,0.0006724974373355508,0.0009414768622567257,0.0007531059543705649,-0.00015968188462365005,0.0006454890373990767,-0.002178225705898108,-0.0004297585756931868,-0.0008874641369200415,0.0005120879779699155,2.9991765687656072e-05,0.0003297442583263748,0.0006628307706301308,0.0004223425639793277,0.0003168872758073525,-0.0008455179385135933,0.0019269531152935491,0.0012548753131543184,0.0014182193368065378,0.0004812687099426209,-0.0003385321211276783,-1.3310178474057466e-05,0.0003963621362951623,0.0006223581193707003,-0.0011616438860073686,-0.000610262259013123,4.5029241947405455e-05
gemver,0.0006467049982650982,-1.2067172469364272e-05,0.001160203729038282,0.0002221450089968534,-0.0008432196207448012,-0.001602832193990859,-0.0004867079939382772,0.0009443940297286543,0.000785574346082285,0.0001889821821047614,0.0014934165050767155,-0.0010848312457609507,7.011915699371861e-05,-0.0005418110247572056,-0.0003793895870734963,-0.000990124699051699,-0.0011896168515603575,0.0006646911190020748,-0.0018772094626910985,7.733366348677211e-05,0.0013023767047949757,0.0007156349246441904,0.0010430745387566276,0.0003301715666263287,-0.0012398332821451025,0.0010102604072825569,-0.001289632743767773,0.00018107438599044044,0.0012159872793644252,-0.00036410906533193257,-0.003025392838430384,0.0010179281394408059,-0.0011996723155284093,-0.0005246327004392191,9.811867009072255e-05,0.0010782582588338603,0.0030760625700673293,0.001483367801281727,0.002970937498806355,-9.233617391954694e-05,-0.00043757996819395985,0.0014516986460269739,0.00023634329166573784,-0.0007570058547167315,0.0006325879074009006,0.0008778779471564727,-0.0007637297272190659,-0.0013074411803649531,0.00033192533818590973,0.0004116659502970934,0.0004688897428827153,7.877588601938139e-05,0.000972040650796973,0.0006721121155553394,0.0016299130074912682,0.0012367468856003445,0.0011945005971938372,-0.0008243403863161802,-0.0010952810150431308,-0.0003428783804540419,0.0005809457628250433,-0.0011586624136220457,0.00019109397544525564,0.001039850506963881,0.0012762766984653557,-0.0004154149177742915,0.0013256284920417885,0.0001735850544517032,0.0003798490086208201,-0.0006979499432620489,0.0004146712623575392,0.0009779473326084877,-0.0017788289043336489,-0.000323600471246108,-0.00019334989782590937,-0.0007461016874812129,0.0006358367067554758,0.0014297369505382245,0.0005052959895692766,0.0022959787715485114,-0.00023297696988164616,-0.0006812029569118749,0.0014212464701712532,0.0007112547561215857,0.00016703079018043354,0.0004491588818685462,0.0018130911177852089,0.00017912237510447286,0.0011842310721274568,0.0014222868194337934,-0.00018308307173558406,-0.0006721419340465218,-0.0014231563578101082,-5.228240479482338e-05,0.0017782225137731682,-0.00038341469553415664,-0.003141432321475198,-0.0024943341074200967,0.0002697250133173333,-1.4622383282080085e-05,-0.0020050671979940184,0.0010129587737739915,0.0006679345064589547,0.0009598244117417684,0.0005820489111809164,-0.0002373240616482993,0.0005950642452161345,-0.002068855791650195,-0.0004833118299656134,-0.000794455265147715,0.0004367811416159384,-4.55863903173142e-05,0.000294130263177471,0.0007238949333946544,0.00038681090356678597,0.00034299344406463206,-0.0007694163763921501,0.0018251297102930646,0.0012085498342963143,0.0013131795761485894,0.00046659950183109485,-0.00038452374954229325,5.593573708514062e-05,0.00037774841964872193,0.0006536707395652127,-0.0011756429707424508,-0.0005479483063229256,8.770073893376522e-06
gesummv,0.000575189117727051,-0.0001045661866656802,0.0012228391440455904,0.0001937875317202674,-0.0008053651318833646,-0.001843725369932751,-0.0004470844869501889,0.0010802135576442298,0.0007651678946179649,0.000348576005813407,0.001816450309484531,-0.0009613619784229539,9.542111203902297e-06,-0.0006669466707131101,-0.0004883105147099639,-0.0010954206130312134,-0.0011532311986633835,0.0008200887322244751,-0.0020003873182253707,0.00012343761045485735,0.0014717687396720673,0.000708632803353895,0.0011914191062613907,0.0003299397786678229,-0.001258012578748296,0.001051375823509362,-0.001446239068172872,0.0002894185605934278,0.0013469664425226962,-0.0005130371557445162,-0.0032603989513720283,0.0010407187316256266,-0.0012398750307814528,-0.0005008253841272866,1.323586265142593e-05,0.001193724462710735,0.003322846920733961,0.001423882003614886,0.0033249997617935557,-6.593539728783071e-05,-0.00036070187828348327,0.0016531947298466952,0.0001594338674395759,-0.0009786626130032043,0.000646587607762841,0.000977293029033414,-0.0007889105715245629,-0.0013707908704721679,0.0003535226165291129,0.00041550989691232744,0.0005895994642438988,7.524196634120826e-05,0.00105986285295027,0.000713695618388657,0.001845698074450613,0.0012905327093903907,0.0012739263474941254,-0.0010701785148638818,-0.001059000460979102,-0.0002902538108173758,0.0007897492873275445,-0.0012354066400095893,0.00014994276312386824,0.0012304398745375995,0.0013117935805995432,-0.0004918768059320024,0.0015455700445777944,0.00041242535048190295,0.0003909560457234167,-0.0007063804918693171,0.0004511138059670985,0.0010284314460780781,-0.001794704478217884,-0.0004659437739367907,-0.00023332621316917034,-0.0008268260911184674,0.0006959225833674686,0.0015390186385452074,0.000572431253709106,0.002552182420105156,-0.0003179239603115194,-0.0007712188971709111,0.001449093177244423,0.0008808651521879559,0.0002306992460540237,0.0005129483890616231,0.002053642797464919,0.00012015959752413134,0.0013634821417427803,0.0015932789004485433,-0.0001395526212743587,-0.0008118378009385196,-0.0015648755781714702,-0.00012646254375188923,0.0019348794675251055,-0.0005333822967562204,-0.0033893202716070744,-0.002881199849070981,0.0003577246712262018,3.926254693295858e-05,-0.0021937995948570054,0.0011884657902151553,0.000745920238033351,0.0009211798605974764,0.0006781927400475575,-0.00024535442773614905,0.0005976314229580263,-0.0022635664863628335,-0.000371257467324742,-0.0008983347506728023,0.0004575365884294216,-1.897929663149019e-05,0.0002970752684632316,0.0007004558538028505,0.0004446147294301126,0.0003184495629587521,-0.0007989478706602111,0.0020517534349993286,0.0012908713542856276,0.001321777685209074,0.00033578520378796384,-0.00035620635612253356,5.287880938137985e-05,0.00039233114274692425,0.0005345853266286819,-0.001218811123787115,-0.0005977528441386918,-5.7975772910544445e-05
symm,0.0006966531428689552,-1.1107672536228267e-05,0.0011615358598646708,0.00021885529309252484,-0.000858239599943368,-0.0016572920366242114,-0.0005387044964461691,0.000991214745833228,0.0007955659724151095,0.0001842565090757691,0.0014870750949032502,-0.0011144260093311055,7.539035868830979e-05,-0.0006048399841852693,-0.00034814092148533545,-0.0010194333590334281,-0.0012024710085825063,0.0006589581640178545,-0.0019519451630508734,0.00015200011613261368,0.0013327138116841929,0.0006927849220422407,0.0010504423521019311,0.00032690742854255304,-0.0012706603235225582,0.0010375572876202771,-0.0013637235646860467,0.0001295639481718859,0.0013254244760092762,-0.0004125285841938522,-0.003132262975365544,0.0011067535944878021,-0.0012345125562407905,-0.0005581833429459948,0.00013303745557398847,0.0011592601400075688,0.003195561345718387,0.0015641250647604465,0.003014434635487204,-2.5786233082827595e-05,-0.0004028711490617651,0.0014609883235405302,0.0003199102080139306,-0.0007391842793569796,0.0006425969339842494,0.0009119281983455747,-0.0008120156239278407,-0.0013821396698606098,0.00035189807628436637,0.00043239919816389575,0.0004939004178999716,0.0001138179892829309,0.0010608296854318017,0.0006949607179396682,0.001638986453245808,0.00132572604666671,0.0012247421481232676,-0.0008178491843864322,-0.0010900737688896494,-0.0003937395619383703,0.0005958384653139445,-0.0012054677742222946,0.00020797681322114335,0.0010993614050676115,0.0012921943141716635,-0.00041014421892921545,0.0014325677063122082,0.00016013850917160098,0.00034641335433762934,-0.0007322075705613113,0.00042074441282440804,0.0009569786881103129,-0.0018305268455757566,-0.0003093656305281911,-0.00016697872221508683,-0.0007727288078361502,0.0005845122246278657,0.0014120114756224211,0.0005615793149142215,0.0023767999987790566,-0.0002254600429094151,-0.0007601138990543808,0.0014692819646976811,0.0007220229809819204,0.0001942021549944507,0.00048610759161723155,0.0018361322678780805,0.0002770588649178131,0.0012487514116704308,0.0014346944517455995,-0.00020209698252276413,-0.0006716261252424576,-0.0014244243300506948,-1.1415341254582421e-05,0.001754181301091901,-0.00033653877931606583,-0.003194439923390746,-0.0025264180828041085,0.00028281962861203484,-5.531744116322241e-05,-0.0020345474670951567,0.0010709880443755537,0.0006913985901822647,0.000977118738875207,0.00064295410993509,-0.000248651248208868,0.0006785299079233988,-0.002175518210909407,-0.0005101932304872511,-0.000809122832530799,0.0004465313726945573,2.9537432257913882e-05,0.0003338097772535144,0.0006819370363599672,0.000442197378207412,0.0002787661150149587,-0.0007896023170259367,0.0018464633548218343,0.0012539468653914002,0.0013746746408287436,0.000503551707273194,-0.0004108533919659547,3.0625905007279165e-05,0.0003758130394797061,0.0006700907633785391,-0.0011862197586904382,-0.0004874606060588525,1.3667260645888746e-05
syr2k,0.000738713710840481,-0.0001689425664355642,0.0012085484583318855,0.000194702053300312,-0.0008671937717331781,-0.0017536370335922886,-0.000631520194777598,0.001047539637915583,0.0007800148192068769,0.00018758081326571605,0.0016553473704132354,-0.0012699356949370769,-0.0001905259915575799,-0.0005551886262967148,-0.0005757745489568657,-0.0010539197327388036,-0.001160968101935901,0.0007421512386321814,-0.001996311656613317,0.00022593624049073292,0.001620626183769976,0.0006861063448013738,0.001290663404991695,0.00040464754703053687,-0.0013316432183374774,0.001147207363424564,-0.0015494812331679794,5.390757319724394e-05,0.001272531675769844,-0.0005588501420182487,-0.003322110369077159,0.0010999266395528037,-0.0012434224093643327,-0.0004594226601410709,0.00016638326794943877,0.0012341196173413966,0.0035302098217976485,0.0016007478180755344,0.0032485258125234395,-7.882061698991392e-05,-0.0004987422144040465,0.0015987828357740203,0.0002371621362726728,-0.0009228626990483867,0.0007017620017803791,0.0008625443798438129,-0.0007944907136132113,-0.0013965530476222436,0.0002390018376495896,0.00045628004641508194,0.0003836107672315039,1.7858414341592128e-05,0.0011180821909672683,0.0008960260472829557,0.0018881833942335409,0.001315471603852024,0.0013502218838160236,-0.0010055795881069368,-0.0011863606115285722,-0.0004011623774810384,0.0007185714105920246,-0.0013150962089033176,0.0003233684854219771,0.001071999763048047,0.0013037217593389666,-0.00032197011266058934,0.0015584235200852465,0.0002775342274819397,0.00030814486348794564,-0.0007194451754912734,0.0005050702465167786,0.0009555967046455609,-0.0018451785882563046,-0.0003752052147723993,-0.0002971374568813998,-0.0007387187441862705,0.0005853607629736265,0.001504037302866992,0.00044120342904029205,0.0024408316789453644,-0.0003353845919870461,-0.0007309508089545286,0.0015107138767941957,0.0007415056073417267,0.00015872485528234392,0.00046062188792145916,0.0020150219885787615,0.00020942449757260166,0.001281756210018001,0.0016679661946707508,-0.00016799220854106048,-0.0008215226927051037,-0.0016095985483843833,-0.00017551598446314328,0.0020856715224605673,-0.00039725684897954733,-0.003518310178252351,-0.0026382457710699076,0.0002867751108068559,8.147213844090907e-05,-0.002181861158331028,0.0011677186703309417,0.0006171091905950258,0.0009732915107936909,0.0008413431367241881,-0.00022792273375671357,0.0005919236444040305,-0.0021880010721765254,-0.0005850410590129388,-0.0010849926966329804,0.00029400276495531824,-0.00010117512041081984,0.00032327881490346044,0.0005827789209433831,0.0005313919229795121,0.00035460665822029114,-0.0007106593782534926,0.002040980584246831,0.001298322649543277,0.0014282046532672313,0.0004996061135089905,-0.00045962060074897535,-0.00010692469449067075,0.00035198497668413137,0.0007365828662134138,-0.0012289486734920905,-0.0005688972370181647,0.00020725725173381053
syrk,0.000567844873229559,-0.00011731608558168066,0.001254293006139859,0.0002595111016287572,-0.0008579893005339222,-0.0017450122169167218,-0.0004697934556235042,0.0009505864646699694,0.0007446533321247747,0.00016832353624825677,0.0016819751984561055,-0.001030393999018189,2.5602442393493322e-05,-0.000638107531509983,-0.0004318348775440326,-0.001061149811398031,-0.0011717423189515506,0.0006979333362930144,-0.0019256504278423057,5.398882139060232e-05,0.0013594643929132468,0.0007501180662075058,0.0011030714061538067,0.00034335759866937425,-0.00125205820384306,0.0010990203607232412,-0.0013319652805673992,0.0002560917463496379,0.0012089401942729536,-0.0005022608416361941,-0.003133543005484777,0.0009578819214463389,-0.0012425036693457514,-0.000494933115179366,9.753012434682912e-05,0.0011686887592077255,0.003202321204904971,0.0013951261967627539,0.0031664765297642183,-9.692681164273786e-05,-0.00041529585723765194,0.0015585516343384774,0.0001841239152579672,-0.0008107074342357615,0.00068715239386721,0.0009000792043581088,-0.0007139107102476475,-0.0013461052084393385,0.00036274137124160514,0.0003706375120802679,0.0005681615132036515,6.505724094394181e-05,0.0009886838929055051,0.0007210173999838945,0.001737320270169423,0.0012050067461031075,0.0012253397338402767,-0.0009743880428787735,-0.0011165958227744948,-0.0002801493165962812,0.0007170540112484661,-0.0012361028330411096,0.00022115445204286111,0.0011569423594563785,0.001251347938604239,-0.00041893492016242817,0.0014260831490496963,0.0003328113056745173,0.00042548085912130773,-0.0006867150271621844,0.0005015295695961362,0.0009149052715050251,-0.0018418254678383367,-0.0004302887894785575,-0.00017853032315744914,-0.0007240347509246527,0.0006889319273694935,0.0014129534486831592,0.000585702526020921,0.002379857388506126,-0.00027705250431608874,-0.0007067480727427108,0.0015396911427766706,0.0008470172502307428,0.00012969442387758236,0.0004847606469411403,0.0018754108265663187,0.00014258107856019505,0.00123966794384008,0.0014661114417119986,-0.00014385589100937877,-0.0006855075577429185,-0.0014636615944457138,-4.95516004674654e-05,0.001925888490707924,-0.0004400353388215687,-0.0033114341721456084,-0.0026837615975333997,0.0003211001102398667,1.5635458920668396e-05,-0.002102015947457403,0.0010940689583852266,0.0007234818864768992,0.001000187621684745,0.0006755773146222862,-0.0002206255368138146,0.0006155809807953321,-0.0021791995786770713,-0.00039352382413603156,-0.000879513528262679,0.00046341973696447286,-4.511287422954208e-05,0.00030820155289903696,0.0007196551398212452,0.0004484479496669438,0.0003386817697901279,-0.0007680978912200468,0.0018898965370479142,0.0012248374405317008,0.0012750985398371187,0.000417209010871981,-0.0003130906576795193,7.089453598988864e-05,0.0003979718920972017,0.0006105277138380592,-0.0012475896283932445,-0.0005696195164798863,-1.6689999029040337e-05
trmm,0.0006754959108042789,-7.068712026618111e-05,0.0014217513619061923,0.0001806476260147368,-0.0007896141469245777,-0.0017933635778414707,-0.0006006310060102907,0.0010773223604903454,0.000921136833817905,0.00015228205140576593,0.0017075341569984125,-0.001222736392972163,4.8846653145220545e-05,-0.000605035859431761,-0.00050097431974589,-0.001198330759911591,-0.0013143720595204893,0.0007512403147605559,-0.001970933433363421,9.656699451928337e-05,0.001478332317169083,0.0006888246959230552,0.0011572968109653124,0.00024965353036855557,-0.0014725526028390352,0.0011745099380075568,-0.0013868935897739397,0.0003425717243064557,0.001249507050185154,-0.00036282452896961733,-0.003167202456906024,0.0010848173252371554,-0.0014662780611413634,-0.0003673293257533159,0.0001373487579662146,0.00109296795562841,0.0032623812989590485,0.0016318119920065834,0.0033184888501030705,-0.00010981258108384079,-0.0004736370982653979,0.001656892536427929,0.0002157244113429139,-0.0008335704979900685,0.0007356781603044106,0.0009091355475700564,-0.0005896041034753176,-0.0013957877850366964,0.00030411013156279095,0.0003580282128597092,0.0004509916446598557,-4.344565725962942e-05,0.0009638535330951628,0.0008593497803101653,0.001911961328409638,0.0012432608022613244,0.0012551886094216672,-0.0009224812707139386,-0.001246794723556377,-0.0003875520746482329,0.0007581505487905815,-0.0013398032448700785,0.0003049052934834941,0.0010940511549253846,0.0014744911653300126,-0.0004380141439873518,0.0013473066325483767,0.0002499800539226271,0.000491512868191219,-0.0007454323931597173,0.00040195059167065966,0.000941443665295891,-0.0019258499804790416,-0.0004326677016150724,-0.00021946368279815133,-0.0008482613468206384,0.0008043736363308401,0.0015112411638256162,0.0004889839393500653,0.0024940250700132716,-0.00034303885089078295,-0.0007258955894131861,0.0015438465893061624,0.0007154373484404965,0.00019954808724125743,0.0004491690358716167,0.0020089914453112418,0.00014747742453538295,0.0012631692972920267,0.0015553322510742065,-0.0001696941520397862,-0.0007990813743769346,-0.0016837481008325187,-9.611408111393555e-05,0.001977134293863653,-0.0005378180628920543,-0.0034691708569880575,-0.0027998574660159647,0.0002469402615032676,7.373824882961344e-05,-0.00230135595645859,0.0010375872467799734,0.0007257948260909567,0.0010100759746920732,0.0005443315086368886,-0.00019500732014421374,0.0004327668704920345,-0.002367532630968425,-0.00046208044861689105,-0.0008703711856570509,0.00034185179700014286,-0.00012913097937901816,0.0003743224191970916,0.0007457813323223187,0.00039021180257097713,0.0005068277241662145,-0.0008660491172728749,0.001996239860697339,0.0013413543282594117,0.0012567553979655106,0.00036589168303180486,-0.0003345566866401997,7.882986291305214e-05,0.0004952739392239084,0.0006319601155458562,-0.0012873792083054367,-0.0005333199709032973,5.295168860660245e-05
2mm,0.0006722548334639416,-8.517551517191653e-05,0.0012424689638363714,0.0002851185975790334,-0.0008094738247261072,-0.0017252538172114226,-0.0005385644552815291,0.0009688241762988684,0.0007833987797817423,0.00017072154635873935,0.0016051686718330732,-0.0011216742067416715,8.272691532814254e-05,-0.0006499220891985007,-0.0003901554978761447,-0.001073868397118834,-0.0012421351190520606,0.0006978850514214071,-0.00200004041996888,7.054542139586475e-05,0.0014016553878819752,0.0007691067245711262,0.001131051165834328,0.00035617288085632026,-0.0013071215885752786,0.0011082094970333856,-0.0013542175681019823,0.00026411439628443785,0.0012219362025563088,-0.0004175497387121949,-0.0031701416721464032,0.001006133319707361,-0.0012429778936267314,-0.0004464422375652551,6.850052482655479e-05,0.0010818017763085663,0.00321080844474232,0.001443034665296889,0.0031798530722476747,-1.278536445978615e-05,-0.0004196067440918543,0.0015040950198049864,0.0002515698781482772,-0.0007740149222728279,0.0005513869784610708,0.0009200922617714645,-0.0006763558501714013,-0.0013702462860641794,0.00033855876568446145,0.0003034982186767997,0.0005789069133849504,-1.5434810645981794e-05,0.0009950061309306573,0.0007700348368315543,0.001714957937818124,0.0012650820968297517,0.0012518901429656479,-0.0009914612617447143,-0.001213198092753171,-0.00029935378309649724,0.0007155806096206005,-0.0012431166469468735,0.0002591730477029665,0.0011380738320036067,0.0013099523299994569,-0.000490252719626167,0.0014477153105569112,0.0002740794055474301,0.0004440921281153957,-0.0007301141482053532,0.00045604152627573867,0.0009789911424983682,-0.0018909346771478239,-0.00039138174199453916,-0.00021065979348754304,-0.0007707503084222683,0.0006759987542560945,0.0014122439320595327,0.0005234654042093704,0.0023799704083810663,-0.0002572758403402986,-0.0006956114403035624,0.0015227715079567537,0.0007527941213791362,0.00015434035231010057,0.0005454279178391314,0.0018347844015806913,0.0002152159884442679,0.001200069980515966,0.0014997231402149838,-0.00014127885677023895,-0.0006713020540903219,-0.0014845195093787173,-2.8232341315338595e-05,0.0019161173048713761,-0.00048433016571733687,-0.0033224980579689145,-0.0026921864288548627,0.00031586946311613754,-2.2672767146205944e-05,-0.0020578570159462592,0.0010146866681882078,0.0007710122542145351,0.000968524406845164,0.0005703698342484939,-0.0002902107371482998,0.0006187237482259257,-0.002169911389096847,-0.00036683489290428243,-0.0008450586093305093,0.00043879883095440973,-7.478037473952604e-05,0.00036273903970140964,0.0007584935719933128,0.00044797689123596583,0.0003782308453487025,-0.0008554982842825768,0.0019173246562584406,0.001262825667961604,0.001265481203315883,0.0004040009015524346,-0.00036638906062257267,7.851181377797427e-05,0.00045062539174978156,0.0006370352528190577,-0.0012606211724535872,-0.000589136803884887,9.174756188359526e-06
3mm,0.0006410794603117905,-0.0003401828357977245,0.0012848280282067956,-8.925674260621342e-05,-0.0006526570137151901,-0.0017343923202989733,-0.0009096060290603953,0.0010982589241500724,0.0010626044275019975,5.479991394916878e-05,0.0017459682832636377,-0.0011565639253924875,0.0002078959095182226,-0.0008378465409965857,-0.0010285073589971837,-0.0008869438367101419,-0.001294406334636733,0.0008763271274373812,-0.001995270448627279,0.0001244584221721572,0.0019352715633645216,0.00040612833040273367,0.0015824100341620471,0.0001509403461087084,-0.0013997353434045661,0.0009473110343713095,-0.0017664729453185026,-0.00021107836233996377,0.0010743973680826671,-0.0002968811758739107,-0.0034990045652889155,0.0010130745963311603,-0.0011186498073477518,-0.00017122420992082507,0.0005482621473835452,0.0015128198702929214,0.0033300395863240257,0.001345216851297985,0.002987120526514071,-0.0002880059730480699,-0.00027455898131901286,0.0015728355604497826,-0.00023108054943697746,-0.0008992759702617631,0.00048019897504298785,0.0007546199031982242,-0.0003253156704458353,-0.001806660634054638,7.587338811444009e-05,7.230611107147792e-05,0.0008464773041744004,-0.00012702164103222245,0.0007331132005407091,0.000886172756081043,0.002369085653780905,0.001109208182349582,0.0017543645500315026,-0.0007880802184124203,-0.001487448307350004,-0.0005802371272105066,0.00036726120742969215,-0.0012364987222313443,0.0007548401686910759,0.0006901420188917066,0.0011299285551478319,-0.0002635537615895052,0.0020365474055699237,0.0005929162109489826,0.0006074809078948901,-0.0006424816263675251,0.0004977268370780888,0.0010482301267449442,-0.001911611562664963,-0.00034552221340538165,-0.0005901923674601302,-0.0006433523599030998,0.0012101565234308295,0.0010310457146260887,0.00039479981847655247,0.001998258672435494,-5.216769589905573e-07,-0.0003959837320187088,0.0017407744325122192,0.0010741974555832498,0.0005490825389963848,0.0007436871905263295,0.0019214660655159283,-6.014342344475581e-05,0.0008989479574665893,0.0015553295002866756,4.313440021017895e-05,-0.0006163230967050528,-0.0014184365316075,-0.00026842286495272727,0.0025227813543204,-0.0004972673037520829,-0.00375339192995692,-0.002698749683879535,0.0006521372158792527,-0.0002699940947315875,-0.0020247472429593258,0.0011574204768026795,0.0008379090551684118,0.0008266921881038477,0.0011223661644822534,-0.0005222766605370185,0.00022802731323548977,-0.002010875112746897,-0.00028303696479484,-0.0013810602497816196,0.00010588530216516708,-0.00025901535991579294,-2.8472653973628493e-05,0.000722158196474672,0.0004056477063225911,0.0005886230056228884,-0.0004199068541364635,0.0020139379091286924,0.0011689308517174248,0.0018111652521731552,0.0004981910880066126,-0.00043108287226299155,0.0001789973637856105,-9.52677259567067e-05,0.0008784708667971084,-0.0009567454210756457,-0.0009898805532001836,0.0005273215407642591
atax,0.0006470181392882403,-0.0003170750124434776,0.0010412099457907437,-0.0002753563937457169,-0.0004584516025394859,-0.0013831467282109182,-0.0009194884298588423,0.0008652940433581962,0.0010909024379490053,0.00018892956294995898,0.0014659022524617339,-0.0011055014757028617,0.00023618178195593988,-0.0008728689675027615,-0.0009494072831276914,-0.0008457479673191247,-0.001209584780393497,0.0008109047998646822,-0.0017261413569726488,0.0001266223022385555,0.0016087469035376083,0.00023389540215515916,0.001448965083588572,0.00018616244752218549,-0.0013588707849575097,0.0009092454848167323,-0.0015723486704861418,-0.00034866638752111397,0.0012354405514676781,-0.0002178156008834348,-0.003190400017261067,0.0010974868187879432,-0.0012122331193976982,-0.00011361100779836038,0.0004625623097287162,0.0014410001766758367,0.0030024360124062855,0.0014503845903912887,0.0027705703922787078,-0.00032140396412133295,-4.389030971865663e-05,0.0013800356639823055,-0.0002255777525373132,-0.0008549444815691779,0.0005395844727632613,0.0006263728702084764,-0.0003045522599302999,-0.0018984225958667915,-4.9933354603126645e-05,5.952200637479751e-05,0.0008784732755670763,-0.00021343312041340943,0.0007588003748370444,0.0007855824215392418,0.0020531403048046153,0.001083119895637912,0.0015883299946675405,-0.0006682251525275848,-0.001311174756531674,-0.0006755223833298421,0.00033436297620509695,-0.001033570131232195,0.0007748390643802635,0.0008211450630744152,0.0010058336637859397,-0.0002925609694691101,0.0018722842977534609,0.0003943125347552054,0.0005832601283841274,-0.0006729027578223715,0.00036276027693769294,0.0010143880413927358,-0.0016798267075928913,-0.00011879479279741645,-0.000677574662190369,-0.000566495128784,0.0010587827727089032,0.0011657762841102393,0.0003462921047364088,0.0020329014548812717,-5.616289041320081e-05,-0.000339594414767549,0.001484134784036809,0.0007451845954432536,0.0006258030719918144,0.000607464205720188,0.0017994808149524033,-3.2883685301331914e-05,0.0009212556552644374,0.0014188138679053415,-2.5795964414582532e-05,-0.0006668844601817374,-0.0013824401916388202,-0.0003908968141973566,0.002159163013429326,-0.0005292751117368051,-0.0033195272279793724,-0.002416757760596845,0.000587286485824734,-0.00028077250959433834,-0.0016471188111395081,0.0010772562715882325,0.0005600088248577188,0.0006724520422079984,0.0010709344436798025,-0.00044836541843217085,8.206641274120877e-05,-0.001932957605116398,-0.00020340115674223532,-0.0010947647576412076,0.00011675498407224521,-0.00011161926051820902,7.581970695515766e-05,0.0006243685600245098,0.00021031725576476138,0.0004744267721167382,-0.0004895389906510793,0.0018138460342443602,0.0012116277905400185,0.0019175052567494705,0.0005737430041977752,-0.0004033418954350054,-4.253149895435747e-06,7.576475742526407e-05,0.0008069959146857454,-0.0009007885134504998,-0.000968726707951111,0.0004325155228691395
bicg,0.0006213192284442758,-0.0002984417343909359,0.0010167487189926975,-0.0003520724045194905,-0.000435903382501291,-0.0014853795651373837,-0.0008687419022488244,0.000982646381838576,0.0010908521704978363,0.00028230512329815505,0.0016115822492044091,-0.001011547476724338,0.00021851117215941057,-0.0008119902820052469,-0.0008945490337603534,-0.0008244333199827987,-0.0012650329787421094,0.0008741124560508658,-0.0018224277643158154,0.00020907175562837545,0.001725746208916569,0.00022730249004191994,0.001427858349737054,0.0001575248157036292,-0.001392607746364614,0.0008517286247190307,-0.0016498106860500924,-0.0002948586847838562,0.001289764905403204,-0.0001858109950690585,-0.003301225888529135,0.0010413158580537558,-0.0011554449173512265,-0.00014220587763702497,0.00041702351026127446,0.0015007133992827114,0.0030736981647993054,0.0014479846953797866,0.0028885201403789002,-0.0003050410613308058,-5.034570280900773e-05,0.001475896785610958,-0.00017786211666294977,-0.0009506874211022959,0.00046593444302048097,0.0007139528760864563,-0.0003281194594284684,-0.0019136510570259655,4.426842753994553e-05,2.394318674786893e-05,0.0009470412324470304,-0.00016383010798188692,0.000812500948086381,0.0007261374506496769,0.0021947436993393827,0.001190566673518761,0.0016747894902330112,-0.0007072505404186599,-0.0012578566384036094,-0.0007087657234960181,0.0003523262104649535,-0.0010855785529950961,0.0006348607438506887,0.0008201845647657619,0.0010947027271065641,-0.00028654809541288107,0.0019954264690193882,0.0004972041009322685,0.0005155955544015503,-0.000658908937646843,0.00039068666570956875,0.001073692025623613,-0.0016885062218267087,-0.00016086633117725688,-0.0006700289069318815,-0.0006391135496361291,0.0010727339300929623,0.0011743099462097127,0.00042243422050138605,0.002162067942074774,2.455286234822672e-05,-0.0004612000655149185,0.0014297156616093537,0.0008787059187478222,0.0006610815531423534,0.0006126785370082978,0.0019179159391890554,-8.159039391423849e-05,0.0010148344774600392,0.0014316438532927457,1.2174306903034449e-05,-0.0006958852536627091,-0.00143617410075796,-0.00040592208311221944,0.002214588050264865,-0.0005781764775747433,-0.0034763012492262267,-0.00258781506529297,0.0005843998686246135,-0.0003318882582414731,-0.0017722697880612139,0.0011718933648594161,0.0006529747111284558,0.0006497127058751442,0.001038377668010071,-0.00040489632930770954,0.00016290234634652734,-0.0020475920755416155,-0.0002235874442917788,-0.0011519425863619236,0.00016030988883679076,-5.0420328454278846e-05,9.3488471226438e-06,0.0006057494688053232,0.00028512844651499213,0.00045892321641611704,-0.0005515702631622416,0.0019401792635428993,0.0012577091555987649,0.0018963237748453941,0.0004848716177066843,-0.00036970458527588667,3.6561272709685215e-05,6.809820126149775e-05,0.0007277875721389565,-0.0008747326175901381,-0.0009424016427467851,0.00038274051279158275
doitgen,0.0006328253798796248,-0.000300434166467098,0.0012159578156356206,-0.00013814216842600966,-0.0006829533308251377,-0.0016781996288473772,-0.0007860778885729172,0.0011208760346669484,0.001044708612265394,9.606724865186741e-05,0.0017341359010007342,-0.00102980576647336,0.0002334854319034254,-0.0007930654083953842,-0.0010022458582705654,-0.0008639116370913518,-0.001294814098133322,0.000840132638319012,-0.00198410454151385,-7.14810414458899e-05,0.0018532683898229152,0.0003743670942426166,0.001594903161543805,0.0001501242990985595,-0.0012484883169664124,0.0008924651714658146,-0.0015923646792276379,-0.0001289157273062943,0.001206705963019939,-0.0002560852615929702,-0.003462980706792544,0.0010199932331649026,-0.0010266083682996825,-0.0002684732375842834,0.0003745036168873091,0.0014708463636720005,0.003234312751374091,0.001325104187023552,0.0029092741743250586,-0.0003965842325295157,-0.00021143910057349678,0.0015423974537578248,-0.0003374727590091746,-0.0009645065429675229,0.0004925878644879797,0.0007083700432250386,-0.00043052293339689425,-0.001801799363045789,0.00013313261939294855,0.00010069081797743874,0.0008574496631113374,-0.00013618720763855998,0.0006360557539772023,0.0008179106362684466,0.0022949697261484448,0.0010439844884197501,0.001783556626726161,-0.0008579142706687836,-0.0014227687844301246,-0.0005811345831984106,0.00032675152589731356,-0.0011281300539849326,0.0006272129625465502,0.0006533103073974524,0.0010486297097111888,-0.0002520699362160967,0.001969021660817602,0.0005949670217780615,0.0005407910965218701,-0.0006430391119519139,0.0005053906181060216,0.001165696640194202,-0.001836274985501351,-0.00030442316223985367,-0.0005748808779411347,-0.0005994897322071826,0.0012223353397155948,0.0010853483502561336,0.00045204295448082336,0.0019341846072005436,-3.977433773209615e-05,-0.0003848879479097805,0.0016495027525439475,0.001008877866244053,0.000540489682701745,0.0007106091977809282,0.0019206706954933265,-0.0001588493332212024,0.0009325605845547483,0.0015418489895048825,1.2205872575149816e-05,-0.0005866234928629745,-0.0012775190826847822,-0.0003050550037775846,0.0023769404044073515,-0.0004881867085607476,-0.003595414732391124,-0.002704718434388804,0.0006588098031523474,-0.00020266979909673168,-0.0019439377013922615,0.0012725821066209499,0.0007903487592771211,0.0007777755809536971,0.0011523936820380827,-0.0005817863330936662,0.00019000083728529075,-0.0019813533940845553,-0.0002711393719758181,-0.001222980017808047,0.00018332738716922263,-0.00024344620760530233,-0.00010337854858816547,0.0008126488434808219,0.0004161672276335166,0.0006357655887875487,-0.0004028868844376548,0.002038316143786206,0.0011942316709524568,0.0018144919518175919,0.0005400907220438752,-0.00046973805943065705,0.0002199476002715528,-0.00010488583489752593,0.0008459674403745928,-0.0009428464040598448,-0.0010906546513604768,0.00041488782667061864
mvt,0.0006174191422520808,-0.0002720400139771621,0.001081928938647787,-0.000290122561101966,-0.0005446723114479991,-0.0014733458400073955,-0.000905929900267545,0.0009297806947656415,0.0011181581272360157,0.0001264697570792016,0.001508178239044569,-0.0010162448383840349,0.0002429017810808385,-0.0008657797640326488,-0.0008999147169507684,-0.0008380794349838706,-0.0013003821419688927,0.0008559684604680276,-0.0017447141615454765,8.031658088678822e-05,0.0016338043959181318,0.00023154862762620563,0.0015003199873985175,0.000191169619510594,-0.0013361595171291435,0.00097961158505367,-0.0014820138732080951,-0.00025998171151834815,0.0013070031247266075,-0.00019984123269643853,-0.0032784579688107923,0.0010428163068889476,-0.0011990979649400448,-0.0001781802425017197,0.00040681992130189696,0.001481454836560742,0.0030076529613271463,0.00145792294814087,0.002823295134208713,-0.00041598053169710674,-0.00011158693472252173,0.0014938179605558295,-0.00028329291201182916,-0.0008806331452968367,0.0005989388369284023,0.0006568094831891358,-0.0003480724707889535,-0.0019241239676964195,1.1851418736007284e-05,3.004612517543137e-05,0.0009270375722895979,-0.0002404386194778935,0.000739731007556924,0.0008521900197271915,0.0020926399670048233,0.001114162732847035,0.0016000992618501186,-0.0006831087555517169,-0.0013471818600759005,-0.0007154671064413645,0.0002765105112784487,-0.0010132589574341716,0.0007313356532797436,0.0007824894376373028,0.0010091551641166648,-0.0002258868720245493,0.0018879864475606796,0.0004278736040064627,0.0006173994830426048,-0.0006709083647686331,0.00039333400833557416,0.0010126700536228087,-0.0017288762832964387,-0.0001556353567781009,-0.0006849033045856392,-0.00048491877661196184,0.0010808406000518624,0.0011876801247982418,0.0004126633404452792,0.0020384718766709897,-5.831425540450522e-05,-0.00036610851341666766,0.0015745285640792537,0.0007903008415322641,0.0006090237533071023,0.0005187833996708779,0.0018170047688352712,-0.00013056857963366543,0.0009431116982341337,0.0013564158169388333,-3.991573227240759e-05,-0.0006523030948729309,-0.0013396956047097988,-0.00036818543894161633,0.0022088285306167297,-0.0005395958238188862,-0.0033599447239847746,-0.0024531442630926475,0.0007050740224418833,-0.0003187362171421923,-0.0017789172159288736,0.0011544275809736812,0.000618642579544993,0.0007137779697693666,0.0010718518272316193,-0.00042997969499350907,0.00013373067999696906,-0.0020061833612785183,-0.00027975723873276045,-0.0011238369128584642,0.00019127788426190177,-0.00013090015443808893,-3.428584450910635e-05,0.0007161590229396312,0.00029540118103956473,0.00048309870009474894,-0.0004493736684226486,0.0018040561528109452,0.0012857602080604171,0.001931074058280929,0.0005628380043644403,-0.00039987198611283125,7.114589885425041e-05,3.623204450859168e-05,0.0007844246339278898,-0.001030112086000907,-0.0010095669148380264,0.0003049032598295633
cholesky,0.0005828073121342135,-0.00010343631341432531,0.0013962996438042158,9.039439545530412e-07,-0.0008554875773067275,-0.0018931110939269678,-0.00047532778181549575,0.0010918883846089658,0.0007988253071542002,0.00031899452248277765,0.0019004642769383888,-0.000929761306098145,-3.0729356997956835e-05,-0.0005995314794644299,-0.0005723076440820781,-0.0011448877145691465,-0.0012303255385227709,0.0008464834778957689,-0.0018974382126341676,0.00010537676927116182,0.0015447862384058277,0.0006478459043945703,0.0012071139434637087,0.0002161090960726142,-0.0012954129361888692,0.001093949611660921,-0.0014768744650710789,0.0003086286985004942,0.001413025476116066,-0.0004657765772814552,-0.0032372001183426213,0.0010845007331631172,-0.0013443153713726336,-0.00044805076787371136,9.241653767983532e-05,0.0011806266621634779,0.0033653499611116583,0.0015815826870190601,0.003326248280548801,-0.00013414929465701184,-0.0002780193050663608,0.0017269892236476557,0.00015339513548598107,-0.0009810932549751466,0.0007841744162659678,0.0009989561755598213,-0.000731683372578118,-0.0014813731880470489,0.00033136136900995753,0.00037660699712836906,0.0005374782873938481,8.035555947571993e-05,0.0009443386386717773,0.000748022587180862,0.0019692434353702185,0.0012587287071962943,0.0012823609156637555,-0.0010128630803794498,-0.0010257291740142843,-0.0004396567690289683,0.0008626461656401969,-0.0013579073838627664,0.0001762246732444813,0.0011795057135815215,0.0013614934836772995,-0.00045470655054992274,0.0014705548845894453,0.000384738389079252,0.0003992577872446014,-0.0007663407660503355,0.00040152628045891307,0.0009385086361564592,-0.0018061339590834298,-0.00046014304118418496,-0.0002728538177810454,-0.0008205834294333019,0.0007360956127134463,0.0015360311279235045,0.0005828972724783751,0.002546977203261728,-0.00036141118936130725,-0.0007558382383194839,0.0014397449914314267,0.0008667282009911207,0.00029064103748371254,0.00047883292427286506,0.002106319019933128,3.2712069999737046e-05,0.001416756695511544,0.0016440320598323727,-0.0002769330975651327,-0.0008080680510021113,-0.0016569194332179096,-0.00015168186170437062,0.0019031572333511172,-0.0005286103874419092,-0.0033899814136222834,-0.0028526783474565796,0.0003146177170694702,0.00012253525306328406,-0.002304537267466205,0.0012996227871755967,0.000770320646956356,0.0008823290409054607,0.0006343122553921097,-0.00015384147182986554,0.0004878505359455529,-0.0023839505746663134,-0.0004606415827260611,-0.000920421219133358,0.0003978438528267563,-1.4491363092222147e-05,0.0002443530344559501,0.000610869851192951,0.0004399046463529683,0.00042920711954745155,-0.0007594152363405252,0.0020830559498992646,0.0013057631020072019,0.001287760733652653,0.00031068518410393153,-0.0003214646862438207,-2.337501508817594e-05,0.0004022851050346314,0.00044069061489911593,-0.0012589031604066906,-0.0006359103200439778,-3.6999488656874746e-05
durbin,0.000662527107730663,-6.297189570937512e-05,0.0011723524318464722,0.0002768409693898219,-0.000827155444615831,-0.0016573668674229542,-0.00047758290828723047,0.0010041891558406253,0.0007889497662997908,0.00019366062285068134,0.0015099872673292542,-0.0011435985377627527,6.889770803455677e-05,-0.0005413437368891513,-0.00038378305079176143,-0.001022576860527301,-0.001132589798443304,0.0006842319756591072,-0.001893478859629896,0.00011379789147112105,0.0013469526853037274,0.000724587030062038,0.0010100555052000952,0.0003221968066403254,-0.0012543129814730491,0.0009580496504592398,-0.001336892584933796,0.00017893585188883461,0.0012036790075297984,-0.00040550505380249687,-0.0030180907876153165,0.001041477227722175,-0.0011860036886193687,-0.0005095366810160663,0.00010898140478982693,0.0011042437658438252,0.003124085382700691,0.0014661855271293058,0.0030016749870911655,-6.101833423599601e-05,-0.00045596387644764036,0.0014656765916798678,0.00027366901688057825,-0.0007572506955410871,0.0006331272905097447,0.0008731261841603555,-0.000764313104607734,-0.0012673059633622568,0.0003610321000451222,0.000469048192624339,0.00041292194994942594,0.00010987167156094479,0.0010014652766080366,0.0006642883995987682,0.0016768895018483615,0.0012337983757283331,0.0011707778515604634,-0.0008315213684303066,-0.0010955914563560833,-0.0003035655730248739,0.000627512501927817,-0.0011737326672624073,0.00018796019139699638,0.0010512166118132882,0.0013125292930959,-0.00043725909603785514,0.0013178302754871158,0.0001890958382217731,0.0003933095172720237,-0.0006646907422691584,0.0004414620485072697,0.0009905446648998703,-0.0017992070595735437,-0.0003515814981559136,-0.00014643627754493436,-0.0008127528967128859,0.0006378718082689577,0.0014232796911528567,0.0005037911921843059,0.002344730264869415,-0.00024411136534278435,-0.0007173810131083277,0.001433553269129738,0.000737436581403017,0.00018732527799632712,0.0004888415537101941,0.0018590076554877062,0.0001946025537714983,0.0011960812355229994,0.001458843898338576,-0.00014540996441307166,-0.0006980175255901284,-0.001471100535935774,-3.2740565883513125e-05,0.0018207792195931284,-0.00034741837910385383,-0.0031984898927880246,-0.002560997617870776,0.0002154269540268514,2.7608883909932854e-05,-0.002031630060325066,0.0010164279697669877,0.0006533852073415699,0.0009504587150230589,0.0005890421525691636,-0.0002183032209157116,0.0005759175853907234,-0.002071566205510559,-0.00046706433285079483,-0.0007996184641443607,0.0004051939201114389,-4.188493282223741e-05,0.00032947178826563887,0.0007213779800723488,0.0003667671311025818,0.0003199511071822296,-0.0007669122100600766,0.0018485201160526937,0.0011780915374401957,0.001293746196703675,0.0004434985799485326,-0.0003837599807007387,4.338011075964864e-05,0.0003585656342895365,0.0006923753050311158,-0.0011058833689377126,-0.00047872259488536254,7.994998628014905e-05
gramschmidt,0.0006084400575833998,-0.0002934090811964672,0.0009444649297031848,-0.000138080189251067,-0.0004874576030381243,-0.00145257923491847,-0.0008381815654609134,0.0009576961439212455,0.0011231639141709928,0.00016416906831128632,0.0014510471125557909,-0.0010765246115624905,0.0002695912159705425,-0.0008420052301302991,-0.0008813556055161718,-0.0007220188340665225,-0.0011977707652155967,0.0008147636425051399,-0.0017256667590974009,0.0001604126369142357,0.0016585262072861522,0.0003223616753102225,0.001410673538082526,0.00020741304829511244,-0.001306384254455813,0.000868670448065078,-0.001477807732846807,-0.0002675724690026768,0.00122041892780758,-0.00019410671666264534,-0.0031549615788903527,0.0009553858645256911,-0.0011119035154800205,-0.00015029116655247942,0.0003534062193734024,0.0014798799974789075,0.002965718733749407,0.0013193144558874123,0.0028034622005447198,-0.0003640953800641,-0.00019935998716391623,0.001393988572732162,-0.00016490048223846208,-0.0008966792922686128,0.0004865566526645767,0.000638937423526145,-0.0003565477964002639,-0.0017594006494618952,1.4230155262767393e-05,3.7305443530546176e-05,0.0008484599486965796,-0.00023565367240842213,0.0007627923897577121,0.0008128161322982872,0.0020393366319373905,0.0010401967738289386,0.0015804623459082317,-0.0006788838791715749,-0.0013464843838900218,-0.0006786439471932896,0.00024352779249003266,-0.000999417036997757,0.0006706330767723129,0.0006770746087354115,0.0010509324150488658,-0.00024896581924301297,0.0018343919450939318,0.0004571172295768252,0.0005775334019049563,-0.0005630555233972915,0.0004295777252991684,0.0010366988531399436,-0.0017294484269394375,-9.84007694890298e-05,-0.0006382597117301295,-0.0005918209396494443,0.000996975354877684,0.001128005532657827,0.00040178959983784487,0.0020365843665786088,-4.9585969383556134e-05,-0.0004098180601003525,0.0014634220820238732,0.0008220266591867103,0.0006043983166284092,0.0005710936076117351,0.0017807677675805548,-8.816007517880815e-05,0.0009237097677963474,0.0013516504721551696,9.708621141993824e-05,-0.0006632051179836065,-0.0013098508360973723,-0.0003276944882921217,0.002230379408608903,-0.0005266728029549567,-0.0033147215897984363,-0.0024171000558828168,0.0006097088095403331,-0.00027244844001389165,-0.00172331155729754,0.0010823555092108162,0.0005438703536877737,0.0006685375872835078,0.001007262516342213,-0.00043551030445515234,0.0001547655590590747,-0.0018590532486354385,-0.00029073312265716274,-0.0011143811553826228,0.00016375704452751533,-0.00016187122502528569,-1.5271483468549215e-05,0.0007189022893298362,0.0003313925356932861,0.0004290913827443386,-0.0004225478409994941,0.0018067694344448253,0.0011868725893745089,0.001764767332454486,0.0004969086465494269,-0.0004031090168556308,5.9549792614929814e-05,1.153351502794334e-05,0.000827852358805317,-0.0009406166911289535,-0.000883694361511837,0.00038418501978466175
lu,0.0006425725425490075,-3.473349756354259e-06,0.001296257109869556,0.00014352436604288718,-0.000764723255189084,-0.0017865444662877256,-0.0005272606180773841,0.0011000852844315684,0.0009133484854828566,0.000341813791439765,0.0017228776450792793,-0.0010608234313420123,1.6268084032668008e-05,-0.0006504463704509868,-0.0005756712804820078,-0.001091868627958724,-0.0012007975609675567,0.0008233424693268413,-0.0019186969665396544,0.0002135886105760518,0.0014827964251809237,0.0006636484031332657,0.0012421018570118274,0.0002427959350623294,-0.001364354580497699,0.001121419646046383,-0.0014428098996480305,0.00030123660851839103,0.00137913217380022,-0.00042074998944169946,-0.003165369879247414,0.0011486957632263915,-0.0014098198347104092,-0.0004262738438127498,4.669980585782064e-05,0.0011225719127752301,0.00330640766656466,0.0016054132138378918,0.0033273912817498464,-9.006419632997777e-05,-0.00041778817831072956,0.0016642654413266832,0.00019147491871586276,-0.0010115941598390539,0.0007445891969837248,0.0009855732181070682,-0.0007335891213086951,-0.001364015036314312,0.00020392589471561628,0.0004470553083390567,0.0004378073418694031,3.8148112556276224e-05,0.0010307448747981754,0.0008224960911320522,0.0018424136117876817,0.0012686900938408347,0.0012497426359914243,-0.0009382576034921738,-0.0010847609596061779,-0.00043912809471496276,0.0007342527322988543,-0.0012718935977318324,0.00023280834041846296,0.0011498698990585075,0.0014186949022890378,-0.0004667769697132624,0.0014338005946936188,0.00028924729364613694,0.0003944565251003951,-0.0007104221375710848,0.00031814977814469277,0.0010070796621827565,-0.0017656209868922208,-0.0003769180190526337,-0.0002791329308011983,-0.0008625277227515148,0.0006930477684363723,0.0016305284690234759,0.0004518625452571238,0.0025489343808860416,-0.00039369923979393207,-0.0007353219768901909,0.0013749131062973498,0.0007049075170976317,0.0002853300054286794,0.0004318891636406382,0.0020827799582750434,0.00014072721630024412,0.0013547414952578645,0.0016295684132880222,-0.00020772295020934608,-0.0009153553798266026,-0.001666856797075727,-0.0001902454241644591,0.0018466627742681238,-0.000573124633067184,-0.0033000023589314273,-0.002778326678607199,0.00033918291188052133,8.806577574836815e-05,-0.002280488351566924,0.0011219512962270528,0.000670177971995953,0.0009100437972746375,0.0005900173758467039,-0.0002212585968663916,0.00045865082130250003,-0.002291770765118094,-0.0004955626629655146,-0.0008713512054075383,0.0003391689978242438,-6.707164640020992e-05,0.000302321172461638,0.0006546179368645729,0.0004104462714167312,0.0003850895704494582,-0.0007686194415631084,0.002028171315840963,0.0013336508515446137,0.001297409523330215,0.0003397234577278141,-0.00039931690945296496,1.4774197741947622e-05,0.0004237478631491993,0.0005491029909939647,-0.0012614465991242065,-0.0005454667391152018,-2.9644144686042433e-05
ludcmp,0.0006206750072629398,-3.6994605680875895e-05,0.0011869055168871353,0.00020269939462499073,-0.0008056339251601861,-0.001646288971339042,-0.0004624130540630884,0.0009422659738144527,0.0007609865181924155,0.0002637948459272997,0.0015965608286529055,-0.001061560839944933,3.9085286617692975e-05,-0.0005786928070139968,-0.0004157782347344134,-0.0010047020833654744,-0.0011355784473481537,0.0007124069331136221,-0.0018750781568491624,0.00018412018350015083,0.0013395813164404696,0.0007291226760975809,0.0010421636377739357,0.0002956322431499656,-0.0012839025807301772,0.0009989395459544742,-0.0014180636822452976,0.00015364700690649138,0.0012192917929496616,-0.0004207922352684869,-0.0030664198064995515,0.001056423155508431,-0.0012379967083688825,-0.0004954526628150941,0.00013411593681667,0.0011190902603427982,0.0031914156425045803,0.0015026621856830185,0.003061685677595152,-5.2475338129119744e-05,-0.00036889438666144595,0.001495942662586458,0.00028464130526925955,-0.000811288133263588,0.0006479033442398455,0.0009386105335175267,-0.000759403410484083,-0.001353346454885064,0.00030767194726245687,0.0004278238106457542,0.0005118157803533702,0.0001302466068106393,0.0010272948452944143,0.0006454716009708742,0.001711793046625745,0.0012556700514526004,0.0012066385307763186,-0.0008502224356763893,-0.0010359405916662784,-0.00036442373594683077,0.0006660088587927425,-0.0012377447362976251,0.00019761820052129528,0.0011277102571006657,0.0012863837505897714,-0.00046064472634397034,0.0014017262172071948,0.00023422541562467813,0.0003583632254352172,-0.0006967558842411058,0.0004072705212618328,0.0009739039867579575,-0.0017631608304024364,-0.00033548969844964124,-0.00020435142788402218,-0.0007781957667450317,0.0006433291806994627,0.0014489774552607236,0.0004927908367891279,0.0023915198398754,-0.0002268044485794639,-0.0006948395405035828,0.001388835473133238,0.0007643681585452416,0.00021115103704182224,0.0004864758326827238,0.0019049516963099854,0.00020409073557756428,0.0012493180396025612,0.0015014755319700474,-0.0002032725250400189,-0.000732044822749837,-0.0015307200584276062,-9.657066160192092e-05,0.0018147374891365569,-0.0003995495266685288,-0.0032087775309466654,-0.0025708968072043112,0.0002640325013392915,-9.088644017336062e-06,-0.0020260343476871234,0.0010412793732636298,0.0007088046048819604,0.0009321917831483814,0.0006113721497563852,-0.00019823258723287532,0.0006114051179287748,-0.0021007008383296328,-0.00044557319617726735,-0.0008525261687787457,0.00042608799897910404,2.5860095370767845e-05,0.0003180479414166055,0.000624651793865875,0.0003836890844266034,0.0003070397748767088,-0.0007759263462503441,0.0018804101823156492,0.0011900229211379257,0.0013309660215681004,0.0004456445355269049,-0.0003413324468258199,1.1901803999434276e-05,0.0003743592358457843,0.0006248011098553737,-0.0011468856828287244,-0.0005205831581002309,5.084109984131323e-05
trisolv,0.0006421109323532113,-0.00010246654912609504,0.0012138491042100617,0.00027149685128178034,-0.0007572206684724531,-0.0016563750864912032,-0.0005388754070736468,0.0009465438488405198,0.0008637195844332584,0.00017789390727153255,0.0015644051673007198,-0.0011850332925354855,3.4817332764052684e-05,-0.0006149216302825758,-0.0004718311853745642,-0.0009937492270384813,-0.0011519238420684512,0.0006740600737329158,-0.0018729050449716549,0.00022434573232506713,0.0013927601151711617,0.0007388679401224686,0.0010656557816320048,0.0003023264584448447,-0.001364783983768171,0.0010770631431821836,-0.0013955111240243746,0.00016438560851383954,0.0011667448529301004,-0.0004410349453488986,-0.003026261049348654,0.0010063776603601582,-0.0013074265508395103,-0.0004027961930559185,0.00015684725723177608,0.0011648921257195373,0.0032059124900519643,0.0014833659127665062,0.003145709312068195,-6.207755197667413e-05,-0.0004789146834001359,0.0014997657546902904,0.0003022009089666729,-0.000816225643373198,0.0006807893307470497,0.0008752860190320967,-0.0006427947806110347,-0.0013182162042034583,0.00025261702669215284,0.00039126044834524184,0.0004611422474327911,5.953148906377869e-05,0.0010258397216805154,0.0007519748089382321,0.0017309178607926394,0.0012030091084953812,0.001232762064319104,-0.0008446215781279736,-0.00113831986931877,-0.00038399861983230547,0.0006521322308496261,-0.0012695356918912795,0.0002857562988841285,0.0010768793880641977,0.0013424530075604303,-0.00040209651342593133,0.001391157267587712,0.00024560577407505154,0.0004035031856296377,-0.0006261270221633216,0.0004481458466519446,0.0009155571972062009,-0.0018244435575777767,-0.00030994034588931955,-0.00019418634110479616,-0.0007968315799694716,0.0006505712646887534,0.0014333900738468703,0.000486587465275079,0.0023997341114510265,-0.00026859539290550555,-0.000710830908171071,0.0014456829291399724,0.0007362479389282978,0.00017736052056231225,0.00047549155553699366,0.001877045556385484,0.00020895432519157312,0.0012019518617307767,0.0014911596453101891,-0.00011370916359333528,-0.0007552937560022757,-0.0015598759378513528,-0.00010000924844967408,0.0019176165110871403,-0.0004352886361529171,-0.003294430136318422,-0.0025878723471477213,0.00023983986789567603,1.8251593221268398e-05,-0.002079690311802551,0.0009929793919177933,0.0006216616570276932,0.0009630742424633354,0.0006270828857345299,-0.00018268325786468468,0.000538619325703217,-0.002125285703287874,-0.00046416536659105786,-0.0008852519111112795,0.00035120070808463625,-4.279831450225579e-05,0.0003450866061029956,0.0006453347862892164,0.00042033310294047825,0.0003199808286606438,-0.0007697923501837067,0.0018595888007742663,0.001201844884134415,0.001264759517248927,0.000428866604023723,-0.0003364629681325621,6.045432504227695e-06,0.0004071844885200133,0.0006935893891042926,-0.0011736854341708952,-0.00045800548590098816,0.00012035038121717257
deriche,0.0006683484201251607,-9.056327366528826e-05,0.0011994963165812402,0.00024083402725712708,-0.0008290535123604867,-0.0016376254077638602,-0.0005820880954464277,0.0009348884858708414,0.0007648005169661095,0.0001403099352804323,0.001521686495026289,-0.001157177673626898,3.1910063828238184e-05,-0.0005939510592725128,-0.00040254898138098523,-0.0010664044562468512,-0.0011937724807972296,0.0006470605245946596,-0.0019317963095899257,8.830580110144283e-05,0.001332674150439238,0.0006910850109610086,0.0010638467772676246,0.00036752628451116226,-0.0012844406395136805,0.00107863675495739,-0.0013494125095247808,0.0001497998245112184,0.00118046920073943,-0.00042301896286921366,-0.0030717308497211584,0.0010311215185588986,-0.0012343505416841556,-0.0004737438614231198,0.00016443400980076857,0.0010932046635490325,0.003129187504075364,0.0014719428210001853,0.0030141872808194924,-2.4329398810449573e-05,-0.00044306308943002176,0.0014529289005117284,0.00024154258345434855,-0.0007117458218191233,0.0006185226585431439,0.0008259629297147816,-0.000707290782884229,-0.0013177874239368571,0.0003290079831559625,0.000389573595182608,0.0004856370732239965,3.328896774392989e-05,0.0010079194552316847,0.000730214080249425,0.0016385049255202627,0.0012623197027197522,0.0012083726534102526,-0.0008808736003831857,-0.0011510670519783162,-0.00028203711392254464,0.0006480185968232238,-0.0012002085762408872,0.00026264437797686294,0.0010815346500344782,0.0012725242348905238,-0.0004070748812713039,0.0013854436307762323,0.00019058796412233883,0.0004088807650583072,-0.0007251619244925678,0.0004399855453003612,0.0008975238961284049,-0.001821460520053127,-0.00038339850208204653,-0.00018597059533931315,-0.0007557706380288841,0.0006395895874852107,0.0013841434322077678,0.0005149378590027078,0.002310376659604824,-0.00026894085203821305,-0.0007067805685841853,0.001509845028016975,0.0007229415237412064,0.00011889999020948178,0.00048757178915871517,0.0017882919734499108,0.0002550097884118764,0.0011683161901601125,0.00144546457967307,-0.0001561505584201465,-0.0006513829276728858,-0.0014486079890048131,-2.521178571947126e-05,0.001840137567746246,-0.000398705892419255,-0.003236508323526424,-0.0025316224815065246,0.00025941389160127274,-1.8861221987107354e-05,-0.002019231663628792,0.0009820159434133933,0.0006609393426010178,0.0009862624800815764,0.0006316036597127095,-0.0002501146842001213,0.0005999493651971635,-0.0021329633107395945,-0.0004440284311486822,-0.0008403220433845288,0.00040856306683660176,-6.869979875369204e-05,0.0003814590066516151,0.000700147521153364,0.0003976294440993418,0.00033640916808508337,-0.0008234462907744779,0.0018294170117264406,0.001225848924756671,0.0013154720153478491,0.00045906373715196323,-0.00039637215579407185,3.5735102553897174e-05,0.00041578090167604387,0.0006613553612421836,-0.001183092034706432,-0.0005357327301883035,5.770611541164625e-05
floyd-warshall,0.0006188158074698603,-0.0003953655612028396,0.0010511220316402614,-0.00024855899220496854,-0.0005127387771875981,-0.001501842970302438,-0.0009197065442362253,0.0009052353904253858,0.0011224182843066314,0.00012100221561815808,0.0015625303785782307,-0.0010908874186604995,0.0002078757867874468,-0.0008574523038559538,-0.0009335360073772095,-0.000791475733207977,-0.0012665959794129081,0.0008233015336479773,-0.00172326439882026,0.00014626198475632598,0.0017141008497941691,0.000291001917931306,0.0014386191768982612,0.00022108239328885889,-0.001362202669363743,0.0009742920006187085,-0.0015446529244346654,-0.000314149255727363,0.0012455682872849353,-0.00023325813441153835,-0.003233059240943369,0.0009561375395973675,-0.0011734979206641368,-9.50974747812485e-05,0.00043362917323761126,0.001530904815915753,0.003076082533773254,0.0013825968387262786,0.0028939498870921157,-0.0003783824504353106,-0.00014300087829777862,0.0014570739448947065,-0.00018002756320022265,-0.0008857489412869601,0.0005598779374421985,0.0005974047765930128,-0.00029179150913157225,-0.0018894464455490164,1.489293679375859e-05,-2.7493662748704938e-05,0.0009264693396878155,-0.0002757534110809074,0.000745108152520569,0.0008544314375338966,0.002112285927390022,0.0010687854099909171,0.0016400865073699284,-0.0007364151259774671,-0.001376520297044943,-0.0007118800867294125,0.00034207572325078,-0.0011006517948664945,0.0007278389153618584,0.0007327223463696154,0.0010455621899489093,-0.00021993123535888598,0.0018987867123381446,0.0004800452623064356,0.0006175015279201462,-0.0006120576564332142,0.0004681358357843505,0.0009462864908367491,-0.0017854495456370333,-0.00012554605879867107,-0.0006796617055763764,-0.0005551255017053336,0.001028499035301673,0.001132145437569467,0.0004517314168076743,0.002092371030491503,-8.783290532472379e-05,-0.00042301819239047984,0.0015549086195225006,0.0008505852516357074,0.000577366484589327,0.0005802632316344363,0.0017989452017525978,-0.0001114765610134996,0.0009541010917660862,0.0014119283364647452,4.335656857994549e-05,-0.0006290539724218166,-0.001393951876225936,-0.00035281224015360586,0.0023215454421006143,-0.0005566019116593131,-0.0034497312804245774,-0.0024692155146861777,0.0006051091716953498,-0.0002584385729278438,-0.0017662383752929814,0.0011526480632121949,0.0005427794291309136,0.0006667990203234641,0.0010633592832806136,-0.0003772580153856646,0.00013033523539300352,-0.0019839070275124602,-0.0002874575670027886,-0.0011762569415355649,0.0001662588320494465,-0.00014556660864721327,8.772825822234154e-06,0.0006656677634215585,0.00034685136736644544,0.0004549058777389719,-0.00047808876415194175,0.0018361633547636516,0.0012278148034751853,0.0018141775320092326,0.0005063002412070465,-0.00038168220335672447,-1.7355993965311963e-05,6.203658163298421e-05,0.0007896224064204623,-0.0009976549019270083,-0.0009597168947734377,0.0004166174621786922
nussinov,0.00034023194319544067,-0.00019284538345681014,0.0008951810894742314,0.00017184565628045484,-0.0007550321047586438,-0.0016546499590683532,-0.0008397534685699563,0.0008969813965162949,0.0006178276012896708,0.00018633899315701505,0.0018176910127390567,-0.0009130644520107461,0.0003404601317781367,-0.0009293472302440358,-6.070528079841384e-06,-0.0012056881617019443,-0.0007999526056473291,0.0006261680713291035,-0.0018294534621466148,-0.0004457287355571201,0.0009207948307065587,0.00099083122729912,0.000966610272850008,0.0004094892896031716,-0.0009471202128655644,0.0010172639373003652,-0.000934258179959694,5.917367219042621e-05,0.0007650385714920336,-0.0007709180262233866,-0.003140914578627991,0.0007359609403226243,-0.000848621555824617,-0.00035219957460771854,-0.00015019741227948353,0.00145442179698301,0.003535463624805408,0.0017874820562275616,0.003115777583412924,-0.0004349641232310157,-0.0002724075824708531,0.0009675701960651694,4.059047511729755e-05,-0.0006228319551538382,0.0005987390431982931,0.0008564860510982965,-0.0005297818218088267,-0.001337068991760086,0.0005874836972093602,0.0007087740553910599,0.00022411165532263877,0.00044583352772813097,0.001176453903194909,0.0010996284522422541,0.0018968590432594187,0.0010686724578447052,0.0011415125857303409,-0.0009054576971960303,-0.0011832198232648232,0.00010035453842168576,0.000706548943478418,-0.001062121805884281,0.00046242262837231944,0.0006929392616975269,0.0014202727623725015,1.268569949867302e-05,0.0013714076029780124,0.000292259460701117,-5.681833595429596e-06,-0.0010332486678012892,0.0008400694641750306,0.0007832741958784601,-0.0014914315316721179,-0.00030702133326006954,-0.00020518153388892593,-0.0005196350700172939,0.0005283384357186916,0.0011344286046407529,0.0005839999556835545,0.002299603617039362,-0.0002266839874209836,-0.0006125426011031346,0.0011855406176580704,0.0010856744300230946,-0.0002714640447122388,0.0008619068570337013,0.0019000848344723252,-1.0491658222714537e-05,0.0008840024696071755,0.0010905898387519348,-0.0004581347977938621,-0.0002427526587301767,-0.000894155050015175,5.4772733404350126e-05,0.0017744861068326589,0.00016324755147491631,-0.003426902958093897,-0.0025241680437159773,0.00034574336850231414,-0.0002884941315737945,-0.002283139120615823,0.0006856863772937734,0.0011284450830364797,0.0012397234769243944,0.0006128366129766954,-0.0006811773254364533,0.0006481561331862682,-0.0020071668718867983,-0.0004235906066912177,-0.0007651707044140877,0.0001627297208056246,0.00021532572205423524,0.00043265340776231726,0.0009894495302241442,7.613304708349078e-06,0.0002129345697252766,-0.0011609416818062432,0.0018182026883311522,0.0008528887380012556,0.0016084621962172126,0.00033909699030980274,-0.0006309769416571056,0.00027597880245210896,2.078723072803481e-05,0.0007869326678031173,-0.0013641788973473012,-0.0001529319836807094,0.0005419813540739645
adi,0.0006069674685325784,2.4662640902938114e-05,0.0011986006599424097,0.0002237222571339872,-0.0008235149531780431,-0.0016023513291858965,-0.0004684750327012605,0.0009456007909547123,0.0007532904112142407,0.00021698032893861333,0.0015730561685308607,-0.0010901959370433663,9.030078136776056e-05,-0.0005909664889461257,-0.00038339035604116763,-0.0010516438398755984,-0.0011721940948821914,0.0007134419865906239,-0.0018964670145780677,0.0001012212273457812,0.0012665709744194625,0.0007166716030850592,0.0010453046116809775,0.0002898862975497549,-0.0013094805401326287,0.0010052231066058287,-0.0013692497482730283,0.00017179392307298258,0.0011831073174511807,-0.0003459997112966246,-0.003100471907398767,0.0010908836623760483,-0.0012785685572048856,-0.0005214014656505444,0.0001504106573217238,0.0010748541390057653,0.003129263798150027,0.0015379209912175105,0.0030041618568551107,-0.00011747928349197739,-0.0003672954076642378,0.0014996792952944008,0.00022857716289258355,-0.0007491388112410075,0.0006454488272235418,0.0009165144430072461,-0.0007728272951984158,-0.0013787615979607734,0.0003324206595102118,0.0004269042152979334,0.0005542959236966757,7.440473321670045e-05,0.0010024924186937925,0.0006563581377526538,0.0017321710951768586,0.001233141223363216,0.001195680156039695,-0.0008243711846363214,-0.0011007226591270107,-0.00034247869431662065,0.0005992669062430246,-0.0012006712446842964,0.00022944132797420025,0.0010832698866983668,0.001263597000312681,-0.00046660236451619613,0.001357776069400845,0.00020516758943105943,0.0004006527888122946,-0.0007477215064379076,0.0003879997926156244,0.001011914359777519,-0.0017927230922699284,-0.00035709893381863367,-0.00022022925865409584,-0.0007275091581201801,0.000746606063330546,0.0014283114206692618,0.00045815036315212236,0.0023344454077434624,-0.00020507342196651734,-0.0006318964773931333,0.001440234552092079,0.0007374117744297513,0.00020452355238376185,0.0004490161017100844,0.0019077467020704513,0.00021249389101285487,0.0012113649926403821,0.00145295634219009,-0.00020644917579678199,-0.0007165257977451094,-0.0015107402998384917,-8.666791634621202e-05,0.0018347087833616468,-0.00038901634090709395,-0.0032110179955553678,-0.0025382241001352668,0.000306970546565329,-5.269250040227133e-05,-0.0020101072505996046,0.0009708665311336517,0.0007630312983464035,0.0009845285547069376,0.0006191973015019256,-0.00024638708661465597,0.0006047659197873953,-0.0020846711235612426,-0.0004322643168658639,-0.0008378421916859224,0.00047066394553338696,-4.283301273567809e-06,0.00032480818562261347,0.0007073087741041996,0.00034238837866319553,0.0003792560310102999,-0.0007819214556042829,0.0018604012147989124,0.001214624266140163,0.0014004296649040447,0.0005025205436039767,-0.000334014417401502,0.00010528124706373394,0.00035410845096824534,0.0006791962473976633,-0.0011795350033531173,-0.0005625634350710445,3.634864778076816e-05
fdtd-2d,0.0006181018714628675,-0.0003263301165562178,0.001009050416006871,-0.0002731356122667956,-0.0005408468046773444,-0.0015814651783062693,-0.0008639203631045187,0.0009925867369234124,0.0010536785326514613,0.00020860094125108684,0.0015491306728697108,-0.0009933438131530933,0.00024046777980402112,-0.0007994222756036941,-0.0008333539820823181,-0.0007780484447721392,-0.001265762178638183,0.0009225808505160624,-0.0017401030191275127,0.00018217165351790541,0.001773840722093797,0.0003044416593825992,0.0014164518369772635,0.00021421269732801353,-0.001302525236764375,0.0008465736378532122,-0.0015744670732494664,-0.00027069714526399314,0.0012922004371991053,-0.0001962297349510824,-0.0032767621194258988,0.0009422057686178424,-0.0010678783291950822,-0.0001523000684006975,0.0003851526844835676,0.0014917225481065758,0.0030405852902571067,0.0013568540350260103,0.002855788416448323,-0.00031145951738033225,-0.00010683658183552325,0.0014762346434187802,-0.0001418241492287694,-0.0008756997310282553,0.00044659850048928466,0.0007396858037442571,-0.00036810030809754287,-0.0018663885763517635,9.270453387323548e-05,-3.1510296085958975e-05,0.0009110738944454009,-0.00021515472668825705,0.0007772677619119777,0.000794690872734303,0.0021427933157503825,0.0011707421517177649,0.0015582544318235973,-0.0007130270960795529,-0.0013176605176233674,-0.0006954667487126939,0.0003622195166398716,-0.001051541580048198,0.0006375145954627763,0.0007564364324721015,0.0010855237042586155,-0.00030264912279295353,0.0019058641672231983,0.00048178972450413685,0.0006176724221886081,-0.000651242838049417,0.000428474135012092,0.0010081005824330907,-0.0017705420987648027,-0.00017604874622467083,-0.0006868866784155698,-0.0006058336259550689,0.0009625915040755097,0.0011225523312933707,0.00044823249610250485,0.002128401935538825,-2.508886074578828e-07,-0.00044951848565902123,0.0015043328981204575,0.0009225024139809915,0.0006745791577165673,0.000607949383693802,0.0018209845601471469,-0.00014497027629712487,0.0009892284264531232,0.0013777931350940729,1.9439239301444852e-05,-0.0006292263526976219,-0.0013797862492912613,-0.0002823098680785145,0.00227582934038604,-0.0005363894614514292,-0.003411011157475193,-0.002498862542458536,0.000629674266640316,-0.0003075977977406343,-0.0017902355860261357,0.0011841452454545481,0.0006739633938516764,0.0006206214688170482,0.0009264132116667871,-0.00037271561107926946,0.00021658013643258636,-0.001960269589771462,-0.0002833379985531792,-0.001183741684893475,0.0001873198523432674,-0.0001279871999833952,-4.419110551038209e-05,0.0006793460223193773,0.00032748290858067134,0.0004201802349758937,-0.0004590570135726867,0.0018678015262326773,0.001218188601984259,0.001791337808005183,0.00041152502557023954,-0.0003756812948267907,-4.123817608856103e-06,2.561226488871719e-05,0.00070636163068497,-0.0009746968417483218,-0.0009395395960275303,0.0003415373931228019
heat-3d,0.000640949055998456,-0.0003072525603998014,0.0011880354342044003,-0.00011068689876564724,-0.0006746489020502742,-0.0016710391809122965,-0.0008843363509239519,0.0010131477542659815,0.0011620554621057475,0.00015883827376562883,0.0017425839948426822,-0.0011468930169939995,0.0002471896176062086,-0.0009008974953116301,-0.0011197432399700012,-0.0007756857786957613,-0.0013371263973086195,0.0008796442844494082,-0.0019520613200524274,9.347790140001213e-05,0.0019154269291046897,0.00048145837054642686,0.0016709481817944085,0.0002127540236174622,-0.0013817897961416747,0.0010093674628639266,-0.0017245760570992442,-0.0002617146391832434,0.0012160925167229246,-0.00026571840349146547,-0.0035582237401018467,0.001019060754462022,-0.0011907040435985168,-0.00019693771034379846,0.0004507445076288765,0.0015765715729417827,0.0034079892893714714,0.0013901697033468414,0.003121607967734556,-0.0003893776173593805,-0.00025435095577610326,0.0015491214623633662,-0.00025083957916649524,-0.001029117649201961,0.0005360629829203175,0.0007686201227924732,-0.00041648174245732236,-0.0018996744081104064,-3.1694862306775414e-05,4.0133811125997454e-05,0.0009098421381649506,-0.00019121463479035918,0.0007370723692207213,0.0009006350403925514,0.002299287000342327,0.0010743890948908623,0.0018307305256123928,-0.0008240029736257651,-0.0015104945966467151,-0.000699458147316952,0.00031054854694315614,-0.0012164425210999872,0.0007564360515543205,0.0007056972612832289,0.001131461638792911,-0.00029457806308260737,0.0020480878674253985,0.0005697052273556919,0.000610444342087516,-0.0006512749412864008,0.00048097568137831436,0.0011375651665730402,-0.001937960395212833,-0.0001810549887629938,-0.0007177120860433206,-0.00064154586460277,0.0011536500601590995,0.001207098741467823,0.00041034552679561516,0.002113085301757297,-7.252520791713751e-05,-0.0003589262489506783,0.001663524385281455,0.0010254411934190156,0.0005921703033142394,0.0007219805334256414,0.001958392159876359,-0.00011464757399688311,0.000982700904868954,0.0016264550418675166,3.66755309240783e-05,-0.0006783803358249476,-0.0014224190021837678,-0.0003533543910153265,0.00253548170953496,-0.0005928833349625004,-0.0037112156929009978,-0.0026797958930461284,0.0006977711968562182,-0.00023563823282636483,-0.0019808381124783087,0.001226109206019079,0.000710229211322525,0.0007957717410617453,0.0011395523427328205,-0.0005578537546919988,0.00020627985598848145,-0.0019829279772238806,-0.00034363645639078804,-0.0013512978946570965,0.0001603967821745969,-0.00027852698215557374,-7.153399158543085e-05,0.0007691158121708534,0.00041941353051430164,0.0005799650851472774,-0.0003944253805778263,0.0020791614455554414,0.0012239536975839121,0.0018747387272442745,0.0005523676888568683,-0.0004766641855787705,8.851960164440029e-05,-4.804845615153146e-05,0.0008833222309476696,-0.0010895190746797359,-0.0011157268754151814,0.0004580744819523876
jacobi-1d,0.0005975475779611289,-0.00023667404072030503,0.0011649348350200692,-0.000186014807481757,-0.0006234146695693626,-0.001581391430911882,-0.0009124671889688162,0.0010154476724838948,0.0012503223106785514,0.00014494126662611961,0.0016570215242716264,-0.0011085915269658847,0.0003781791772994706,-0.000856121803414734,-0.0010261098094120184,-0.0007829529914648875,-0.0013877408003763242,0.0008544186780722264,-0.001835383618633975,9.314085849944283e-05,0.0017427077314898592,0.000379894593018381,0.0014562073774868622,0.00014942835313751644,-0.0014218342129264355,0.0009457867957227042,-0.0016052588539691094,-0.00025119841602110467,0.0011878388879053732,-7.610814988284426e-05,-0.0033198244910796777,0.001005378326119492,-0.0012421170591979341,-0.00017901638741878902,0.0005045036172412117,0.0015051285907461802,0.003087001554804909,0.0014067316523698322,0.0029316907954018783,-0.00042226117597345044,-0.0002816168074359131,0.0015114731829859974,-0.00022809918942477773,-0.0009104634621454513,0.000563195428078282,0.0006642485301092486,-0.0003661556590540225,-0.001820242001592894,2.6002420139882495e-05,4.7202453167889925e-05,0.0009038836827077081,-0.00020417733364464606,0.0006737362881026723,0.0008010644712211454,0.0021747842918771578,0.0010672825523857575,0.001726517131935586,-0.0006247207399128991,-0.0014608800565303467,-0.0006962440401206122,0.00018845922792987789,-0.0011385240821469138,0.0006747291190549731,0.0005823209880070542,0.001200492707807023,-0.0002709024941877407,0.0018657974052236088,0.00045261614414972854,0.0006850877338472535,-0.0006323674734791412,0.0003859489961006843,0.0010538019423085429,-0.0018893994693986744,-0.00016350132960617295,-0.0006669328097760787,-0.0007083295769167735,0.0012080835192190373,0.0011768324464569828,0.0004510728587560794,0.00209127357982866,-7.792671043288839e-05,-0.00041678163196432735,0.0016096350822515566,0.0009790445568368716,0.0005996820914066013,0.0006278424167676884,0.0018790180500432411,-0.00011214566321167,0.0009407577571811784,0.0014637070605257416,5.338578279513647e-05,-0.0006234296246582423,-0.0014134224363849225,-0.0002945074297980789,0.0023631663472556018,-0.0006005565432908898,-0.003526283078826964,-0.002551795853137532,0.0006360519533593426,-0.00028770185128771975,-0.001980347322601387,0.0010887008735581355,0.0006263166330480838,0.0007653160890399971,0.0009675043316640179,-0.0004747817660887342,0.00012613453916000093,-0.002006531271891778,-0.000395015165422057,-0.0011928097553797724,0.00021246759142206216,-0.00026295042035224685,-5.479198058738428e-05,0.0008252829014535938,0.0002962266683907193,0.0005596648278536604,-0.0004804548610563335,0.0019211591930156026,0.0012105986962149687,0.0018230092126246104,0.0004930181406534222,-0.00046280879349283436,0.0001553405899732538,-3.231434675399214e-05,0.0008223925212993944,-0.0010211033137131702,-0.0010254633174661327,0.0003841704678694334
jacobi-2d,0.0006026491323342163,-0.00020826827077304616,0.0010501753713469952,-0.0001185376090956304,-0.0006159056416329215,-0.0015604364007766195,-0.0008608408970758319,0.0010969440832816284,0.00105880995911053,7.392215432927889e-05,0.0015696811589056298,-0.001042757513727445,0.00026676120400867043,-0.0008543021651669679,-0.0008736895333105862,-0.0008041461799567675,-0.0012545649677871123,0.0007962721300667481,-0.0019035993335659012,0.0001150456681738005,0.001690403583137702,0.0002872989930705551,0.0014579058830242824,0.00015001938899170936,-0.0013004424994612824,0.000902637469527476,-0.0015607107916901656,-0.00024489945858744355,0.0012127037728479242,-0.0001920315108316786,-0.003345299104694277,0.00104989553694716,-0.0010944930254481733,-0.0002748540930898504,0.0004482480906196596,0.0014972052612232372,0.003075105797239196,0.0013686590143205488,0.0027472570603576433,-0.0003601279527441982,-0.00023470090202275007,0.0014686408728320042,-0.00019906746541999062,-0.0008528713506701239,0.0004898743654313661,0.0006472915654954062,-0.0004638266289154725,-0.0017615563393680051,0.00011621053101193597,0.00010410068909336319,0.0008872074301025885,-0.000173195220721776,0.0007624515941750039,0.0008295766841483247,0.00213918205597164,0.0010905154674272874,0.0016854202395359822,-0.0006889676579329021,-0.0013741921297075938,-0.000643904327743632,0.0001742134661660256,-0.0010728712428210523,0.0006352622876875103,0.0005819579522829051,0.0010269917308024185,-0.0001789331966874135,0.0019498032498257304,0.000504932293551974,0.0005119736340609105,-0.0006347667932619943,0.000436289347228868,0.0010258878905647982,-0.0017895600041597122,-0.0002296835000914357,-0.0005651065520771012,-0.0005696460156126277,0.0011221011689699749,0.0009999141672297435,0.0004565699628609068,0.0019377069582012208,-2.6239029252525035e-05,-0.0004582208428553927,0.001601977916674086,0.0009385146361583954,0.0005394524641280226,0.0005909978542202974,0.0018313559155692073,1.0066485950065886e-05,0.0009352388730322299,0.0013632588362430826,5.6794789784094866e-05,-0.0005929792190299314,-0.0012351754207081873,-0.0002539646246826605,0.0022451507136472225,-0.00044077721266897726,-0.0034246981993098467,-0.002458120641462943,0.0006921622929546763,-0.0003346364126842031,-0.001880147381384364,0.0011242194655899178,0.0007145952378564022,0.0007797972511445336,0.00114083120613085,-0.0005323275742258,0.00028707033625858673,-0.001964610444915974,-0.00036643575945430817,-0.0012016705689294374,0.0002274603586342624,-0.00015628301565918853,-4.4680921264978894e-05,0.0007433164578020189,0.00043934480602140813,0.0004886465270400924,-0.000408877497059567,0.0018621213624582572,0.0012114501852706512,0.00182980956571341,0.0005641715572838781,-0.00046263922944062333,0.0002275582048562629,-0.00012307957574782502,0.0008548173081020222,-0.0009498462176826946,-0.0008966935976572773,0.00037400768590433635
seidel-2d,0.000509931422985734,-0.0002248184900963679,0.0010918849785572522,-2.5552209562567225e-05,-0.0006545184536234421,-0.0016322995892123265,-0.000700370388050728,0.0010925524025771987,0.0010985265595509725,0.00019484821378308183,0.0017444907699588359,-0.0009887768246699125,0.00029809167608618736,-0.0008329070012276882,-0.0010089055080350269,-0.0007384986846077749,-0.001196799332426642,0.0008987081305616919,-0.0018634735058773967,7.391649106627002e-05,0.001742682681651786,0.0004505240101613762,0.0014999442689312512,0.0001562189175755895,-0.0012702925545026494,0.0008400404647759654,-0.001593435915899189,-0.00016933839994153995,0.0011248461635071127,-0.00020792570841663023,-0.0033486437545541454,0.0009708992999067585,-0.001062164524816634,-0.00028756953243453824,0.00037128657020409317,0.0015041807714356657,0.003155243492288077,0.001241241191404269,0.002922583987717243,-0.0004685912041596192,-0.00030674100408385345,0.0015610344331328046,-0.0002976453928139937,-0.00102760100408512,0.0005380081814056372,0.000713608385387274,-0.0005110097768278245,-0.0016815748497131554,8.259843076195787e-05,0.00017708997684702112,0.0008824763747671729,-0.0001124017289839685,0.000702976036871619,0.0007563141493044575,0.0022298679515883766,0.0009842471216175268,0.0017052392393131467,-0.000756494899499504,-0.001368127721327576,-0.000575851762037286,0.00020040406910565626,-0.0010757553040200625,0.0005679528044043656,0.0005944254388690324,0.0010730977245496914,-0.00027590185602414697,0.0018948698292232996,0.0006064146445543669,0.0005859697018476093,-0.0005425520700073856,0.0004620509746874792,0.0011799582408617854,-0.0017897231030955857,-0.00024783408169990736,-0.0006026845842236927,-0.0006349642208078876,0.0012230942032628639,0.0011689933808156638,0.0004096289066022591,0.0020201924010453854,-6.429120904773728e-05,-0.00037835584076032424,0.0015588618868658908,0.0010631457929882932,0.0005653245752910152,0.0006207003230776857,0.001977085806977223,-0.00016681974075789398,0.0009556191073309438,0.0015105486364679083,9.342604522209833e-05,-0.000686650161001393,-0.0013490448960938545,-0.000342663298771881,0.002412503249669338,-0.00052798432577273,-0.003505164524540305,-0.002624548872357563,0.0007042306995786288,-0.00023086072906153277,-0.001963527421193088,0.0011464977082248557,0.000703480645932038,0.000765946224633166,0.0010994936447412543,-0.0005190386319180321,0.00021016138934475535,-0.00183630853322992,-0.00033998941430849405,-0.0012440803582328098,0.0002587516261401641,-0.00023752741467700724,-0.00013721561545560902,0.0008339844832388574,0.00036573114202303043,0.000522086547468515,-0.000344941282117575,0.001969201919992509,0.0011282295111895485,0.0018011589182766758,0.000507075047447442,-0.000442501635167419,0.000246359988951179,-0.00017921788308098365,0.0008693691203969886,-0.0009511752286925912,-0.0010120443629977457,0.00038082343748743264
