correlation,0.0002539229244575836,-4.942029236668819e-05,0.0008376798987707222,0.00027403581005178,-0.0007203573569361316,-0.0016620665770269146,-0.000762264587377247,0.0009046681110416294,0.0006862992947725089,0.00028984331967015013,0.0017796108820077375,-0.0007904415052555697,0.00041723710570582435,-0.0009347616900126205,1.4241149505036638e-05,-0.0010889228800997923,-0.0007880679645734888,0.0007044230740958531,-0.0017292069111901679,-0.00030980026962137535,0.0008530035878433601,0.0010545028949548538,0.0009220450248042317,0.000399250600534479,-0.0009429127293467326,0.0010050820113208733,-0.0008698010964221076,0.00018309601689811404,0.0007120256685945941,-0.0006729980599821398,-0.0029647357495330077,0.000646374858900488,-0.0008684012879568495,-0.00034843460429999,-0.0002316940150003096,0.001341007466084863,0.0033257388828420325,0.001646415747113918,0.003130161401043695,-0.000400692239820369,-0.0004155221502419169,0.0010071742841606273,6.678275301390768e-05,-0.0006946734731747327,0.0005617375444623912,0.0009340664734114206,-0.0005524944633515062,-0.0011299344110547711,0.0005162170120073776,0.0007061101919374012,0.00020418260369057717,0.00043290087303734923,0.0011823360262879807,0.0010781243020717643,0.0017435545022109228,0.001060158483788224,0.0010072392822047206,-0.000829977657351839,-0.0011299689364310133,0.0001237610612358702,0.0006168317861585436,-0.000978906324139404,0.00036088641928999046,0.0006617513733401306,0.0014964842335566093,-6.38919599096928e-05,0.0012555224865010179,0.00028508019213883306,7.346724037473138e-05,-0.0009362849462042121,0.0007082507731147894,0.0007792624398318463,-0.0014203465591555485,-0.0003088834924519209,-0.0002209530673434002,-0.0005907723649502977,0.0004747274797409773,0.0012381638675594189,0.0005223828989791831,0.0023356801033706256,-0.00027201735802488035,-0.0006209171237730372,0.0010782010946346226,0.001080951319492765,-0.00024407563078535817,0.0007624858163150126,0.0018673484323938425,-3.48368944526699e-05,0.0008789644303329911,0.0010368888952622288,-0.00039803229983111744,-0.0003377320267885041,-0.0009347157404255612,6.659562151119309e-05,0.001690535168898733,1.43789323517826e-05,-0.0032216040049924664,-0.0024730547355782044,0.00042715505696833134,-0.0003115489928045702,-0.002360140586173848,0.000541329031540571,0.0010944198921175772,0.0011946192182796566,0.00037347699981182814,-0.0006323449725689562,0.0006566041449427997,-0.0018987227989495487,-0.0004724737947598394,-0.0007255634669778182,0.00021068437950146434,0.00014576635102888472,0.00037703593261539936,0.0010371617817758018,-1.0846792352630904e-05,0.0001298846664691442,-0.0011309878977236191,0.0017298294191469292,0.0008323774856858348,0.0014301492850982438,0.0001775644153607764,-0.0006236765418993615,0.00033522659788631196,2.6847117336920317e-05,0.0006743805738790941,-0.0014267383896941809,-9.565641123213266e-05,0.00035275239956957335
covariance,0.0005919312918397029,-2.4270183025186674e-05,0.0012119787809044486,0.00020727011643531214,-0.0008317769065292345,-0.001643259792924962,-0.00048046446560571593,0.0009382894689527651,0.0008240051910332921,0.00021595215204999677,0.001565329005188687,-0.0010883000989754994,7.94189141338898e-05,-0.0005865330005892449,-0.00043091868752122135,-0.0010071682983026323,-0.0011670254138557033,0.0007199056902512287,-0.0018215015621131493,0.0001468353568472796,0.0013083824613002231,0.0007248231187178236,0.0010326269734327474,0.00029170593714095757,-0.0013093990832607637,0.0010223459952006426,-0.0013489370046752608,0.00016794827792586552,0.0012147805278396441,-0.0003873640153970983,-0.0030366466105786255,0.00103251553082373,-0.001305971120018512,-0.000492509144047896,0.000156241363988051,0.0011476328266629328,0.0031290853415460638,0.0015190477263078922,0.003062780222131146,-0.000133667888197427,-0.000415718831290077,0.0015225182222719821,0.00024329533860307292,-0.0007861798900800446,0.000729659088796729,0.0009176418874024724,-0.000739814093524021,-0.001355947583862063,0.00030277628522728465,0.00042993449298794277,0.0004886460163915115,0.00010175754464904053,0.0009994165415668653,0.0006741297305173551,0.0017169459897559136,0.0012162960798984084,0.0011673138877894315,-0.0007823056334422694,-0.0010786591951222767,-0.0003848668517700086,0.0006122793695087441,-0.0012086904138818176,0.00023236168069868453,0.0010892022805314304,0.0013130006975390846,-0.0004308136040991586,0.0013228735852963938,0.00020258956647012383,0.00043211786477412615,-0.0006876154414688548,0.00040634475711461465,0.0009471491731447815,-0.0018022082314119972,-0.0003257046032053444,-0.00021568856997570643,-0.0007643097471575149,0.000679188343282375,0.001470116660331971,0.0005041980313965016,0.002396767483636116,-0.00024341708356385224,-0.000674126961611263,0.0014414475396430741,0.000764897748013027,0.0002235055429385587,0.0004276462293799139,0.001900304131494421,0.00014963976152810373,0.0012344801135542286,0.0014398796645562267,-0.000185524831370761,-0.0007402376993720989,-0.0015313030469567617,-8.036490180529654e-05,0.0018486131221935567,-0.0004008401827175274,-0.0032063020044006407,-0.002539713605074212,0.0002775874519203272,-6.13073845872552e-06,-0.002073560990134461,0.0010225590861712892,0.0006656227568681869,0.0009724814994519369,0.0005939804460568768,-0.0001703958421583391,0.000558248992698888,-0.0021149910203853827,-0.0004866694697638094,-0.0008452462983162453,0.0004291152605825725,-2.1847563200733726e-05,0.0002937728277174756,0.000689603762617076,0.0003459769165298591,0.00032899978234329156,-0.0007360959587256528,0.0018358456921608497,0.0012039515843045795,0.001342030717448021,0.0004524363127226631,-0.0003215152743602327,3.1427050493625254e-05,0.00037163279032231204,0.0006512617106232534,-0.0011977802431728276,-0.0005154122870105008,2.7554476724213197e-05
gemm,0.0006350548537739087,-6.840958990829272e-05,0.0011220634769415483,0.00020948867151875876,-0.0008394405789052447,-0.001630511716939509,-0.00046777608804404736,0.000940872391866934,0.0007648449294113865,0.0002340370588677211,0.0015225628804829386,-0.0010909106672948434,1.7493940605264572e-05,-0.0005155865300265658,-0.00035375062513291294,-0.0009843467075067263,-0.0011578130175217262,0.0006869947246741503,-0.0019037853085642888,0.00014007876032135554,0.0013374518675846048,0.000724862821193205,0.0010123877062950567,0.0003746787846870979,-0.0012540776258699931,0.0009737367702958485,-0.0013479095586161646,0.00013043128193304356,0.0012277871169822498,-0.00044468588506182033,-0.003080032634898089,0.0009864592774546407,-0.0011694816413283762,-0.0005537921760050166,0.00011022968748066988,0.0011759365410802679,0.003151318418935666,0.0014742451538849208,0.003041728238006019,-7.20878726699286e-05,-0.00044173245745090145,0.0014852047485571045,0.0002614730838104151,-0.0007880507813145717,0.0006508764593794089,0.0009122486359653218,-0.0007862309947894472,-0.0013249283171414088,0.00036976817581388686,0.0004532876102732391,0.00046997572159549844,0.00015941593382093642,0.0010661927194127606,0.0006161992140631708,0.0016709638714221204,0.0013106218700866317,0.0011965711342377795,-0.0008270086707650787,-0.0010427577560929218,-0.00031919710454531014,0.0006185986543035445,-0.0011591045808422172,0.00015910088162248334,0.0011423415061370987,0.0012929361772775236,-0.00040586700358997204,0.0013941098602824947,0.000199131756542354,0.0003564418519898835,-0.000672002846840769,0.00047646078281913005,0.0009925167202406253,-0.0017778898850843285,-0.000337524422017547,-0.000173107290417344,-0.0007667728301991398,0.0005893929628655314,0.0014747504239696558,0.0005482377115792284,0.0024067577550239447,-0.0001786697414192733,-0.0007384087525679206,0.0014323205404151748,0.0007864070891325051,0.00017282787868882425,0.00045374864324306446,0.0018689700842110647,0.0001590533874049369,0.0012297758884314033,0.001421510997008429,-0.00015575187798175547,-0.0007035483423452307,-0.0014647359397107114,-6.74048036065263e-05,0.0018394021074830864,-0.0003558454360093795,-0.003253383057502409,-0.0025713374731518948,0.00023329453284127844,-3.5428045117037575e-05,-0.0020169995356506356,0.0010707251915139044,0.0006472230694877604,0.000982292989243029,0.0006350608843301112,-0.0001747144625470456,0.0006469674990512431,-0.0021068753800742948,-0.0004709856281503259,-0.0008395203525045266,0.0004412326056303249,1.1159805580973625e-05,0.0002973550031634255,0.0006858358829049394,0.0003749721314913283,0.00026324355146951147,-0.0007843907159339222,0.0018563376086401856,0.0012113375964367555,0.0013764618391481538,0.000472241330296836,-0.00035010080521007895,4.927252222033631e-06,0.000392872473942892,0.0006667727316703855,-0.0011334630770660522,-0.0005067933169710967,2.6508519012067052e-05
gemver,0.0006474524606245621,-4.619700808285011e-05,0.0011171811719476762,0.0002055102684405736,-0.0008020555024914858,-0.0015693320262168224,-0.0005137730169937842,0.0009234046835141877,0.0007594580044193814,0.00016406188822454878,0.0014250481658058965,-0.001085883515770547,4.332508736600479e-05,-0.0005519779854997372,-0.0003398458269051237,-0.0009960518186239318,-0.001153896199361447,0.0006530266158127537,-0.0018516778428521422,0.00010296558159300023,0.0012786854543567945,0.0006597280557293238,0.0010264917226676415,0.000345378367051631,-0.0012311450542862683,0.0010001504019277894,-0.0012673375701221328,0.00014735404207992056,0.001217248319234285,-0.00040394354922076065,-0.0029934686851144456,0.0010057858077440567,-0.0011811549484264106,-0.0005075810826787751,0.0001107108320057806,0.001103160227002162,0.003025154512013412,0.001469799304484493,0.0029156224635597835,-7.039764831360016e-05,-0.00040952586439541646,0.0014276134154190207,0.00023598257919527695,-0.0007177121588028967,0.0006276242076839682,0.0008572061455601619,-0.0007277019095555362,-0.001319682112403421,0.0003346069311697243,0.00040119821642292663,0.0004677678112380414,7.572291360702366e-05,0.0010067530998235776,0.0006795289324751744,0.0016055429231427196,0.0012541074417337466,0.0011519074064886405,-0.0008046962062103881,-0.0010725842041412964,-0.0003348647118804769,0.0005860473902430385,-0.0011153885813352342,0.00022527073613471456,0.0010803013719851151,0.0012312829656164264,-0.0003851155173227501,0.0013441070273580004,0.00016793652159524046,0.0003731288759606994,-0.0006885740569689207,0.0004309823477039269,0.0009347472421520959,-0.0017438050718838996,-0.0003251473414517629,-0.00018314117632043135,-0.0007019277868999375,0.0005949812637279845,0.0013887035010055923,0.0005074399167723539,0.0022754071267425185,-0.00020310412168732405,-0.0006856403242636588,0.0014306953768633928,0.0006857745352640955,0.00017240593378018175,0.00042940910659833916,0.0017696978692482743,0.00019230814682992382,0.001161818975358781,0.0013539881717103224,-0.00016743758007780544,-0.0006660835424554534,-0.0013892270766922997,-4.7730944061186165e-05,0.001754635922326189,-0.00035051081694190443,-0.0031131271130612325,-0.002452163580326467,0.00027279041629905504,-4.7816261131730345e-05,-0.0019420380865792846,0.0010061502107419074,0.000647970103374165,0.0009546022111963895,0.0006191693181689414,-0.00021620147001360438,0.000598992757861399,-0.0020653308424193207,-0.00044635821379617683,-0.0007916102735584395,0.00041151355900284316,-1.2387660616594883e-05,0.00031143487366433773,0.000688302915983109,0.00037896168457033735,0.0002965369623982244,-0.000756884497402805,0.0017659940705117253,0.0012125332626358916,0.0013396276901605437,0.00047646368451144855,-0.0003585898646431613,3.466510159139741e-05,0.00038723640742925153,0.0006603694807078379,-0.001144408377715283,-0.0005010286177922455,1.6663170956437374e-05
gesummv,0.0006387070247405467,-1.091178435470081e-05,0.0011395979058256166,0.00020452803356521245,-0.0008035276615474788,-0.0015806491832740398,-0.0005230999474103252,0.0009224889153200719,0.0007621507554884172,0.0002017977207692133,0.001495442376027414,-0.0010798424530851964,3.969961673849159e-05,-0.0005490184606363376,-0.00038342952687900025,-0.0009925596217120376,-0.0011990426460720806,0.000652146116610513,-0.001904657239922219,0.00010410006830675734,0.001311021452743767,0.0006961887378969954,0.0010650710662755752,0.00034473237246857025,-0.001260238554904289,0.0010343573578413473,-0.0013140562158595356,0.00017852165264129225,0.001175868117974864,-0.0003686519663056566,-0.0030327644829715914,0.000990743120584941,-0.001206167339761224,-0.0004940188701867657,0.00011316483303542352,0.001058822688517264,0.0030543985647252863,0.001460467782130258,0.0029760392345552747,-4.3893750343057844e-05,-0.00043696868750784133,0.0014340605379806624,0.00023154011796577834,-0.0007571266873532699,0.0005781742561844618,0.0008814943333466848,-0.0007185647134772605,-0.0012956168502569199,0.0003067680097754217,0.0003674990398899859,0.0004871330254698276,5.596934190382146e-05,0.0009952035583814399,0.0006859865405001781,0.0016228894560804798,0.0012609004431093733,0.0012088804699790974,-0.0008443025031333996,-0.0010974638470442086,-0.0003211814069396092,0.0005923955242097792,-0.001162356394666454,0.0002098349117053052,0.0010575301308158992,0.001272909889747906,-0.0004092528931020449,0.0013719281432713615,0.00019405240083061572,0.00035723226028494537,-0.0007132572257736077,0.0004015351910816713,0.0009462359749805829,-0.001754983307364455,-0.000346179689586279,-0.0002124331262570599,-0.0007431814883602783,0.0006231437469573899,0.0014030105925889479,0.0004884932730217568,0.0022816484173138938,-0.00021480736066021363,-0.0006834386285340264,0.0014070474876967233,0.0007152597382729356,0.00014482807131975683,0.00045263008602584404,0.001787482909599526,0.00021458896905339012,0.0011682005989415403,0.0014063564077433613,-0.0001622377668455657,-0.0006745965527241222,-0.0014161637332613787,-6.0869992012158036e-05,0.0017773555527027282,-0.00042760098646491923,-0.0031590870930813253,-0.0024916383020657427,0.0002767720660712156,-4.9644026957038375e-05,-0.0019942689945714343,0.0009751248225155803,0.0006833617905310044,0.0009683031595260319,0.0005802830273751169,-0.00025402461404963914,0.0006112219222510854,-0.0020810637150942865,-0.00045368726083931204,-0.0008262298797490075,0.00041320831385544606,-5.754014515938858e-05,0.00031952247890229855,0.000687654897370117,0.00039941785831211344,0.00034542858742901846,-0.0008007364691972422,0.0018327192390441066,0.0012220895441714674,0.001294070675309437,0.00044098893138450675,-0.00037698388809480495,5.9769312227015486e-05,0.0004124505823913043,0.0006197964871211702,-0.0011792025244277385,-0.0005452992142333338,3.0316490059097606e-07
symm,0.0006383368292719953,-2.526385651435703e-05,0.001116913780505355,0.00023825443026402759,-0.0008156113617587835,-0.001606183294724259,-0.00048956665624347,0.0009686360944114211,0.0007608861908213132,0.00017648144340556528,0.001446332982999997,-0.0010814667540317816,7.7459938539606e-05,-0.0005764563441819822,-0.0003352778525267139,-0.0010074910419967233,-0.0011490233624095304,0.0006746106389780632,-0.0018763300096098748,8.767402808492382e-05,0.0012874945775062467,0.000677353456719882,0.001035646439656072,0.00033407919214470085,-0.0012259556747772472,0.0009796490372132717,-0.0012689002614933997,0.00017570253354885304,0.0012426615349896667,-0.0003963790238938398,-0.0030327901719526076,0.00102528317317289,-0.0011887177954324419,-0.0005283991290020316,8.980152132507e-05,0.0011127977437960606,0.003045116923102695,0.001466043332281212,0.002941549265718398,-8.166538059918417e-05,-0.00040396269792432175,0.001443587091570306,0.00023604987331459092,-0.0007264175478162037,0.000619310362360971,0.0008838151245274477,-0.0007619623938808218,-0.0013209671855697201,0.00035678967510143086,0.0004123115068068728,0.0004776837934817498,7.192522429654168e-05,0.0010109864621578406,0.000681694816901452,0.0016367539938073605,0.0012452105373894381,0.001149453090167501,-0.0008179577481415537,-0.001087565947348897,-0.0003315486893471744,0.0005834642393488644,-0.0011131475589031146,0.00021453441068944003,0.0010731422775683717,0.0012432700314093381,-0.0004115265166749143,0.0013457727598304497,0.00018768912317076078,0.0003851396452066385,-0.0006976980819470353,0.00043035056498613104,0.0009688355862130669,-0.0017730466606230442,-0.00033648704055622147,-0.00017929154920339998,-0.0007237435379971026,0.000617294491449785,0.0013867952057403778,0.0005164371670818784,0.0022987565801789365,-0.0002054855257887943,-0.0006894049561702155,0.0014404206190698056,0.0007118457950936216,0.0001997858150086055,0.0004438381486882766,0.0018043516190826064,0.00019330469432235177,0.0011861455506934565,0.0013605690781130558,-0.0001534030468772269,-0.0006786436553941005,-0.0013856306144993545,-2.750226526081355e-05,0.0017705300383062826,-0.000348010392271034,-0.003128038893919438,-0.002492139901733026,0.00028958499832596217,-4.328591926928816e-05,-0.0019673872739076614,0.0010183330677035782,0.0006797533812156568,0.0009604690195475188,0.0006163077713507745,-0.0002418132725223485,0.0006108963344660071,-0.0020726858508876627,-0.0004419289560044288,-0.0007894119804000689,0.00043124469488652214,-1.8525820147867005e-05,0.0003064784670843639,0.0007248942119986168,0.0003841909023726152,0.000307924127102726,-0.0007409358424613149,0.0017964339575782004,0.001217274900732769,0.0013376584263621932,0.00046976956461245817,-0.0003590542617328336,6.660677642382022e-05,0.0003653819021565141,0.0006695451746862899,-0.0011554183341407527,-0.000496597061606331,3.916791077548017e-06
syr2k,0.000636113744500714,-3.951692310187759e-05,0.001174576688855369,0.00023732892683862397,-0.0008525069214455369,-0.001630077190283272,-0.0004883733797921903,0.0009459555149078369,0.0007537129406248116,0.00018477046655284034,0.001509478359973097,-0.0010995569221753005,5.0392047139919465e-05,-0.0005509786472733443,-0.00039885102725949965,-0.001008072935898478,-0.001164148534573744,0.0006589343295975899,-0.0018900812590598231,7.508959647061097e-05,0.0013289846433003226,0.0007267396399078683,0.0010502918893406685,0.000333027430921599,-0.001234368240855272,0.0010010930709540844,-0.0013205577722854083,0.00017736597914740237,0.0011967438493027454,-0.00041122332913801074,-0.0030435712607060042,0.001009081932908076,-0.0012044512291645838,-0.0005192784574319376,0.00012411034387898527,0.00109958092475103,0.003105991309793252,0.0014614105651465554,0.002985819277657558,-6.44803997905304e-05,-0.00042440812265138246,0.001444699764963136,0.00023998404908019843,-0.00074562500230968,0.0006299879524678747,0.0008960050512946004,-0.0007536708322327791,-0.0013019999152877266,0.0003368774648859269,0.00041309445805381984,0.0004472794640201351,9.840252945044388e-05,0.000983368553635147,0.0006724094968780668,0.0016562740363749778,0.0012276132167446325,0.001185129422487484,-0.0008394507199732794,-0.0010930054801671456,-0.0003180252937858717,0.0006228188107747377,-0.001179075525821342,0.0002124461558802674,0.0010668077100288225,0.0012742415807830791,-0.0004222250362444255,0.0013384786414260613,0.0001969648728845641,0.00037587721534590755,-0.0007069224828026361,0.0004340387580062573,0.000951800091772586,-0.0017948718062446762,-0.00035236610862436163,-0.00018091194821560444,-0.0007630305739844011,0.0006232810200243774,0.00139635410726492,0.0005157923781856274,0.0022989852522085938,-0.0002260155329167901,-0.0006838245005080049,0.0014423359446785373,0.0007540361774671408,0.00016881645165590776,0.00048187762149609625,0.0018147331623670955,0.00019360700712746216,0.0011919979980221898,0.0014270293694506916,-0.0001706066897087213,-0.0006697784152088894,-0.001417393241556258,-2.787779279363652e-05,0.0018018541207614665,-0.0003679177881773891,-0.0031760916269073882,-0.0025145130364560625,0.00024738337378948927,1.7357653834753567e-06,-0.0020119824265647265,0.0010285777130371167,0.0006816622141438226,0.0009786331017191212,0.0006043460485266729,-0.00024154435474580774,0.0006048614159226418,-0.0020797525026460383,-0.00046202799583423056,-0.0008258971405060341,0.0004110381794614821,-5.524316737945709e-05,0.00031442617505995766,0.0007003906266618287,0.00038879398360020586,0.0003450308641832736,-0.0007497921825334844,0.001845428904440875,0.0011894404791140307,0.0012916788594642032,0.00045601004239870235,-0.00036738426570082083,4.035620632849815e-05,0.0003812940792866155,0.0006491224650946808,-0.0011647710440835606,-0.0005276825330737564,3.391600815424075e-05
syrk,0.0006412593999508923,-2.8671414636644637e-05,0.0010775417904369533,0.00022748600167687982,-0.0007668737946207532,-0.0015789080773376757,-0.0005172776226471695,0.0009483919162044509,0.0008060764489022808,0.0002478242159769353,0.0014861073901152445,-0.0010997222901399557,4.561883138699664e-05,-0.0005472449281822062,-0.00036761201186487195,-0.0009629063133616,-0.0011576430834894483,0.0006954484011253549,-0.0018894840161212617,0.00019469386380579736,0.0013114071035589506,0.0006880343393681364,0.001025582104678809,0.00036580452372921474,-0.0012841136802105918,0.0009922709642624897,-0.0013441337278992352,0.00012800294563122507,0.0011850320911940394,-0.000371486433626463,-0.0030177477245969283,0.0010014109947304758,-0.0011811532313004136,-0.0004988522608376419,0.00010481958290458554,0.0011059397689273788,0.003067751072295424,0.0014545554747908479,0.003000388752196967,-5.284395107689003e-05,-0.000480269136864485,0.0014622406403456505,0.00025740903058451496,-0.0007964846380572352,0.000590433289592814,0.0008635756950954803,-0.0007510654201420645,-0.0012698791817658478,0.0003081465369581969,0.00043070628817076795,0.00048424877928078384,8.175365090007997e-05,0.001062174544333377,0.0006592298692946011,0.0016202554430088236,0.001300154319324065,0.0011956424245403872,-0.0008116062251954443,-0.0010731256723425355,-0.00031608793263634044,0.0005572445200717387,-0.0011259730252075112,0.00017939746612682939,0.0010671384896138785,0.0012976203482442845,-0.00040872647433489974,0.0013908309955089255,0.00018714671993317703,0.00037055503990915086,-0.00065492401093555,0.0004081042805207997,0.0009870758383638328,-0.0017306492328417436,-0.00032295489947702864,-0.0002096964138521192,-0.0007730694148146237,0.0006109720108927124,0.0014698684456864914,0.00047565664863213897,0.002363700296781543,-0.00021326134229740192,-0.0007212644090436192,0.001382675990397628,0.0007153561988767857,0.00016926667416959794,0.00042611667757026025,0.00183908127170677,0.00020609934775469205,0.0011807839384548264,0.0014171274055519865,-0.0001229817959635208,-0.0007281161645854203,-0.0014768675739307785,-9.69802216180445e-05,0.0018116335623845872,-0.0004216815034902134,-0.0031821180924048852,-0.0025141544384597284,0.00027740490299442574,-6.828725357384731e-05,-0.0019995200531815905,0.000956774634283243,0.0006221088988240808,0.0009411814228062414,0.0005893235381032961,-0.00020963760066984428,0.0006093493688644634,-0.0020532577828918067,-0.00047392887790920213,-0.0008282376365968958,0.00042570285343875486,-2.3893675663404996e-05,0.00031468214163194515,0.0006932129500556686,0.00036871676760104793,0.00026287602183098596,-0.0008102787105599418,0.0018172614864953277,0.0012195473019447592,0.0013537345851849143,0.0004389705403203455,-0.0003908160346731569,4.339677875325126e-05,0.0003824132588003219,0.0006629334412638047,-0.0011279891380884994,-0.000500775349792093,2.4312663299497217e-05
trmm,0.0006383569719522105,-2.310373626338939e-05,0.0011135046030782785,0.0002406521380180493,-0.0008023567352211103,-0.0015880971865650888,-0.0004824538158977197,0.0009324185504940235,0.0007685931502944893,0.00021295031830151047,0.0014665878285692695,-0.0010819917192242832,5.979002970788214e-05,-0.0005780197582983723,-0.0003702876820297105,-0.0009823117256423251,-0.0011520179202004026,0.0006421220572924034,-0.0019002421306342715,0.00010599120933976438,0.0012932361334808068,0.0007096556946635246,0.0010484591196776212,0.0003410394468422358,-0.0012357357752787517,0.0010005596025924508,-0.0012962875900686616,0.00017508339887070988,0.00122931015276764,-0.0004179282631311152,-0.0030307452478963467,0.0010110592676129374,-0.0012052824636662586,-0.0005227664590468825,8.508974375824134e-05,0.00111384381307289,0.003077640136729719,0.001456506621454739,0.002989348059701216,-4.6483034061061014e-05,-0.0004120661016915821,0.001419995895250597,0.0002522527938708663,-0.0007665587925455637,0.0006085414410740163,0.0009021813877754741,-0.0007497411279473454,-0.0013063136882717824,0.00031927448031233833,0.00040719247529826436,0.0004717468877465257,9.98837769859367e-05,0.0010223971459911102,0.0006623216872362213,0.0016115813018081503,0.0012471533449974635,0.001189813858622478,-0.0008368031121790409,-0.0010683848598394736,-0.0003317226332405375,0.0005999855622778543,-0.0011440898896479565,0.00020473663203625215,0.0011057932642870583,0.0012610995909199119,-0.00041946027987352054,0.0013731283228884826,0.00019713174616400566,0.00034463987038988207,-0.000689100438547838,0.00042717827535751794,0.0009714031043080871,-0.0017607463495450146,-0.0003165686040220963,-0.000177211563115836,-0.0007554280891781673,0.0005927860070692583,0.0014133040153233702,0.0005208686505082167,0.0023184765983993807,-0.00020791641691175755,-0.0006997862328717019,0.0014035033805157582,0.0007197659611443265,0.0001744323292061583,0.00047089871562396485,0.0018021938998976515,0.00021643769610414488,0.0011986936198253614,0.001395066879922524,-0.00014978617158097526,-0.0006901297646335377,-0.001390326485205959,-4.886090997994567e-05,0.0017528930863287921,-0.00038358903546193486,-0.0031395182013511658,-0.00251426778979496,0.000261299557880395,-3.242425413595306e-05,-0.001966304841011556,0.00102038912074123,0.0006591602965878943,0.0009720276316834821,0.0006177551339432183,-0.0002528045329705088,0.000620996521320194,-0.0020817600161535665,-0.0004354388794227917,-0.0007917436887510121,0.0004162457092509915,-1.6460922779515386e-05,0.00032280409747424227,0.0006902256601380133,0.0003979832658337222,0.0003041428766058137,-0.0007669635079865758,0.0018297413027741844,0.0012114820581498658,0.0013075602910248563,0.00046682029036067735,-0.0003633233455831133,4.490467035288425e-05,0.0004053933442062569,0.000650185677538199,-0.001155650556837726,-0.000501188067978041,2.28242829002233e-06
2mm,0.0006195957939780783,-3.388869744311604e-05,0.001154779775081099,0.0002544903036323376,-0.0008255660682657941,-0.001610461457554872,-0.00048388440498254367,0.0009070101336369084,0.0007295413848219647,0.00021875244500632916,0.0015331588428024487,-0.001121550255144636,4.54110494400892e-05,-0.00057348889822606,-0.0003719846869595737,-0.00102130512014911,-0.001153957556299348,0.0006685265478962618,-0.001898070991349717,0.00012219471520640783,0.001297334601986222,0.0007558756721361229,0.0010220920254748005,0.00035041055707552005,-0.001284482647558131,0.0010121302394610313,-0.0013642073802960415,0.0001561114000247067,0.0011705451146958189,-0.00041318087864460214,-0.003066374881503483,0.0010156362429067183,-0.0012487436082058896,-0.0005063986342671948,0.00013977965540511327,0.0010982361854985356,0.0031353591750505278,0.0014770687363731365,0.0030335404767861795,-4.2353407479822636e-05,-0.00040056666896109365,0.0014444473959479688,0.00028557905008912913,-0.000736843490610934,0.0006127421271836889,0.0009179433796412519,-0.0007532759417598653,-0.0013253829965833575,0.0003315837174240086,0.0004010380907857325,0.0004980386163677193,8.777411939162348e-05,0.0010386454426528264,0.000656490666895277,0.0016637025352489825,0.0012490808318640727,0.0011742106968692194,-0.0008513272494181163,-0.0010911385510957593,-0.0003084970651090973,0.0006508001873347288,-0.0012068623137666793,0.00022134449035446678,0.0011226262819642823,0.0012829422388070573,-0.00046026764418153715,0.0013555820328797887,0.00020082052974935828,0.00037902643089182675,-0.0007280417517500205,0.0004304686638837059,0.0009515635251268072,-0.0018075185854387302,-0.00034893144968211546,-0.00019747718397411518,-0.0007685573267129561,0.0006234228074188448,0.0014138528309154531,0.0004997232721911536,0.00236352986151663,-0.0002101593506975203,-0.0006820164313062883,0.0014310577858446373,0.0007609401800436899,0.00016573363326541666,0.00048257620073854923,0.0018412995074565213,0.0002372973394813016,0.001217088757483806,0.00143768642252932,-0.00016446486632857058,-0.000695144769350817,-0.0014776046235864568,-4.031511586314688e-05,0.001831352338841599,-0.0003905724477388301,-0.003216329797093446,-0.002527162862760532,0.0002383978992131435,-2.5050385172815164e-05,-0.0019892707318326253,0.00098311194516201,0.0007016524808326116,0.000990352615998644,0.0005938333876353378,-0.00022405947998373045,0.0006416052120685992,-0.002085334529207709,-0.00043336257982041896,-0.0008445883367029536,0.0004377030256566488,-2.3511865745402043e-05,0.000364093129367878,0.0006737984925469694,0.00037167012083551124,0.0003273730948826091,-0.0007963896124339146,0.001858647615234885,0.001195229512328903,0.0013103904315762015,0.0004618446760610419,-0.0003325993675389327,2.7347662378613473e-05,0.0004190308308251487,0.0006512304541198924,-0.0011820497198237313,-0.0005110129455311431,4.064484932718592e-05
3mm,0.0006215372837580028,-0.0002524444742662394,0.0009603465681292993,-0.0001915008298751405,-0.0005205713609671768,-0.0014499097836532576,-0.0008573351523784153,0.0009475741193027181,0.0011280848583042184,0.00016828370622961838,0.0014467301473761087,-0.0010409168864819495,0.00030167912037166604,-0.0008272268254693379,-0.0008445881910173578,-0.0007075430578826105,-0.0012359932126641711,0.0008346322951290538,-0.001705447068054448,0.00020457759006496738,0.001636037339374204,0.00030941401457633167,0.0013652912846951308,0.0001868751769507071,-0.001315646454339217,0.0008599990610759158,-0.0015157434185419012,-0.0003197154266458443,0.0012411161955884274,-0.00013941487379591256,-0.003158743164556868,0.0009922542400518603,-0.001101404003908529,-0.00017774647986858755,0.000406211702605052,0.0014705216916113654,0.0029596945524270482,0.0013738441048189998,0.0027409941283301174,-0.0003541069762671695,-0.0001774015699458473,0.0014008219706524601,-0.00012353891147273208,-0.0008562609265722773,0.0004912350058850065,0.0006529342302682755,-0.00039268465736634373,-0.001800853361868683,3.027175518903224e-05,4.1079412125434505e-05,0.0008902503922239275,-0.00020094742991632838,0.0007621135001125582,0.000775080910363399,0.002014954701093409,0.0010981171739438329,0.0015776040347512154,-0.000608629547059536,-0.001318885538400055,-0.0007218063452883679,0.00020398455586366574,-0.001017298618749277,0.000645928382736576,0.0006561728386098848,0.0010564662961234502,-0.00025505996788577996,0.001844514625511639,0.00040723003450479796,0.0005870072739472723,-0.0005895469084327273,0.000390375814116423,0.0010216085238960873,-0.0017296282506268814,-8.044841633016083e-05,-0.0006474087362328325,-0.0005862542825257953,0.0009958962567479296,0.0011233631692662397,0.0004100056111757808,0.002035873188801548,-2.4545974691350505e-05,-0.00042091481292813755,0.001465985605832162,0.0008272085551117711,0.0006241591040366877,0.0005642107571475208,0.0017677587114603205,-6.857686094008386e-05,0.0009270264599228325,0.001346352499882307,3.3853414660210115e-05,-0.0006258325413321419,-0.0013287831859676825,-0.00030998523973668106,0.0021858132112196043,-0.0004993646054893307,-0.0032751870834652115,-0.002356064341524068,0.0006330400150652756,-0.00032634428712566765,-0.0017269795507137828,0.0010743455153287334,0.000579851504880935,0.0006480745574021164,0.0009669598589158233,-0.00040860415901988745,0.000198317294502083,-0.001863676109625136,-0.0003415027856724063,-0.001112073112060042,0.00020645466044216473,-0.00011439359514042735,-3.685279721942018e-05,0.0006992186159443329,0.00031917367596179247,0.0003980634912081501,-0.000443059577853145,0.0017670790753875148,0.0011822668773889104,0.0018162663053611621,0.000511046669784906,-0.00042176006964462647,5.454430527820745e-05,-2.2365594144075122e-05,0.0008069858802842003,-0.0009406053337871152,-0.0008980054339832243,0.0003686899546985788
atax,0.000574465498656911,-0.0002667310490163372,0.0009696935645907241,-0.00019841179806355606,-0.0005230903043411672,-0.0014493983454646215,-0.0008398416684940457,0.0009338331805980381,0.0010953823871472303,0.0001417903250138111,0.001451225978705813,-0.001031066630008247,0.0002661221455234815,-0.0008143456567161004,-0.0008156149839418076,-0.0007519711575963918,-0.0012299589306006536,0.000850471864824238,-0.0016814942389507504,0.00015633410828955034,0.0016036001153920283,0.00029169514378094496,0.001366200634305749,0.00020769212920533712,-0.0013207122525166009,0.0008765738003763973,-0.0014539024662500357,-0.00027596635610440415,0.0012210120056646272,-0.00016944517847150564,-0.0031613614119123667,0.0009468907469186781,-0.0011313344173900345,-0.00018048412033856628,0.0003926618117154302,0.001482476107091369,0.002915156161179766,0.001363833832061466,0.0027612206544932526,-0.00040668294326785733,-0.00017785418758114034,0.001443235797684311,-0.00018234339864541064,-0.0008419870111324332,0.0005393871348025962,0.0006543741628240026,-0.00036879179499331205,-0.0018058589159730164,5.892286529107129e-05,3.6570427576353884e-05,0.0008885623246897012,-0.00022250283441013272,0.0007727432735812138,0.0007914905436336994,0.0020503771032535415,0.00108397810767843,0.0015216195983264375,-0.0006213889060103718,-0.0013203976502743043,-0.0006858303882729481,0.00022904805561719353,-0.0009815686096450971,0.0006616294404546566,0.000705453333520221,0.0010371931232785916,-0.00023227426230304818,0.0018036632048760487,0.0004255903888192466,0.000616392634315964,-0.0005988549982088015,0.00042105988947749957,0.001000289607926628,-0.001726879233662176,-0.00012894655361271682,-0.0006479390486835173,-0.0005299676935571958,0.0010161124861470478,0.0011355598154456376,0.00041561556795118926,0.0020482089500600364,-1.346131637760931e-05,-0.0004007684296726331,0.001507280614853645,0.000837997256038601,0.0006094482900259798,0.000501090003287091,0.0017843088306322256,-0.0001252114837852252,0.0009291452295335202,0.0012826763524893014,4.7610394711441855e-05,-0.0006476634850568028,-0.0013311663711005274,-0.0003158208325176555,0.0022266048763412982,-0.0005006146992159569,-0.0033098385285805255,-0.0023765575503656533,0.0006427217466647134,-0.0003256735670969219,-0.0017413192682022996,0.0010782725670758415,0.0005857581649359097,0.0006933377247632426,0.0009864795865723863,-0.00037141584085903187,0.000182714025654337,-0.0018913184886675,-0.0003101627491346067,-0.0011230931079754716,0.00021367978992844547,-0.00012749161311041783,-3.8056733661933854e-05,0.0007227376356561709,0.00029279223150190185,0.0004159884787548114,-0.0004274460909929236,0.001751035136882873,0.0012083179488613764,0.00182995677631184,0.0005105104394126957,-0.00035896598231321313,7.075971841593e-05,8.058889601242673e-06,0.0008038046422263826,-0.000976930694271098,-0.0008908652577220517,0.00033084345084395916
bicg,0.0006537678228222136,-0.0002775089575580376,0.0009503275299828281,-0.0002019314013202401,-0.0004864557721542523,-0.0014072187101084959,-0.0008537817664225312,0.0009316338931539041,0.0011308570186991025,0.00016965159995700508,0.001423149902941933,-0.0010764972334179807,0.0002682575106839923,-0.0008102225786869359,-0.0008448260664676234,-0.0007341697072500692,-0.0012313133389825987,0.0008336965402122587,-0.0017105209202889133,0.00016257066197474212,0.0016295201237559976,0.0002906967608449871,0.0014009203283314813,0.00021087150205002057,-0.0013199383298770578,0.0008724904447958312,-0.0014802156057318345,-0.00030878724732354065,0.0012559640043250779,-0.00014974178595687538,-0.0031632710700197253,0.0010104213859663373,-0.00109795481651364,-0.0001615014176315847,0.0003541755945394363,0.0014464912648477098,0.0029685569786713183,0.0014006206217934104,0.0027618664025794715,-0.0003823190345428884,-0.00016445402220329817,0.001403103952350862,-0.00016460318789433907,-0.0008824437801890514,0.0004968766053720816,0.0006241967408534358,-0.00037563931340735187,-0.0018243252792779136,1.4210585504770279e-05,4.919649526367293e-05,0.0008798598933293868,-0.0002384459863499026,0.0007608106825500727,0.0007963140977902667,0.002023105910184848,0.0010926421776222175,0.0015859910944367155,-0.0006555349168860737,-0.0013355307903165179,-0.0007134366246378597,0.00022755688833593225,-0.0009858291690333692,0.0006653507863280966,0.000693523432025412,0.0010347679935340933,-0.0002556132214308223,0.0018343246364940355,0.00039587465546313017,0.0005802380037494004,-0.0005894589703530073,0.00040420236088239644,0.0010768922969445532,-0.0017040259378571885,-6.677282170344638e-05,-0.0006634217236697784,-0.0005490456293474006,0.0010092459646437097,0.0011800608870758237,0.0003703403105164933,0.0020367528983008336,-3.6407816985635745e-05,-0.00038816451363827046,0.0014520143758197852,0.0007473755566238918,0.0006144677317934111,0.0005442197913961375,0.0017873137600391226,-9.847113773610224e-05,0.0009141329287291121,0.00137088616611436,2.7465236866298845e-05,-0.0006556011045604999,-0.001347667317638886,-0.00036974023960818374,0.002196971184971249,-0.000511485282699783,-0.00329065160579322,-0.002383620598052135,0.0006238404312171042,-0.00030098050988539504,-0.0016786175923805464,0.0010797638884362053,0.0005496236434042015,0.0006384866051923702,0.0009969896739622688,-0.00041578297831994644,0.00014783546451807897,-0.0018536040383076075,-0.0003017122276908006,-0.001081532529925051,0.0001890561406445854,-0.00011674842030248222,-2.242085654014612e-05,0.0007143864635616089,0.00029618242714444506,0.00042654309243730763,-0.0004647306846249301,0.001782555680941133,0.0012135399464408263,0.0018618330034180818,0.0005461219291593058,-0.0004246733117136447,3.957717426066451e-05,1.4471423021271167e-05,0.0008430256472338977,-0.0009333209326381193,-0.0009351070381372291,0.0003854811588740524
doitgen,0.0006290604441721156,-0.0002651556663776693,0.0009370372658047606,-0.00018542046104009976,-0.0005059822202276657,-0.0014236381873214507,-0.0008479648968204856,0.0009418679983355105,0.0011402666500276502,0.00015358590890708214,0.001409386203329846,-0.0010541130100404296,0.0003030675956431557,-0.000814124573748011,-0.0008339645535349572,-0.0006986712773248334,-0.001238855386070688,0.0007992339019170579,-0.0017076588564497583,0.00016473942463669707,0.0016240944207632257,0.0003048988274873837,0.0013583864807408057,0.00019667125343403313,-0.0013009767845848248,0.0008544579305795624,-0.0014594160328509614,-0.00029974193860064536,0.0012500558514147997,-0.00014165531405631234,-0.0031288530205047745,0.0009659077628277694,-0.001092099560671212,-0.00017659716553787482,0.0003717269317027839,0.0014737043187350912,0.002921699169639717,0.001358426922439214,0.0027324790015186675,-0.0003648452043040272,-0.00018719128702821976,0.0013727154274580673,-0.00013355296944021522,-0.000855324769337826,0.0004871956056483802,0.0006313575500184123,-0.00037345255601822455,-0.0017864815993508434,3.766598049825167e-05,3.0953372890294034e-05,0.0008679051739711533,-0.00021151395048946142,0.0007480455199530458,0.0007723780667327126,0.0019913329195012063,0.0010773285107194062,0.0015817080172436202,-0.0006149831803186852,-0.001324721957965213,-0.0007177098168005399,0.00019640744721982628,-0.000991580036283909,0.0006390156580463928,0.0006513066601816236,0.0010546596741358586,-0.00023713550249607687,0.0018212066531358526,0.000401649995611104,0.000573414343628375,-0.0005729801384458208,0.00041172821511281654,0.0010303260310405783,-0.0017268451637766488,-6.178855790708708e-05,-0.0006295312080456985,-0.0005859313686789177,0.0009821145589846898,0.0011198650153186034,0.0004287231439614997,0.002020827018628445,-2.1217304439393475e-05,-0.0004276273857077981,0.0014545289906142417,0.0008043464639580206,0.0006097547011449933,0.0005604780847480631,0.0017416478127843754,-8.382609881022397e-05,0.0009162164397446973,0.001316862365723971,5.92974281650694e-05,-0.0006161119372871541,-0.0012872218991533907,-0.00030753869214095175,0.0021659652497071553,-0.0004973499721392513,-0.003260391976629548,-0.0023571385262424454,0.0006042731008218491,-0.00031072837351958323,-0.0017000108765547767,0.0010843103176311536,0.0005435819313039674,0.0006546517697108142,0.000971287619904615,-0.0004156906284419272,0.0001781963133800994,-0.0018646920301869292,-0.000328729823248817,-0.0010742362321573583,0.0001955900901093093,-0.00012391927542493623,-3.51084368851255e-05,0.000720170593012881,0.0003236768363208017,0.00040859406855066907,-0.00044665610338972113,0.0017622888314209,0.0011883796781630201,0.0017920704918009613,0.000517444328579586,-0.00041715903310379126,5.615015021141837e-05,4.83387553044047e-06,0.0008179161334684229,-0.000930822012699483,-0.0008880577173412723,0.00036248626266195276
mvt,0.0006149997053024195,-0.00027813486624783017,0.0009432136070887174,-0.0001614080212996615,-0.0005039944970870719,-0.0014744614668683533,-0.0008521480348837726,0.0009879408479558632,0.0011027988922946593,0.0001732800840674078,0.0014406614419011235,-0.0010651514920241693,0.0002970540046911029,-0.0008493394467650968,-0.0008295015883477925,-0.0007671514108283993,-0.0012006071252364885,0.00086165449979222,-0.0017265199190553498,0.00016492047100601827,0.0016373545466408627,0.0002881792230148088,0.0013820368878762512,0.00020928858900922076,-0.001307334687547101,0.0008359593647422598,-0.0014941994073417258,-0.0002899013223427841,0.0012593282838625943,-0.00017380637719350702,-0.0031884385663194254,0.0010063392632325891,-0.0011072970022830892,-0.00017854330080273727,0.0003744947967146907,0.0014794274876989862,0.0029516036430483356,0.0013555956812685028,0.0027660325337338317,-0.00035839788067866773,-0.00016104846658623393,0.0014168653904241236,-0.00016104173033347572,-0.0008510335088324021,0.0004857665564272525,0.0006512448479257085,-0.0003994512020760928,-0.001794181955868707,5.967172739260337e-05,6.311607135370757e-05,0.0008730530303985099,-0.00022903462591142778,0.0007907627629773581,0.0007941170718849582,0.0020483405353254915,0.0010947120583082056,0.0015329635900664417,-0.0006499131730593302,-0.0013359903994783321,-0.0006663137019666679,0.00024370849474935848,-0.0009713732493657838,0.0006635416168993449,0.0007018865863381721,0.001047932169646682,-0.00027650831393924923,0.0018344428197665634,0.0004270254661712576,0.0006135033498353817,-0.0006037770414396244,0.0004087497089879916,0.0010446575504508527,-0.0017372546227467384,-0.0001262744455529815,-0.0006409840275677305,-0.0005911448491079843,0.00100724447025534,0.0011304455469251158,0.0004050062972750953,0.002067750138367581,-3.4430970331681345e-05,-0.0004194216489850078,0.0014931908558270045,0.0008266334223341854,0.0006443850853589966,0.0005628641468801481,0.00180026055450606,-7.672784747281934e-05,0.0009398753748909632,0.0013305691844674155,6.986104691510692e-05,-0.0006572291304644965,-0.0013271143269615576,-0.0002984863394350909,0.002214736264089451,-0.0004942871436308932,-0.003307339988703675,-0.0024152941118432756,0.0006325970307978638,-0.0003088289907763657,-0.0017222851542208124,0.001079534413293004,0.000581265622339047,0.0006597988300628084,0.0009908294151126243,-0.00042457405224387697,0.0001778641393791665,-0.0018799987618181417,-0.000287743507857051,-0.00110220441745375,0.00019765331286608298,-0.0001322947141221341,-4.3257160167045455e-06,0.0007371564042841783,0.00028806666651850235,0.0004042878247085301,-0.0004356946498292553,0.0017877052955822472,0.0012028939741225366,0.0018339238132980158,0.0005012358748953214,-0.0004073897383504492,6.742108277702595e-05,-1.04749267527094e-05,0.0008247575024142861,-0.0009313188972609008,-0.0008795810931855265,0.0003657264092266012
cholesky,0.0006432212418682562,-2.4833138417711274e-05,0.0011381698301799286,0.0002504680378478952,-0.0008201862898810456,-0.0015796308887527427,-0.0004975191744354864,0.0009146318706269893,0.0007281752122152182,0.00017840990848425362,0.0014721110314389484,-0.0011041136118971433,2.8295591214878692e-05,-0.0005393052124418318,-0.0003428947398384076,-0.0010023749960560559,-0.0011542174870555755,0.0006388056806624971,-0.0018885410972870886,0.00011731078201490972,0.00127948838538335,0.0007161815010476857,0.0010148653234662358,0.0003500982956110319,-0.0012485814513638616,0.0010148938324871576,-0.0013124410244118837,0.00016280582510969706,0.001159778729844321,-0.0004022386144950158,-0.0030053056268823436,0.0010046185549425798,-0.0011896777464749499,-0.0005133266184000402,0.00012267319026351388,0.0010605035026350783,0.003067796331985543,0.0014608199449463023,0.002945187157618218,-3.2437716274418766e-05,-0.00043740435083034553,0.0014217054914398533,0.00027441667569089786,-0.0007190682226791978,0.0005975940069523252,0.0008741371970649601,-0.0007450371736518315,-0.0012756870451590253,0.0003347157617099583,0.00040959354050250515,0.0004626780662672698,8.760880316711134e-05,0.0010163633042894718,0.0006688585934979427,0.0016016886317326378,0.0012539817916048276,0.0011673783301375806,-0.0008337666966124541,-0.0010783135984284956,-0.00029990657478467457,0.000608577702627776,-0.0011672215114231221,0.0002024033294421517,0.0010742586851443371,0.0012554048347131659,-0.0004120606996972735,0.0013390249530655434,0.00017483061593439843,0.000351302293387966,-0.0007014463998429063,0.0004241213618014525,0.0009340410015283851,-0.0017593728318590568,-0.00034800979624883947,-0.00016986713752784353,-0.0007344021416631424,0.0005989076614949025,0.0013867013249182492,0.0004905824704716603,0.0022795563272666186,-0.00021326147735736513,-0.0006903088029856816,0.0014193323795300078,0.0007087210122133709,0.0001283181077774821,0.0004540881976330032,0.0017804336546558058,0.00024108042675329166,0.001168438394920991,0.0014015160235835032,-0.00017114834109735157,-0.0006646869531121209,-0.0014197296146044715,-3.7567947907114605e-05,0.0017677055794693944,-0.0003671063910183471,-0.0031415492994710803,-0.0024645522223889,0.0002475052218263348,-3.424671336284114e-05,-0.0019682714515106958,0.0009665278743745552,0.0006799894488520093,0.0009766881315348048,0.000591749619666694,-0.0002287121201839505,0.0006394822751947989,-0.0020548872352163824,-0.0004556928001370074,-0.0008138313262154245,0.00042506219324423,-2.63650241928796e-05,0.0003441093997227856,0.0006735418828611728,0.0003951939159176416,0.0003138201233620445,-0.0007930231658974662,0.0018007936305366457,0.0011922301491722465,0.0012909159720745971,0.000466220536812519,-0.0003651568290984465,4.6357805129244094e-05,0.0004006309595246825,0.0006522981400646839,-0.0011554847878869623,-0.0004975356278009713,2.8878199777358936e-05
durbin,0.0006512805945628012,-2.8657112529294358e-05,0.001114746284050246,0.00027016250290519867,-0.0007946300611365587,-0.001565786676817677,-0.0004777634425813125,0.0009267377350220664,0.0007590024842001083,0.00018115944436026944,0.0014516119246966103,-0.0011114383831025204,5.845556410753893e-05,-0.0005599625114377381,-0.0003563266345231063,-0.0009797058778025934,-0.001143185961862198,0.0006357284130192258,-0.0018861730673557355,9.769099738655819e-05,0.0012850046437557063,0.000720376942707743,0.0010351860158455868,0.0003393218762034343,-0.001238769844753228,0.0009968519831697147,-0.0012830450400037484,0.00017512093391916197,0.0011834291346733356,-0.0003930222592316568,-0.0030005450130880084,0.0010081436957484079,-0.0011820050971841232,-0.0005038685790673804,8.177112128275137e-05,0.0010728481154526686,0.0030637222824023208,0.0014492355338815185,0.002953759099505583,-6.0444975840962594e-05,-0.00042789976578205824,0.0014077163230265593,0.00026104911012225784,-0.000744144380506542,0.0005882914020831878,0.0008690142842371844,-0.0007371957375047108,-0.0012884688621852547,0.00032135667667413753,0.00040066853681411076,0.00047015913878567517,6.702526621261818e-05,0.0009975321881938726,0.0006768234226102424,0.0016117385207002775,0.0012175557470375982,0.0011864286950892871,-0.0008443013131101099,-0.0010973646746303227,-0.0003231283173792892,0.000589555413979623,-0.001146126895037014,0.0002133495032062961,0.0010577297426708457,0.0012459447704410802,-0.0004187361555523239,0.0013408095880246644,0.00018931778969191428,0.000352731378774883,-0.00067771597726581,0.0004331570222954421,0.0009812164773595417,-0.001761865163340796,-0.0003113753785631464,-0.00017650677465199906,-0.0007316852392654659,0.000615067932004523,0.0013906096337450435,0.0004845151836181887,0.002271012435408516,-0.0002118161858864672,-0.0006715131102181557,0.001401221263929781,0.0006857786332451118,0.00015528067969070334,0.00046539124256620806,0.0017864181039234002,0.00021888579228996404,0.0011617007784378883,0.0014042939421617323,-0.00014737187626047267,-0.000676435993227642,-0.0013995700978234203,-5.589892437759166e-05,0.0017750669471246914,-0.00037132197475228977,-0.0031286990334693757,-0.0024806215919347275,0.0002565380742049052,-2.2989346487318268e-05,-0.0019367348415673608,0.0009788000800957282,0.0006655231732616408,0.0009579741712918298,0.0006069865897491885,-0.0002553715005180695,0.0006075970401676992,-0.00202804897142212,-0.00043369308453596506,-0.0007896179708445238,0.00041741241309662454,-2.9413255914631816e-05,0.00032655588034281717,0.0007022117972357793,0.00040014426405024197,0.000327170008353682,-0.0007696084479296891,0.001810119681370755,0.0011925266783994932,0.0012945469352416694,0.0004782929485776953,-0.0003663746954569231,5.878681625088373e-05,0.0003890655530590771,0.0006838221120738632,-0.0011448793941073948,-0.0005074215651903716,4.091445427750134e-05
gramschmidt,0.0006692699402372134,-0.00026116074877791107,0.0009484782674596371,-0.0002234717146219576,-0.00048014370258897543,-0.001472253427731202,-0.0008966495858176666,0.0010128958760212887,0.0011384237475474091,0.00019167500945246394,0.001396041630548151,-0.001058372314540012,0.00028674777336966465,-0.0008458044903818518,-0.0008361086207407745,-0.0007716697257231263,-0.0012223285071633976,0.0008899396805859663,-0.0017235344207352575,0.00020362696309080894,0.0016722847315523883,0.00023179400287678137,0.0014304547478198348,0.00019575070441265672,-0.0013125862841501228,0.0008468329204547712,-0.0015061942326343235,-0.0003009047350668184,0.0013307841316632489,-0.0001628478810958126,-0.00319860310992226,0.0010612281826872598,-0.001106026489972411,-0.00016504805727676926,0.000360223079470041,0.0014650219441939365,0.0029609734791687086,0.0014192411771920673,0.0027572088652317796,-0.00033499894882826247,-0.00014305051744860762,0.0014294553068740403,-0.00016625537382959223,-0.0008758007384398405,0.0004854010142427047,0.0006684500506654492,-0.00039324893869514414,-0.001829315083074,2.1322567002190388e-05,6.767072131076609e-05,0.0008465219006586052,-0.00023140945054097648,0.0008006001589819789,0.0008294377424617243,0.0020421006038839765,0.001150719984092147,0.0015338462202207131,-0.0006307987290818025,-0.0013229512281695327,-0.000718307462246979,0.0002418710441013579,-0.0009519983962972593,0.0006820344955057782,0.0007205514668706147,0.0010585694929913564,-0.0002728561863905805,0.0018647613328272093,0.0003902323300922837,0.000602656218688935,-0.0006156728794688688,0.0003636738102239392,0.0010611365809488822,-0.001699689444649266,-0.00010431761663366,-0.0006672937524854206,-0.0005851463202441879,0.0009757834452423541,0.0011722395180079142,0.00037235867143060793,0.002073571157833452,-4.103236043353236e-05,-0.00042274111557858037,0.0014690436900684075,0.0007554477984633516,0.0006871739272302127,0.0005503677735652993,0.0018049430423964035,-8.023358361028572e-05,0.0009407751870051417,0.0013471425593118457,2.548258806414464e-05,-0.0006841089300852379,-0.0013417580450871302,-0.0003286936433355817,0.002159868784741882,-0.0005032928319825955,-0.003272223885527209,-0.0024075838274952464,0.0006608390728669131,-0.00032184170156730995,-0.0017265612567665383,0.0011034982299486943,0.0005753672448918223,0.0006206645904218449,0.0009767552307012545,-0.00042688816799508296,0.00014974026570973152,-0.0019056256167138653,-0.0003042045513318632,-0.001087035213405376,0.00015675867496825317,-0.00011713580940576161,-1.9170896848663688e-05,0.0007117156376754044,0.00028397524318493465,0.00039212392328087897,-0.00043615782701903404,0.0017830258618821116,0.0012430291629725082,0.0018773051577976301,0.0004983248888011611,-0.000445851289174136,3.7666138001334144e-05,-6.095132769534009e-06,0.0008085661025046755,-0.0009266275104463977,-0.0008892369429197381,0.0003535590718349661
lu,0.0006057591429756334,-1.8434557811512302e-05,0.0011384756904185957,0.00022959822834107198,-0.000833755559546666,-0.0016360418715824683,-0.0004788285716333323,0.0009517870494164526,0.0007928190752863884,0.0002458193986159232,0.0015271850481642308,-0.0010794212721521035,8.57127338854803e-05,-0.000566835798154999,-0.0003957247352749012,-0.0009815599931041813,-0.00116544172932562,0.0006966476082905299,-0.0018789432490141028,0.00013250962365418673,0.0013187042026806416,0.0007348331758597245,0.0010216699445461724,0.0003355147633151824,-0.001264271838105439,0.0009757685135506714,-0.00134490945816247,0.000160217324769797,0.0012120214265046848,-0.00038890878204256296,-0.003048611103117259,0.0010001956325867115,-0.0012301192230855424,-0.0005272510469593625,0.00012820614857547398,0.0011396701965067121,0.0030950356497972584,0.0014589352132235137,0.003029329553505199,-7.195366844017472e-05,-0.0004351733983235641,0.00146792391832504,0.00025466145962127484,-0.0007762461706685523,0.0006374160256099356,0.0009260008680737681,-0.0007717170325728754,-0.0013032908835965726,0.0003333787656932448,0.00042627442033133574,0.00047485270705591474,0.00012124475162838482,0.0010259722475893795,0.0006345753370422042,0.0016611266910331324,0.0012587859988949883,0.0011753988187087493,-0.0007981122988793585,-0.0010694813655997375,-0.0003299016583090027,0.0005948283441183674,-0.0011645356102639602,0.00018576861798970235,0.001088185652204427,0.0013158949311926132,-0.0004431431265806572,0.0013530537485672135,0.00020014671301598556,0.0003977805220832427,-0.0006913034885656089,0.0004161398820643727,0.0009706445857268085,-0.001793703011672834,-0.00033655645691194676,-0.00019817139925887913,-0.0008056966083434721,0.0006238088923661659,0.0014466630652047268,0.0005284466832462284,0.00238479040369081,-0.00020964402180349376,-0.0007099433189270914,0.0014185358984882947,0.0007945201052482136,0.0002073595686751004,0.0004670398807825728,0.001855962858017948,0.0001814876547238479,0.0012248010750934351,0.0014141325373202562,-0.00014475582348596718,-0.0007085775646879079,-0.0014583347543116866,-3.7992761159936585e-05,0.0018151778009875368,-0.00039865380825984984,-0.003192225380593704,-0.0025426408683415502,0.0002573046885016892,-3.1800569963201677e-05,-0.0020400372838291028,0.0010167350135614267,0.0006642287383632114,0.0009753283456019643,0.0005747702768227706,-0.0002137421478336263,0.0006143332607785447,-0.0020920755018273163,-0.0004736320527930123,-0.0008308407688875579,0.0004354851892761265,-3.680075557592014e-05,0.00030403038545046,0.0007093383671619651,0.0003565126551418669,0.0003000146987485803,-0.000761123742348799,0.0018515851988922805,0.001196441253543728,0.001318921834657279,0.000431247705516095,-0.00035439393266440474,3.985339784170113e-05,0.0003808351943411657,0.0006360790969968851,-0.0011638274267574565,-0.0005075976757022241,4.871947263988356e-06
ludcmp,0.0006571975969159717,-4.82152245240286e-05,0.0011200926900427374,0.00022251880404332446,-0.0008222685363661083,-0.0016269340962430255,-0.0004970986176178687,0.0009637874188936419,0.0007409094186085793,0.00020680840437610945,0.0015006145210160564,-0.0010994894174574357,2.5998716915233268e-05,-0.000532491171422104,-0.0003462279734473365,-0.000993300145233257,-0.0011591540557371143,0.0006807662430219352,-0.0019002663450212115,0.00014083300872395435,0.0013489783721322762,0.0007081484072841704,0.0010300654268778292,0.00035255505665392976,-0.0012458890729855436,0.0009845065861655814,-0.001345982015158774,0.0001464787791418429,0.0012158223544247448,-0.00040307321533974673,-0.0030597627547750664,0.0010082239522135853,-0.001162212849724003,-0.0005153976892163175,0.00010678500661419498,0.0011057122481159037,0.0031234804903053576,0.001472144905063841,0.0029865431012391732,-4.186855059944921e-05,-0.0004234718006854463,0.0014520846355784063,0.00028677780129429366,-0.0007523431688443654,0.0005861032043160069,0.000893163804398177,-0.0007692453129695625,-0.0013104677264992562,0.00035606159912681,0.0004037505212990153,0.0004723070467460073,8.569922000687156e-05,0.0010331820133918275,0.0006718907437364882,0.0016609811460107772,0.0012837597839987008,0.0011889658829507728,-0.0008501573659790059,-0.0010796138361683916,-0.0003312176753145953,0.000621692340549392,-0.0011731804204626111,0.0001846839926050355,0.0010685090730678188,0.0012758379000135595,-0.00041700625378224585,0.0013806609963972329,0.00019874047898661552,0.0003526451926316238,-0.0006993784207022852,0.0004415162762193682,0.0009642273158129279,-0.00177942886714138,-0.0003413958917614461,-0.00019130181034496572,-0.0007570899259816441,0.000586876338477143,0.0014000472264241478,0.0005095646128110173,0.0023352604314115727,-0.00020465669887117756,-0.0007192517202080732,0.0014141324453602363,0.0007399395512442829,0.0001757751823687512,0.000467227691034269,0.0018270510805046393,0.00020913387318917861,0.0012050994377609135,0.001426654292218801,-0.0001607761789475464,-0.0006804735183120809,-0.001443630178174418,-4.2699127031179764e-05,0.0018128426454495639,-0.0003649223500209094,-0.003195136636754291,-0.002512391464228535,0.00025204010954540636,-3.061919334059995e-05,-0.0019933131277664667,0.0010261600675423527,0.0006850456993561238,0.0009435110292138739,0.0005988092477006527,-0.00021671591740515496,0.0006434326609855311,-0.002076407654385548,-0.0004710812184688014,-0.0008397892977680183,0.0004247444748115312,-1.5833735233172774e-05,0.0003166580475711574,0.0006759244269131967,0.0004116777498792443,0.0003012977831531316,-0.0007809046971184822,0.0018462953772137149,0.0012072582063006444,0.001314405890298076,0.00044680977099334187,-0.0003722439038635154,2.1136575621009495e-05,0.0003793656170374662,0.0006496584400237124,-0.0011467633432605201,-0.0005033930453161398,4.211331381359034e-05
trisolv,0.0006563717090304837,-2.7265255792169934e-05,0.001133649608366088,0.0002388953928150133,-0.0007889850255903892,-0.0015900586376018408,-0.0005192472276070879,0.0009688989020004454,0.0007598228985443711,0.00017042860337015655,0.001457464691257984,-0.0011282827860365312,4.754476766619417e-05,-0.000560788439340993,-0.00035322702175714465,-0.0010388497741789455,-0.0011744229446372224,0.0006512074210655151,-0.0019251400501363808,7.213405074758662e-05,0.0013080250460512212,0.0006727843073248449,0.001063826986662914,0.00034273652787912096,-0.001263102606268755,0.0010105014096350512,-0.0012797185885978655,0.00020059812716984501,0.0012018936071803586,-0.0003887234811878039,-0.003046806566999294,0.0010207770391288148,-0.0012137856360317932,-0.0004985192052926221,9.07412322703749e-05,0.001074815686378214,0.003051601971189181,0.0014753058914923007,0.002972444634199039,-5.726742609921429e-05,-0.00042843017985837325,0.0014366302606908397,0.00022420660590998724,-0.0007328375165040294,0.0005861149766133167,0.0008700632970430888,-0.0007180805130499519,-0.001301590382354334,0.0003402411691947944,0.0003931765899728311,0.00045734578371694725,3.947006512640251e-05,0.0010112609856555031,0.0007082980397778252,0.0016553725387590628,0.0012495807564442253,0.0011808543155590694,-0.0008525265535960594,-0.0011219469099362162,-0.0003050442287025766,0.0006038757314349317,-0.0011324669944264719,0.00023211759980767965,0.0010713891824707389,0.0012681330554187298,-0.00040714810650873307,0.0013529901635694033,0.000191556524239584,0.00036660982489896316,-0.0007140188633153836,0.0004268776509787939,0.0009712955567617124,-0.001775111449609944,-0.00035961022240371676,-0.00018243948943563737,-0.00073919208565106,0.0006380412119647695,0.001387035029741431,0.0004892584482958126,0.0022876808393953573,-0.00021013248351664515,-0.0006869458788464221,0.0014372290364311386,0.0006889058737821566,0.0001631541429863622,0.00045008759803345636,0.0018063717256558852,0.0002180319004562787,0.0011688431099830471,0.001379800430085096,-0.00013622609872577919,-0.0006890966089688138,-0.0014017505115286137,-4.416529635717678e-05,0.001788458728697151,-0.00038700785040014633,-0.0031813225618356634,-0.0025232271485341093,0.0002622324908669624,-3.5176803066860884e-05,-0.001982143035598306,0.000984504647527097,0.0006833754499287655,0.0009847769332635733,0.0006133812098091261,-0.00026633542276815407,0.0005911514389380398,-0.002098800669450106,-0.00042363047153533745,-0.0008003934975325441,0.00039847904230959504,-5.512806496375965e-05,0.00034334880830202665,0.0007215766161405352,0.00038813047770721215,0.0003577816823963076,-0.0007868701520945049,0.001834452760198878,0.0012389271416597897,0.0013136950357066882,0.00046262808933129743,-0.0003647994878216802,8.054259281683092e-05,0.0004116544887438067,0.0006711016050960299,-0.0011572368578830112,-0.0005037347178181841,2.2275870530089985e-05
deriche,0.0006598867932754931,-3.221042667670796e-05,0.001161604223953974,0.00023387166584143415,-0.0008159363739347706,-0.0016001833606019823,-0.0005051225436747902,0.0009504343357144131,0.0007495800123756959,0.0001715236382248501,0.0014728341452104764,-0.0011017846894295265,4.653969598520133e-05,-0.0005240769322780478,-0.000368075381730806,-0.001009947803039621,-0.0011827827725533603,0.0006475001525056238,-0.001922513882163912,6.74228972962333e-05,0.001331193949833202,0.0007027006261826804,0.0010571867715043481,0.00033890063885640603,-0.0012375185417315354,0.0009936432890956188,-0.0013004518987145275,0.00019774550633479116,0.0011606138594086384,-0.0003867884451109502,-0.003027510371692996,0.0009912826552762352,-0.001160455631583722,-0.0005051547614129959,0.00010584614129685279,0.0010531491845742697,0.0030528665859795487,0.0014418765592078369,0.002947818753050847,-3.683182229805324e-05,-0.0004452481096248246,0.0014274574124202547,0.00022207609031789211,-0.0007340682722214195,0.0005668111043632962,0.0008839248904324551,-0.0007128455658352727,-0.0012768590434764822,0.00034070582639995136,0.000392512664499615,0.0004463833142330663,8.437210474059814e-05,0.0009758246984953681,0.0006743663139382584,0.001641676403879602,0.0012525365746114403,0.0011960170167084369,-0.0008447677699021167,-0.001107233060590968,-0.00028958088498459093,0.0006048535635474966,-0.0011475024657556787,0.000208963145269081,0.0010567412755335681,0.0012704866466164175,-0.0004146366287992957,0.00135339323393661,0.00019155089588214955,0.00036290388541399606,-0.0006991485812856505,0.0004283783325970742,0.0009744312513551753,-0.0017654484139105382,-0.00036746614508350223,-0.00017255236768202545,-0.0007490886427048179,0.0006346444424707443,0.001378791592691818,0.00048773414487691806,0.0022473120253481385,-0.00019192257119963566,-0.000676444804008093,0.0014325164799326255,0.0007203645606447632,0.0001473401482346364,0.00048163248639967706,0.0017798487582088758,0.00019707258131044605,0.0011404053698242933,0.0014031050442200568,-0.0001574895157116569,-0.0006541290721442136,-0.0013930644506924888,-3.671649836986843e-05,0.0017851214280300257,-0.00038166556896612747,-0.003171719371392909,-0.0025167105114734215,0.0002524301396786339,-3.1936508296186934e-05,-0.001984881479681159,0.0009885730396490544,0.0007031491259112954,0.000975760524549211,0.00058377272701667,-0.00026377043589794386,0.0006006819021422416,-0.002061723819578118,-0.00042988851136114035,-0.0008111444622045383,0.0003939591584235637,-6.569216364166803e-05,0.00031438479911432497,0.0007133782158537846,0.0003865826389907549,0.0003588199550803337,-0.0007847001227977065,0.0018310074584506866,0.0011989459971017721,0.0012897461452262683,0.0004480543274338642,-0.0003776908977468136,7.664549816076437e-05,0.00039280252874757734,0.0006538867201015819,-0.001134752092184499,-0.0005353095540259448,3.212148698771166e-05
floyd-warshall,0.0005876827165005071,-0.00027255385408780594,0.0009373225501108476,-0.00019083701943814317,-0.0004991486956201055,-0.001416042717584573,-0.0008304301676723887,0.0009261335088761852,0.0011284813278026001,0.00016486373565652792,0.0014277266583282173,-0.0010459291652831085,0.0002964628065991051,-0.0008313227068249355,-0.0008498253634624073,-0.0007055706861565876,-0.0011961076114162365,0.0008033016381566139,-0.0016684975160066696,0.00018751304870580926,0.001592750833986108,0.0002952792445499012,0.0013303677173740545,0.00017879790603354408,-0.0013106705463381812,0.0008398612947477138,-0.001476364124648492,-0.0003221955249661251,0.0012382545426268788,-0.00016763396835064187,-0.0031073084152440597,0.00097361681788671,-0.0011305353563169345,-0.00017592244694242254,0.00040762195267769345,0.0015088583596105523,0.0029185811684275154,0.001361426815171452,0.00272785758758854,-0.0003837248420014101,-0.00015945918686852297,0.0013811119767042862,-0.00013359478693660896,-0.0008521450765650062,0.0005374984732899226,0.0006329539413426948,-0.0003749090332455714,-0.0017942389343207812,3.2777351888773194e-05,5.72942740023684e-05,0.0008688332531806629,-0.00018396852572229416,0.0007645205683622728,0.00074872442329412,0.002010270285502295,0.00105143290334929,0.0015540116206359338,-0.000585845425067579,-0.0012877003501831925,-0.0007205195040168131,0.0002056191981811186,-0.0009997650349225081,0.0006509371827740003,0.000674941433210145,0.001041402091847404,-0.0002322674768305767,0.0018081421058013802,0.000413797508158228,0.0005753210143131368,-0.0005674007252844818,0.0004127333839492434,0.0010005205456978087,-0.0017132212107004736,-6.528795240549644e-05,-0.0006231479851789225,-0.0005839538917986347,0.0009935884462559923,0.0011131945792947268,0.0004351200289366876,0.002042699437451494,-2.0966836553484693e-05,-0.00042370048290382223,0.001451334905676263,0.0008314628417685847,0.0006256389494999038,0.0005459074711646227,0.0017684049089439213,-8.18096159491688e-05,0.0009381275911651113,0.0013028433073914664,6.11505375298507e-05,-0.0006385048353181713,-0.001307837838848012,-0.0003154169501024572,0.002167858404230655,-0.00047834020712317024,-0.003256068832021864,-0.0023453695107224014,0.0005928237977273324,-0.0003040997039266478,-0.001698194896829698,0.0010865400065941846,0.000528725007932414,0.0006652968894580708,0.0010048125610303354,-0.0003849744372179403,0.00016895636765505462,-0.001868883057956255,-0.00032243631465141387,-0.0010872279030188698,0.0001946472526897731,-9.767724173691343e-05,-2.5569112040102482e-05,0.0006860204272978829,0.00029817998737973324,0.0003906892208546838,-0.00041857818038860224,0.0017487685990465037,0.0011683774783330806,0.0018063845790867858,0.0005267497472232208,-0.00037967572194140623,4.407133297611247e-05,-6.163190204567988e-06,0.0008178417611976757,-0.0009142362430472584,-0.0008541302180246395,0.0003761941650950843
nussinov,0.00027555638141501203,-0.00014602106507242608,0.0007425274188311672,0.0002885976527498937,-0.0006819227511234777,-0.001654775675361682,-0.0007666263631299922,0.0009414160901398741,0.0006909226434991547,0.0003191799317535601,0.0017727653715777897,-0.0009252346721232721,0.0003690367203058773,-0.0009253056349208284,-4.733673306059484e-06,-0.0011205872027571068,-0.0007366685753559546,0.0007150542698678022,-0.0017217572128988411,-0.0003310340138054208,0.0009062273322917079,0.001043548109009862,0.0009172111359045008,0.00046205754532772854,-0.0009655931115910215,0.0009627502164987259,-0.0008677984679755019,0.00013273529092609686,0.0007689502243393738,-0.000700455177330265,-0.003000740821191453,0.0006530335269513001,-0.0008980490077335976,-0.00031413961589446684,-0.00027366659426326424,0.001411722813683905,0.0033915531729642105,0.0016699807510074031,0.003213617141897741,-0.0004538952642561574,-0.00039890139535265535,0.0009982431878789182,8.749855930402286e-05,-0.0007207859843650734,0.0005727616616671807,0.0008683711088164465,-0.0005783919998640684,-0.001154855399171969,0.0005372822465448591,0.0007173697068585744,0.0001562768287074409,0.00034056563929066454,0.0012375155806933578,0.0011091565622911347,0.0018195875332151588,0.001026418583933264,0.0010019300235925537,-0.0008966826288470704,-0.0011765281417051722,0.00012286568955077151,0.0006729917482803821,-0.0009630635671017348,0.0003809596313849876,0.0006585045645662927,0.001518724547503026,-6.570571138964672e-05,0.001222273070054239,0.000295461659429987,8.010516237271459e-05,-0.0009395121811202875,0.0007764069297608282,0.0008156709365338381,-0.0014708423749604997,-0.00027545311135518684,-0.000257634979023255,-0.0006365570757464555,0.0004434608701175373,0.001277671697033312,0.0005282480958971734,0.0024566830497382112,-0.0003175443441585613,-0.0006502758136727943,0.0010556416424438602,0.0010580466309635852,-0.00020634611428249627,0.0007530516381130406,0.0019492509064117545,-5.218965816311538e-05,0.0009464500925739566,0.0010703520935126825,-0.0003090201460413243,-0.000405574888741524,-0.0009924543923453281,4.065411906738422e-05,0.0018051344775717314,2.1232321447122988e-05,-0.003329111618529025,-0.0025208987491695503,0.00033209552853613307,-0.00022319569636333893,-0.0023225190418184197,0.0005857960419043115,0.0009745157348286165,0.0011702968806371484,0.00043598890892769163,-0.0006087535431633066,0.0005950697691571948,-0.0019123577328987028,-0.0004694937524618581,-0.0007343652480477957,0.00018333702571812625,0.0001173259286013873,0.0004393170989044991,0.0010556818027620657,-2.92537856454912e-05,0.0001453682045011144,-0.0011275745530024562,0.0018147295785112011,0.0008632487733848393,0.0014504435070863877,0.00018933766707624798,-0.0006103396900518993,0.0002440432673258903,7.262136559323775e-05,0.000741842576979635,-0.0014059872360360857,-6.047188377890148e-05,0.00044257031435048893
adi,0.000633801541375255,-4.714597889687866e-05,0.0011139907356765536,0.0002256680810306635,-0.0007892082422687155,-0.0015755831005258693,-0.0004960314189601275,0.0009365808380405522,0.00076462531190676,0.00019243006115882762,0.0014640429872088134,-0.0010895141490942074,4.8265785961929294e-05,-0.0005443406731097235,-0.0003659304997098742,-0.000989511516915324,-0.0011443756249920828,0.0006561320171587997,-0.0018697178586282665,0.00010480150295835402,0.001293475898112067,0.0006801717811160617,0.0010234126479594528,0.0003419336449547296,-0.0012381352591748713,0.0009810323180216881,-0.0012895420724008647,0.0001613921243309354,0.0011814444329098074,-0.0003935636616208487,-0.0029878973194475598,0.0009920085899971633,-0.0011743732094247309,-0.000499606227498993,0.0001052826393990674,0.0010919131325661307,0.003029171186628648,0.0014382302179001272,0.002940256917807144,-6.59907915784667e-05,-0.00043123361279463605,0.0014290390487682696,0.0002302692317041672,-0.0007464462283274366,0.0006043216180842137,0.0008551292452870661,-0.000724859286694684,-0.0012817073406444655,0.00033210446579485305,0.00041014679623509035,0.0004628321079912388,8.0712639222232e-05,0.0010004653595387936,0.0006597913872812771,0.0016229648172156885,0.0012379624660954708,0.0011728274758853433,-0.000821525780742781,-0.0010744653153172596,-0.00030727773426204093,0.0005881040164644623,-0.0011248586039679747,0.00020354639855213463,0.0010616811535631616,0.0012533490209736759,-0.00040078349007267714,0.0013443183884697242,0.0001928761824577426,0.00036844799372678,-0.0006727235870332354,0.00042984437418959313,0.0009580517457329228,-0.0017398124784651576,-0.00033791111411574093,-0.00018031845279943405,-0.0007413388763476784,0.0006209797090074668,0.001396836302875373,0.0004979656983373894,0.002284370243109556,-0.00020827873474142203,-0.0006892519668326713,0.001407446793791678,0.0007129157650827741,0.0001648619024005408,0.00044765433348301385,0.0017936076749012703,0.00019055347689168734,0.0011614575427706263,0.001383161159335739,-0.00013975595033520626,-0.0006795675419400343,-0.0014078404072077116,-5.916886018692619e-05,0.001777929025896204,-0.0003771745187906264,-0.0031389237265102565,-0.0024894118671202,0.00025451382195266586,-3.26456647599116e-05,-0.001959884772077203,0.0009882950980681926,0.0006451818917412311,0.0009525053707572321,0.0006079741595183603,-0.0002277162922028866,0.0005867133764291389,-0.0020499369905640683,-0.00043733706762496795,-0.0007993854912153134,0.0004085891543784075,-3.321379901737803e-05,0.00031495250813249085,0.0006968218866758333,0.0003714724993591921,0.00031097202574730746,-0.0007703015879896055,0.0017995246388535532,0.0011953297814923441,0.0013125027924413895,0.0004535985834890097,-0.00036272256572071154,5.183232810345039e-05,0.0003834612756084728,0.0006582947512975403,-0.0011210757365915924,-0.0005051620084688895,3.156295295209727e-05
fdtd-2d,0.0006465527683972408,-0.0002761385129655109,0.0009686633386402665,-0.00019993016201838413,-0.0005025798112482709,-0.0014004971856004832,-0.0008705715744701378,0.0009397488217526937,0.0011241694001535721,0.0001390738385346006,0.0014325381712029304,-0.0010998501384165138,0.00022622232106240357,-0.0007781720744199393,-0.000877074156425592,-0.0007342668421402135,-0.0012403424086240942,0.0007827329510987244,-0.0017648594597738016,0.00015371177783783744,0.0016511412215871079,0.0002811979142921593,0.0014156695379985169,0.0002087042709771434,-0.0013291060003051396,0.0008842113063163945,-0.001498155398568248,-0.00031207676939255395,0.0011999065926134149,-0.00017956880551269825,-0.003179059273166144,0.0009860151663708488,-0.0010967829319484094,-0.00018095696064205293,0.0003991699982982348,0.0014696012983810814,0.0029795273576917894,0.0013898674617795384,0.002749782284167047,-0.00036870824474403085,-0.00021854593582889612,0.0013963979179286124,-0.00018897708950509483,-0.0008849208380150445,0.0005047211332780802,0.0006139860745272873,-0.00035741387161097545,-0.0017823410966871854,1.5043528572491863e-05,7.249859867014867e-05,0.0008305919301860473,-0.0001906455761533888,0.000766201814472237,0.000788888058570378,0.002041495396577589,0.0010955051068723312,0.0016329119475010563,-0.00063945196897668,-0.001332745132217764,-0.0006858033867662444,0.00020201403394286686,-0.0010038622490623418,0.0006658661329899641,0.0006733063560472254,0.0010444121503764216,-0.00019608673927209834,0.001862732911510701,0.00040904497933190535,0.0005285434034543441,-0.0005790668690358015,0.0004273490922059864,0.001053171421517618,-0.001698536973194945,-9.950683146170751e-05,-0.0006263143693692708,-0.0005584885109462501,0.0010229808429036947,0.0011444506922356702,0.0003856913638575112,0.001991194809841759,-9.61325884632328e-06,-0.0004076537201506332,0.001475425495300442,0.0007897384348325431,0.0005616059044019922,0.0005473602487815215,0.0017796655610094175,-7.81571537064498e-05,0.0008923399974960108,0.0013546552269390838,5.0587086554835824e-05,-0.0006439380586551339,-0.0013090780275353394,-0.00036533215675530405,0.002206904620192397,-0.0004938466292835929,-0.003348786835832631,-0.002390505817910547,0.000594295554465669,-0.00030680068833616506,-0.0017225164029856816,0.0010839722680804484,0.0005445789566318341,0.0007052956772146418,0.0010565455509897541,-0.0004325138733667486,0.00016246101243750136,-0.001881924521191703,-0.00032303356933612926,-0.00112213591209558,0.0001531125993043294,-0.0001406550154035144,-2.4800349766498103e-05,0.0006938623651769697,0.00032080961939166575,0.0004475615500910755,-0.0004579672112252892,0.0018011184737962834,0.001206773898208185,0.0018532230374951135,0.0005656693024588201,-0.0004296494058935958,6.896861048196169e-05,9.979563722428043e-06,0.0008588779498549068,-0.0009052836993599639,-0.0009137708899181555,0.0004085475880214397
heat-3d,0.0006009093421572983,-0.0003235141869963092,0.0009789841526927536,-0.00019222667940673143,-0.0005497785921975532,-0.0014375486900783418,-0.0008459563695770852,0.0009149921140359605,0.0010621243307147833,0.00012606366277288864,0.0014755845759817235,-0.001088964252951829,0.00020827459144022535,-0.0008060284684795667,-0.0008865096835292849,-0.000767037332372959,-0.0012049641124630237,0.0008015588340212536,-0.0017170111840481266,9.755126666277647e-05,0.001641450440408388,0.0003037227947703179,0.0014128742006826488,0.0002313876838717774,-0.0012942135919515481,0.0008887624460519018,-0.0014873166356290527,-0.0003178313371095368,0.001213767915032804,-0.00022840136936043992,-0.0032036571612800747,0.0009683710641184007,-0.0011185383362531224,-0.00018463310869479114,0.00040774946683086455,0.0015018549645045662,0.003007406956064241,0.0013676379355328048,0.0027711112771238037,-0.0004084398764569093,-0.00016026618130340735,0.0014091004439465264,-0.0002046960631988066,-0.0008574786787743078,0.0005508180969199576,0.0006123917769668076,-0.00038481189746080954,-0.0018195765818852711,4.3288335505434696e-05,5.685978462946985e-05,0.0008535423591691891,-0.00022074508117785787,0.0007572447237394311,0.0007998448409660555,0.0020706321143627387,0.0010445068448247826,0.0015840611612314686,-0.0006854992894017521,-0.001337009334266066,-0.0006679115912822239,0.00026829421575016836,-0.0010165015410166234,0.0006900602705119288,0.0007029700089547344,0.001000914941815769,-0.0002140294767313582,0.0018273504689097857,0.00043973818109781644,0.000569576640640769,-0.0006139577701961732,0.0004646694331527482,0.0010074164813832955,-0.0017396518952035181,-0.00012570926200543696,-0.0006469202870742747,-0.0005286415210267639,0.0010141810498145573,0.0011212796492092072,0.000417700015104321,0.0020155951017787788,-4.253717184731024e-05,-0.00038439181705197207,0.0015190804436261876,0.0008382633985841976,0.0005727573443436995,0.0005489105927100515,0.0017913459998774616,-0.00010531114907387425,0.0009326868290800656,0.0013537424452164594,4.523015334544813e-05,-0.0006334386733429068,-0.001310159608050633,-0.000334781122065204,0.002260855753454106,-0.00047259356907649333,-0.003360997844377861,-0.002385157300844131,0.0005939566934316912,-0.0002611053252407788,-0.001709105128504555,0.0011279466698932298,0.0005483362885356388,0.0007082677569569034,0.0010866437412058825,-0.00041179012110018553,0.0001673917388817405,-0.0018829293172423016,-0.0003047277603079291,-0.0011484043207019567,0.00018042769207728698,-0.00015070781056933543,-1.116286833113169e-05,0.0006960904795371735,0.00031483554801739315,0.00045605601660688133,-0.000411961052176433,0.001809284621712697,0.0011916945291244809,0.0018432465868125506,0.0005642299322918167,-0.0003870430262074532,2.755366457516656e-05,1.0516417687005528e-05,0.0008421760567751549,-0.0009536940453793196,-0.0009318554006955203,0.0004074686953304883
jacobi-1d,0.0006221906544798164,-0.0002344461895785678,0.0009929680604460265,-0.00020709022304371875,-0.0005026154720005306,-0.0014271395476124086,-0.000854053911205162,0.0009314917466219733,0.0011383477112223558,0.00015515977900256128,0.0014103773163001547,-0.0010369981841102023,0.0003074918264139663,-0.0008322210804394939,-0.0008514940893613076,-0.0007304930905400612,-0.0012411406565019313,0.0008312165446113795,-0.001682157354319797,0.0001689988695194616,0.0016127156242659753,0.00029219119460321963,0.0013916342825669905,0.00016444439365038895,-0.001319440907536773,0.0008735580323606401,-0.001469425911850789,-0.00027572669119656305,0.0012476380969233373,-0.00014016984770184055,-0.0031305070271414213,0.0010020683266167693,-0.0011407326708328636,-0.00016065743201419108,0.0003895887519534239,0.001442584311863517,0.00291658633025637,0.001395732965594267,0.0027338804117308054,-0.0003674488398246467,-0.0001542848373955006,0.0013994127734536853,-0.00016125715988249902,-0.0008517802925780416,0.0005165945591643857,0.0006729810411343351,-0.0003502100726644344,-0.00181608072564225,3.3611602916875305e-06,3.24714624987203e-05,0.0008650612264104626,-0.00020845757578225697,0.000735560486860135,0.0007947630382499055,0.00201524788280949,0.0010748066047466744,0.0015464867225519435,-0.0005952610483612208,-0.0013194493732204566,-0.0007335715139668216,0.0002174917094902519,-0.0009967741275699262,0.0006829474073396448,0.000689865050577175,0.0010505493298885139,-0.0002613451814635054,0.0018063850105082726,0.00039139616488040806,0.000599059892599197,-0.0005997801473473801,0.0003688679896774428,0.0010252517946783507,-0.001710470902360291,-7.900858990444035e-05,-0.000649770867312327,-0.0005605883351938032,0.001009802642168806,0.0011370797513283084,0.00038422543644521604,0.0020090293324114207,-2.1741041136385104e-05,-0.00037961540789076346,0.0014637614990266122,0.0007792310249950627,0.0006406383669373634,0.0005475890699445325,0.0017575055655256351,-9.39161126392291e-05,0.0009102339827757747,0.0013217770131578779,1.0976163834771688e-05,-0.0006425139701391078,-0.0013192725155557342,-0.00032319192884161193,0.002147903340622125,-0.0005084223711866584,-0.0032367749714895208,-0.0023535675804048557,0.0006391375311924255,-0.00031635930046083075,-0.0017141779980567448,0.0010699248249532983,0.0005890469696811017,0.0006595521288759568,0.000951895970501937,-0.00041420778828015663,0.00014980390037903015,-0.0018726124416228711,-0.00030830286071731653,-0.0010805000561316881,0.00017444603145122528,-0.0001239724806509912,-3.74787743888138e-05,0.0007039511036804042,0.0002898137763087802,0.0004334867562112563,-0.0004258929881924654,0.0017501063549014576,0.001195895838249913,0.0018126138516783934,0.0005161690817604883,-0.00039828163811334353,6.33639095159357e-05,6.8700982785016735e-06,0.0008010463277648395,-0.0009548512376461397,-0.0009034225744578769,0.00034727617201176197
jacobi-2d,0.0006062330242403893,-0.00023442474176751121,0.0009569653638583772,-0.00024315757464672273,-0.0004995418644017156,-0.0014153218362480402,-0.0008511194096439902,0.000923249644556028,0.0011599283898249269,0.0002213881371597595,0.001444245347931214,-0.0010383586050011218,0.0003109983278109747,-0.0008151511771275717,-0.0008649212819257039,-0.0007093883725567995,-0.0012412368189817404,0.0008536853163283976,-0.0016852648695930839,0.00021794906762592932,0.0016122776527053623,0.00029340933713897625,0.0013554376209332772,0.00017944216870091623,-0.001348000844967935,0.0008372775320073261,-0.001529736245763214,-0.00034058352192754257,0.001252005623160478,-0.00012644847704316764,-0.003153686858508188,0.0010076750032192864,-0.0011477909146753304,-0.00018270458980730516,0.00042366260758546344,0.0014921701958348207,0.0029421441140584648,0.0014145734911674961,0.0027599522650502075,-0.0003755316138267517,-0.0001573088572031873,0.001413771091713844,-0.0001488616899758413,-0.0008814758621156216,0.0005308375226805391,0.0006793236243538558,-0.0003867529603132211,-0.0018301792511278216,7.160997483879328e-06,6.977560406085104e-05,0.0008836310683845487,-0.00016070676022483145,0.0007816040409071481,0.0007277471047606977,0.0020304066214628298,0.001120255612905192,0.0015688250594608048,-0.0005555586300461608,-0.001282532565656926,-0.0007374642608577714,0.0001940017126103425,-0.0009983843894374063,0.0006469614454545081,0.0007093321088605615,0.0010836922036319533,-0.0002685091004583656,0.001836065354730047,0.00038253431044080676,0.0005939736797967378,-0.0005949630045934635,0.00036543926569934497,0.0010511678256614901,-0.0017025302487822687,-6.272468560971046e-05,-0.0006661513321245473,-0.0006066932863391497,0.0010145956869511044,0.0011924568205037812,0.0003988604140057064,0.0020909196909462266,1.51566050857689e-06,-0.00040977662532066676,0.0014378219414485263,0.0008276637321721544,0.0006608821221401312,0.0005442595369566013,0.0018110927160117118,-9.861269363147371e-05,0.0009452426893403754,0.0013396405334146146,2.127172945834258e-05,-0.0006687089720371124,-0.0013707920306307428,-0.00035013546970303114,0.0021712939898647808,-0.000515889049090808,-0.0032858328811605185,-0.002375650286386885,0.00061533140936209,-0.00034068417153321207,-0.001728127950199825,0.001076032777371652,0.0005544428371221703,0.0006606316686991383,0.0009616921272347955,-0.00038166530430316925,0.00016312570283737252,-0.0018847371701507225,-0.00033331860450904485,-0.0010997454810421914,0.0001964567371246898,-9.574185755542097e-05,-4.0099613697213284e-05,0.0006889671246480087,0.0002479377469760092,0.0003935342469690915,-0.0004523912665557445,0.0017765961066984078,0.0011937201523002895,0.001879363478270962,0.0005235239839427831,-0.00040038857396746823,3.77283277510501e-05,1.974815912784406e-06,0.0008028735143906327,-0.0009205415605238694,-0.0009049651117118843,0.0003581931917270755
seidel-2d,0.000645376478881671,-0.0002861857236198643,0.001011188092353918,-0.0002515062549398007,-0.0005276913391700124,-0.0014611209746148875,-0.0008804962408783682,0.0009521114064709228,0.0011359960566658307,0.00013697983505313888,0.0014374469713349005,-0.001025904659935109,0.00029294715975137315,-0.0008205752871136236,-0.0008501985490404288,-0.0007613172672469826,-0.001258998628198991,0.0008428285809179,-0.001686281052089351,0.00013528206139145528,0.0016364766625509434,0.00025365067310357354,0.001389254570205915,0.0001816734305012848,-0.0012944648889756268,0.0008803714427973746,-0.0014691930024555938,-0.00029591329375227145,0.0012937739340807585,-0.00014835846035138648,-0.0031509650699958645,0.0010152967677319847,-0.001102178994401851,-0.0001669934510359513,0.0003918048956513624,0.0014577310854185592,0.0029354799480643123,0.0014033437199781045,0.002724115293377134,-0.00037753854207146694,-0.00014032163787359262,0.0014226614550673677,-0.00018233867740491405,-0.0008442810846163946,0.000534470273364337,0.0006230219801449601,-0.0003660943997708861,-0.0018423151580945535,4.188493852887084e-05,3.870583810460041e-05,0.0008795036145088755,-0.00022068242919083466,0.0007180224809631267,0.0007974922174231752,0.002017169536830967,0.0010991303185137974,0.0015620411003885023,-0.0006255961215013967,-0.0013207661078976183,-0.0007227877675391295,0.00024051017295706142,-0.0009934150002663955,0.0006647500627235893,0.0006835288770483149,0.0010355206288616447,-0.00024285550256643225,0.0018220714732973754,0.00038877778741366724,0.0006159224122872247,-0.000608520078993238,0.00039031425694702193,0.0010114650857063038,-0.0017179633914030787,-9.912274339619805e-05,-0.0006469444847693119,-0.0005540551467086462,0.0010120314374730429,0.0011408499209638273,0.0004218253033126102,0.002016852507093812,-5.380049962615671e-05,-0.0004095456876230481,0.0014996899570927352,0.000780931135523133,0.0006311167115414076,0.0005514246260966448,0.0017567794900113607,-0.00011668335269753109,0.0009185024074908785,0.0013434310060213594,-7.442130214151214e-06,-0.0006089212710161091,-0.0013191296739558525,-0.00031764733755741925,0.0021553294089458443,-0.0004937144750489525,-0.003255356596234967,-0.0023744952871792894,0.0006387787015067742,-0.0002995175917235696,-0.0017233227297444554,0.0011210898382534437,0.0005666963098680272,0.000630592297324363,0.000976131872876602,-0.00039970650515683433,0.00013759817845900268,-0.0019086389477118192,-0.0003195153985871002,-0.001068729068399133,0.00019205048396115135,-0.00011775072883157169,-4.255111493608531e-05,0.0007169267027005416,0.00029362511122599244,0.0004236396908869638,-0.00044735336011987836,0.0017502333332017502,0.0012112400316468934,0.0018432877584607067,0.0005161535707028473,-0.0004291888343526379,3.981459474958041e-05,-3.977020884014885e-06,0.0007893957220350036,-0.0009434512227444964,-0.0009392225834102754,0.0003503666401443565
