correlation,0.0015794485748195912,-7.439338007189204e-05,0.00047767159326600776,0.0011143101951312238,0.0017843640615505729,-0.001844059500110389,0.0014527248814522674,-0.0010766959100530318,-0.0003240275280319999,0.0016291465691711336,0.0013385134771153897,-0.0009351581185713208,-0.0006634720092585857,-0.0020644439045445183,0.003866643523109843,0.002698809803003441,-0.0018048383650422284,-0.002239327309734665,-0.0022934920646428708,0.0017977002385616866,0.0001763074346960165,0.0020430515286456946,-0.0014387059977037612,-0.004258102382114292,-0.004339398338397728,0.0025105733668113303,-0.002419969362478675,-0.00024530465121332703,-0.000942955027206809,-0.0021268274738462803,5.761403483557497e-05,-0.0010493282220945836,-0.0005478619637172013,0.0016265095502476894,-0.0015208229189144639,0.002116319347488718,0.0009429651637120945,-0.0007812038513307474,-0.00035592190972745936,0.0007192742357787662,-0.0014571862402096816,0.001435319577791769,-0.0008977149879133638,-0.0004307436016221285,0.0013041429331277085,-8.88144843623357e-05,-0.0035517124873834737,-0.0020646063713708946,-0.0006791142757917491,0.0013239319869118719,0.0007748554616714394,0.0008650545869315902,8.544038947837025e-05,-0.0017898156809876176,-0.001465868240231867,-0.0007943897944078203,0.001466865841415034,-0.0009603171976333785,-0.0027807836850397578,2.5353801761376636e-05,-0.0014710493583116877,-4.7491065891145536e-05,0.0015456618527331762,-0.0005179035951461924,0.0021949330250857365,-0.0001478448970049986,0.0006799351396144037,-0.000304485451956433,-0.0007295617527184492,-0.002473628541169049,-0.00041211828032856836,-0.002311171156250129,-0.0026781947067919566,-0.0011106058030680625,0.0019560704160836015,-0.000929497146271458,-0.0012818354571914091,-0.0007684517934811351,-0.002182968796635458,0.001002657348540514,-0.0018206967630361788,-0.001107128173692027,0.0010832827688424258,0.0034522376385733556,0.0009304512325114103,0.0021474526022284973,0.00142481406044314,-0.001065284999626325,0.0015184542034846747,0.0006130242007117865,-0.0013777869595893815,-2.95180878332081e-05,0.0032359474314507114,-0.0002693169755673793,0.0017201430983245806,0.0022899373950287356,-0.0019678438265103514,-0.0018746054604840297,-0.0010649200366617518,-0.0005724792108982326,-0.0017144961639062313,5.146086017308236e-05,-0.0012150194000615422,0.0007564456501955125,0.0009095707653106602,-0.0002348803407571264,-0.0005289339165939556,0.0017889560550894774,0.0012089631361980769,-0.0030793217859939807,0.0014025716407897646,-0.0002880824020803277,0.00045909915296260453,0.0008097122311081093,-0.0014488994249277735,2.2924235364448823e-05,-0.0008233874716887128,-0.0007357195131695588,0.002289487144106849,-0.0012197888304082119,-0.0018338613781663806,-0.0020718462836425327,-0.0012181263261672305,0.0004961578654961899,-0.0021341849754863626,-0.002226933893121162,0.00048158475287926887,8.565297221333074e-05
covariance,0.0003204600786938543,-0.0016010569226550398,0.001004277000577401,0.0009204591812401001,0.0005005735289766259,0.00011717348657146518,-0.0006465654288972257,-0.00016270288543161033,-0.0010115101855002909,0.0016490139291168557,0.0005161304082191366,0.00025482089988924727,-0.0009234246697468777,-0.0011690393565957145,0.00135135723736485,0.0024329168499250607,-0.0013240648036333454,-0.00030434164849187556,-0.0008207593147008516,0.0013374670169079244,0.0003214833699573882,0.0010220218373216908,-0.0007352722458281711,-0.001693404465199711,-0.002403429766673071,0.0007039238347542344,-0.0005207619043999113,0.0008412025602280794,0.000966059802662823,-0.0004541920774759741,0.00010010002047454778,0.0002341165132487991,-0.0004984987651498939,0.00047832760364621035,-0.0007693943576300843,0.0005388736546505935,0.0011668269187393456,-0.0011513936651194204,-0.0003924469537023036,-0.00017339904610209835,-0.0007923812709556106,0.0011720900343529397,-0.0004179133497927978,0.0008502192395965158,0.0010895660385964827,0.0013378674164934118,-0.0008744072073828388,0.0003573710799476733,-0.0010177043221206294,0.0010206546147628615,0.00021325895221750778,0.0008451207950851572,0.0007432330816993185,-0.00010967358039557613,-0.0002839366203434544,-0.00033847782010741953,0.0024750258097854037,0.00047509731853963223,-0.0011012811944510759,-0.0008064770628758803,-0.0012081381079215568,0.00013695741808121618,0.0014316552721668682,0.0004869795757258544,0.001692827856112715,-0.00032107833740589004,-4.036681850396105e-05,0.0010303770402840331,-0.00024898765211998707,-0.001374701979394948,-0.00036559177689674644,-0.00047630707350825626,-0.0023093453128023526,-0.000530536354181961,-0.00017406090388422379,-0.000974146261710086,-0.0015005737096933963,0.00014484237456036637,-0.00040472387128093467,0.0018920901131769781,-0.00046656646196381536,-0.0010117942438119783,0.0006913660632086422,0.0028212753321289106,0.0012756148365345628,0.001407965614730312,0.000294284655294199,-0.0012588131948437617,0.0006453101689528142,0.0004530775927378272,-0.000270027149456707,-9.841171500045762e-05,0.001869571909905755,-0.0003172364983172537,0.00157565760426743,0.0011754449047397689,-0.00018814363236396319,-0.0008253107766254938,-0.0014156388197945837,-0.0006764773616807707,-0.0002958247412693925,-0.00025650543675294015,-0.0007199731295757028,0.001198180300477924,0.0010117240298573701,-0.0007688508161923632,0.0004776097352987563,0.0009485242486507992,0.0013880219931663653,-0.000980760950921779,0.0007184056526706886,-0.0015107633597446174,-1.6259825878521605e-05,0.0006180256904848474,-0.0006507581922397506,-0.00024945277416355525,0.0007363345832692133,-0.0010368237301571796,0.0007337250914117378,-0.00046278694320617,-0.000543036118539844,-0.0003925539127370333,-0.0008215444083491873,0.0005720316213834545,-0.0014491066108998244,-0.0005436876882803128,-0.00030139867580406384,6.749422162838095e-05
gemm,0.0006005904457017522,-0.0023291837311531977,0.0010918996490040121,0.0008552347092596774,0.0009286953001191935,9.446766621912513e-05,-0.0006782423075088041,-0.0004967903319252569,-0.002006130254554636,0.0018080358409120149,0.0012431681474548964,3.1893552951248836e-05,-0.0011737257189025389,-0.0010744565591345617,0.0008943147685958711,0.0022526915791662937,-0.001298087232728982,-0.00032771784116235206,-0.0015887376938746771,0.0008680691829076638,-0.0002497394576314463,0.0014702446998045263,-0.00048578831864474917,-0.001550941271017547,-0.0016817020561328167,0.0002715788988199266,-8.52748425030667e-05,0.0012142668826897905,0.0005503731299147967,-0.0005190553338813773,0.0006954132752048562,0.0006486610334742395,0.00037502745526805405,0.0012987433967821373,-0.001038528819606901,0.00021358687234079512,0.0021302881775822533,-0.001655057323491578,-0.0002703404646093043,-4.458512326599714e-05,-0.0013392658804352526,0.0013738421581859447,-0.0005470259205021985,0.0007855504856684373,0.001104760098561751,0.0016528793636423893,-0.0012546418718916413,0.0005818798387657425,-0.0014411637012129593,0.0010883210009153656,3.0271100659314314e-05,0.0016317344852891606,0.0009048390899166676,-4.385195153853051e-05,-0.0008706081702661726,-0.0003109709972098547,0.0028654034370189083,0.00021653319325555515,-0.0008947712037106724,-0.0007721556280164715,-0.0009616211556796636,0.00025513379318628136,0.001916456363912324,0.0006227653285339014,0.0023358756895987304,-0.00041352159085498123,-4.361088871025268e-05,0.0010636439292228052,-0.0007110927444394034,-0.0014787168310204486,-0.00012480706945895275,-0.0008258841725937263,-0.0029093583690480975,-0.0010629543096765252,-8.785316593410378e-05,-0.001470382805744094,-0.0009344159956425654,-3.593632994091388e-05,-0.0007780626085240115,0.0021662690797475755,-0.0006743274892936892,-0.0011086788790073765,0.0010766853853437855,0.0028628605236637084,0.0010416257109654122,0.0019299478109683094,0.001296951093019833,-0.0013419570234502855,0.00045161591364892864,0.0004934865425448264,1.6661173750985596e-05,-0.00019387036133403055,0.002214391410167014,-0.0006019366204175943,0.002059643486872018,0.0017922006790072767,-0.0011088513882346034,-0.0018794270155787537,-0.0009304651518987943,-0.0011027963643339908,-0.0009509632336069186,-0.0004134752077929371,-0.0016073509502831133,0.0009921051623341217,0.00040777414369024624,-0.0011098482358378263,0.000283520863511647,0.001593753359132133,0.001810358220407377,-0.0005606942217307306,0.0004306696843213788,-0.0016884404077346618,0.00043765138674823473,0.001215910104764151,-0.000961685726008314,8.999351231057202e-05,0.0010133261016352225,-0.0005488681773711528,0.00015474667618687864,-0.0004586213884370712,-0.0005093571390143889,-0.000789423755976051,-0.0004089461076939277,0.0006728744203293765,-0.0013816942697685367,-0.00013544704157583858,-0.00020766133587321635,0.00031943184434185464
gemver,0.0007484650701772514,-0.0010977650841226224,-0.00036841479517133233,0.0006776770151961916,0.0006273306892424798,-0.00012180374598478843,0.0018288508994589653,-0.0008096606813477731,0.0002796869441604262,0.0016521560741146737,0.0010850790483993354,0.00020510073709066107,0.00040175824188983086,-0.00208751815450141,0.002671917000382456,0.002024829410093859,-0.0010923440524292947,-0.0011941987840747076,-0.0023967740713002153,0.0009921341968531462,0.00021118819816719978,0.0016401733617740165,-0.0014996833685118117,-0.0021680905263457458,-0.0021580156750996278,0.0023479330742378866,-0.002408022099836548,0.0006958166041624929,-7.024060440756838e-05,-0.0008576602644544915,-8.139895960655048e-05,8.002939941465137e-05,0.0005079474871062134,0.0009978216438157996,-0.0004560974311508767,0.0019072048186390637,0.0013227922658789809,-0.0013922371093847965,0.00010302302248939699,0.0001051006914367771,-0.0011038127492719145,-9.657205960832209e-05,-0.0011289483570866867,-0.0005291974615669599,0.0016534622107860356,0.0003348489958702654,-0.0019471454675189985,-0.001294239897352951,-0.000526419144373025,0.0011226701463143954,0.000753787166412606,0.0016342232775367832,0.000964467931503427,-0.0008236207187125683,-0.001519733583999199,-0.0009347704012956672,0.002585893147887087,-0.0004452640475962761,-0.00033504519339688977,-0.0007632751302927796,-0.0019958741946014677,0.0004443793526414823,0.002361567320033412,0.0006580107505488601,0.0015307951955376559,-0.0011745581844834151,-6.768292043596961e-05,0.000470569371608212,0.0009384967176891346,-0.0018279380514733498,-0.00038859481744532717,-0.0010829026260904295,-0.002922660917416363,-0.00045179286117071554,-2.87945552524773e-05,-0.0008227750721728672,-0.0009445348732075888,-0.00025146224139477406,-0.0013311086053270907,0.0001930613738973773,-0.0009701387020483045,-0.0010390376122875566,0.0002496277530261037,0.0028070090366951665,0.001159526712646026,0.002018824735556737,0.0013525372798879182,-0.0010807659275696544,0.0016910127629070288,-9.563249462235806e-06,-0.0005208562110753473,-0.0007679870423552051,0.002056448802365702,-0.00026686928334638036,0.0008200040304056868,0.0006930851010704412,-0.000762023584113996,-0.0013450030626823348,-0.001358421911884191,-0.0010095483920680235,-0.000591119455864026,-8.98675637364573e-05,-0.0011862850314774747,0.001207908485473851,0.0003099999959917021,0.0007553284517213134,-0.0004360194291667401,0.001243272865225262,0.0013747323622645405,-0.0010486644063795688,0.0009919931818038064,-0.0007991488033840758,-0.00039069504973821944,0.0004956973736039737,-0.0008947965006419987,-0.0007447636872110691,-0.000464131113488493,0.0005364023268851008,0.000668355928548593,-0.0007229574735686321,-0.0016210724017921968,-0.0008716138956970099,-0.0016545562033940568,0.0006113330334717491,-0.0012612071807440877,-0.0009690541043933774,-0.0002747803777372425,3.0771226266104784e-05
gesummv,0.0006728083061356894,-0.0016562408593102213,0.00046678290500283255,0.0010879292990572393,0.001286962790398447,0.00016661954165566957,-0.0007250972050505245,-0.00017788866601454914,-0.0007958517071529059,0.0020513982661975396,0.001365567268421305,-0.00011106002445325599,-0.0007293893019756746,-0.0008617828251201075,0.0014346674605444287,0.002017405951677532,-0.0009530064033633819,-0.00016308972746713172,-0.0006762110568287913,0.0009037428366524224,0.00036393556037669336,0.0007155775268730332,-0.0009453994769680935,-0.00208295438769287,-0.0018343858247494927,-0.00021549340362451953,-0.000794085404947303,0.000628724490854364,0.0005829876346429363,0.00011802446213783528,0.0009014668086058729,0.0007125076123440183,-0.00021023525148975328,0.0008203995392007126,-0.0006149855362521119,0.0005770823278358283,0.001704596837086239,-0.0009332388611171134,-0.0006537360760101069,5.82495378778752e-05,-0.0014479304588539256,0.0017960710434043756,-0.0002772864495349241,0.0004459493456082317,0.0007125625367502094,0.0007950903853397481,-0.0014600047471440333,0.0006283158080657093,-0.0014608131908929397,0.0004215424895910262,0.0005301157065713236,0.001326038302379878,0.00027134333751831056,-7.876606170696526e-05,-0.0001631217908250746,-4.386818232718682e-05,0.0024153016160473567,0.000627177225893785,-0.0007952568720622028,-0.0008499083950334542,-0.0008591148690716498,9.479363490204695e-05,0.0012394789966577286,0.0006884915874173013,0.0020072456494702683,6.833647307229152e-05,0.00039301921506564193,0.0006575493666469959,-0.0001509022078507346,-0.0018283785528521632,-0.0004087762498107453,-0.0007618911317242533,-0.0020891291225864756,-0.00020752461676259605,7.8347528087338e-05,-0.0015144882166824509,-0.0006513043571811617,0.000308954317260095,-0.0007734577470093723,0.0015342662437872203,-0.0011970914656981328,-0.0010457600075697397,0.0010503759810045839,0.0021324173440218654,0.0012777327924278473,0.0010821364140336004,0.0006379048493113788,-0.0011318418786432566,0.00019722081294254844,0.0006272839598454465,0.00020731369917230887,-6.22638478256873e-05,0.0015280839643415929,-0.00021818600256411566,0.0021005775012231742,0.0009731565649967389,-0.000472104106123414,-0.001620094874069341,-0.0006838321321062489,-0.0009533727441648384,0.00010923100825927344,0.00029234196438474735,-0.0013751097509622585,0.0012379989610815036,0.0006459332841988599,-0.001094741655664578,-6.365173714246254e-06,0.0010021795002092741,0.0018067669476548936,-0.0007863768662710479,0.0012276703575247836,-0.0007693770753787756,0.0003181167050020439,0.0007388920877802288,-0.0008952356659730952,-3.0618082492701645e-05,0.0007150055025704205,-0.00045574355541713545,0.0008089618788163047,-9.678582074457154e-05,-0.0006981651877140393,-0.0007702367278567223,-0.0010238581737085466,0.00039022384020807844,-0.0013902076055718109,-0.00020143167815805038,-0.0005899527184441848,0.000718467529876825
symm,0.001593791898913012,-0.0019630766226188725,-0.00017824959688464572,0.0025367615712269345,0.0014771194969507284,-0.00011400679039453328,0.0007706757017257278,-0.0004775879752180822,-0.0015622227397934214,0.002418614666075273,0.0016206900553084197,0.0008290445992002335,-0.0010458536448670688,-0.001579880914609778,0.002965894946466427,0.0024699410805798278,-0.0015368903988850322,-0.0013586736181140618,-0.0009662724108991598,0.0020135865604657284,0.0008828952190250104,0.002382797561653789,-0.0007605502242946543,-0.002987052793465566,-0.0028605043509185232,0.0016901190053940636,-0.0021386689762139255,0.0007558951441420835,-3.508263414209869e-05,-0.0006785150252649342,0.0011047511723509553,-0.0004884930860246176,-0.0007558734511529623,0.0007529195022362167,-0.0005166826285075109,0.002337620502675362,0.0009132968536078897,-9.299301253461822e-05,7.991011661246785e-07,0.00017369537825410563,-0.0013337019254322513,0.0006795659475373165,-0.0007615372922669265,-0.000649006487590355,0.0023330334409596243,-0.0003657690499690317,-0.001941897460928189,0.00027159085865688127,-0.0030129273551933017,-0.000340357044409252,0.0008712369055075306,0.0014347031918895956,0.0012604184323478558,-0.0005724212043448273,-0.0015848501707339752,0.00019783745066549084,0.002084707117441186,0.00023029328012113732,-0.00020846396450231963,-0.00027700630093213956,-0.0024328653895916946,0.0006551623814260258,0.0017576151557473364,0.0006110209529678021,0.0016184954191532997,-0.0006844022937698856,0.0005816684702867034,0.0003396112883102002,0.0005400183732734097,-0.0018601990895145005,-0.0002882539031263463,-0.0011149083142839391,-0.0023500635242528277,-0.00028702446674392225,-0.00037991538479936456,-0.0009786550733733575,-0.001609615414080243,-0.0008743292201744447,-0.00041321798169032366,0.0022878040264791735,-0.0008014904649295447,-0.0013804597269468518,0.000775367936921394,0.003664946127808948,0.0019956013504409485,0.0017532351755138273,0.002336823223031301,-0.0010453302974814218,0.002372075425785115,-0.00039587858873564287,-0.00048671026975802105,0.0003237443646579969,0.0028546225266183954,-0.00037246735651437615,0.001279321202351578,0.0016785290906475645,-0.0006375552655856554,-0.0009908150833765153,-0.001171345300593694,-0.0010628600524639979,-0.0007091948676060075,-0.001454543213194092,-0.001380884653942116,0.001965077595141077,0.0015651670406815795,-0.0006196981429330014,0.00042636615348761624,0.001929654653129668,0.0015840074774519815,-0.001470709295032527,0.0016741991187582982,-0.0014286788632206476,0.0002788203395252104,0.0013098629587883453,-0.0015156410355872862,0.0003000187374814079,0.0004890448138899938,-5.4642484172021204e-05,0.0009662414022517206,-0.00016548694970422374,-0.0015585940946757067,-0.0016124424319973317,-0.001133284519523166,-0.0003715782732584148,-0.001584191235590979,-0.0024213739651317693,8.347136372757149e-05,-0.0002043192422950762
syr2k,0.0001397120744803198,-0.0030526339659528194,0.0005532146568922061,0.002057713765514729,0.0003793337493582592,0.00022557369786888805,-0.00014354515432883503,-5.918176070322674e-05,-0.0016135504052334165,0.002459942268615123,0.0016699948370470256,-0.0011619479306907785,-0.0020955712653961778,-0.0013782294188124731,0.0013747095679470724,0.00258123274554898,-0.0016558113125494276,-0.0010090758241031754,-0.0011282632155846593,0.001680079447809972,0.00042721022403342926,0.001523187585731152,-0.0007762888526744147,-0.0027992463458924085,-0.0032936313854489445,0.0008946984984070448,-0.0009819447117148559,0.0010152920885750725,0.0003906878409907222,-0.0014661091797527413,-0.0003817926233451048,0.0007816903408555928,0.00014133564931481405,0.0011967367137334475,-0.0010738569536050074,0.0006360335936816144,0.0029365681290404277,-0.001512678110802054,-0.0003661245495488236,0.00017711167193242133,-0.0014911610878698411,0.0006305965982433422,-0.0005484717138312011,0.0002122860433101695,0.0015682396097376609,0.0016849276435095817,-0.0015548478056230538,0.0003668694930018484,-0.001404498313604563,0.0005886819797483026,0.00039350710081138954,0.001095700713242629,0.0005634914678632248,-0.00022357999172196617,-0.0006103218956303118,0.000640850521924883,0.003165325526192026,0.0006649241122638407,-0.0015177682620023088,-0.0007005378599222405,-0.0018872653522521432,-0.00045181217328924754,0.0025211010354062387,0.0013605936388681914,0.0022551044484399345,-0.00012044604920902202,0.0001282200849097783,0.0010025114426587772,-2.4405451597431238e-05,-0.0022857831045257626,-0.0001699579120471836,-0.0012308237841125447,-0.0038777535605938533,-0.0007474501074243149,0.0001578981064085383,-0.002529577997517084,-0.0016283536567905023,-0.0006416078063735272,-0.0003979068121783381,0.0017210898521501474,-0.0010811054124866876,-0.0015809775594458517,0.0013463741189732239,0.003602174225710025,0.001014597623121848,0.001304403199438556,0.0005648815593469243,-0.0018067193618249307,0.0010167955315409927,0.0007540880568254496,0.00025319411989502527,0.0003837528711688843,0.0024451787178143354,-0.0005356751789727034,0.00348361894244094,0.0017540524749609756,-0.0012725869517101853,-0.0012570393203284104,-0.0006899388860636628,-0.0012499116551845707,-0.0005172582850512051,0.0004662846376132538,-0.0017818208438753077,0.0013324777880825422,0.001390417242543084,-0.0009331269708354739,0.0003555989603682974,0.001603679765904334,0.0010032349014181818,-0.0014963840157468605,0.0016642579291783477,-0.0016053653172424345,0.0011270858708692024,0.0013081621270471674,-0.001461712703282749,-0.0003417167418278537,0.0012057178756260162,-0.0010845362882760542,0.0014538670988134652,-0.0002362363694084541,-0.000780833451368711,-0.0010354431250231176,-0.0015024992300657852,0.0008619813217220243,-0.0027782757375431092,-0.0006758985229101778,4.331029735608767e-05,5.5423577805413515e-05
syrk,-0.0002716610590596247,-0.0021391358973106536,0.0013368900659492687,0.0011007845997836638,0.0005349304548569004,-0.00012571711257199544,-0.0007696261463934206,-0.0009044865154490051,-0.0008482732253267184,0.0009331373226915377,0.0015341780680147269,0.0005346536208890029,-0.0021897947997583994,-0.0005094582732757166,0.0008254664824865662,0.0023256024626082056,-0.0006519008698357235,-0.00014868904173049991,-0.000934642342043743,0.0003220531667062056,4.563709745121338e-06,0.0012776197830311907,-0.0011474608068056114,-0.002074784842382845,-0.001185057963286656,0.0006028375986236117,-0.00024413294825838724,0.0015551889445646339,5.380157751409974e-05,-0.0004865476367336265,-0.00015654841301208458,0.0003858665222651325,0.0008678936366979744,0.0003068237451265708,-0.0010995023049973599,0.0011711910588713989,0.0015857516445470941,-0.0004288941192827325,-2.2511090757385926e-05,-0.00010043656032444738,-2.552038996523404e-05,0.0016838320318331374,0.000623299389496247,-0.0007717366793258407,0.0013177071571577573,0.0007429989624243819,-0.0013454809601777622,0.00043667178547618986,-0.0005836499819401474,0.0005425407078089645,-7.620643433862521e-05,0.000823191115260771,0.0006352565082497424,0.00020145079889428215,-1.2489408643685036e-05,-0.0007824993982568332,0.002475661850237682,0.000518501692669007,-0.0008625803029392248,-0.0002816735766878588,-0.00044664899299896713,0.0002296677708323437,0.0008626495393097381,0.0003067283140454593,0.0016973682443474697,-0.0009412935116112445,0.00027055426776061923,0.0005410602859430785,-0.0010279160562479068,-0.0015849318773588392,0.0002537916603715631,-0.0007647825762736223,-0.0027832201930222153,-0.0015266592826163913,0.00011498881162373841,-0.0017177171352058293,-0.0011971455611880326,-6.781646200377306e-05,-0.0010538748293937614,0.0009008796386764414,-0.0011462366904500716,-0.0017675561429213202,0.0010630341016369333,0.0022872456172788385,0.0008404471620780088,0.00123142850826399,0.0008623064543118946,-0.0004081669155008664,-9.923241959894667e-05,0.00032823006876646506,0.00023133607893694515,-0.00047409197521927935,0.0012964473232083644,-0.0010200980595477126,0.0024233497237875984,0.0018672901193591922,-0.00026587395553987235,-0.0008963686011864209,-0.0007060232574329146,-0.0013880693461361363,0.00013471499621826096,-0.00017766862653287617,-0.0015274255420081317,0.0009247040006307038,0.0014111237273684513,-0.00015963199651499357,0.00029091561936588225,0.0009804529275041001,0.0011203041495314715,0.00024959681281365594,0.000954913664776945,-0.0005492197034679217,0.0008423774791405473,0.000236865001574592,-0.0015681518537652057,-1.5633299325499036e-05,-0.0002086160454837227,-0.0003138223004649869,0.000545850475065082,0.00040421566109216656,-0.0005620139240565752,-0.0005348996647222117,0.00017604791257339356,0.0003727319516555225,-0.0004076429980967886,-0.00015466370515405793,0.0005475424496681727,-0.0001670151119381242
trmm,-0.00035104774133592917,-0.0020395127665067884,0.0011632804368288982,0.0006990491167639051,0.0006235931946168617,-0.0001739368344471171,-0.000724413632196468,-0.0007522301435260214,-0.0009224422812634132,0.0011883338279678368,0.0011525085315378535,0.0002017598193875199,-0.000956671516764159,-0.0007553968122047325,0.0012279513681009756,0.0028793562948625636,-0.0013015383018798745,-0.0002827726149929206,-0.0009875594272634527,0.0008204814136276746,3.920494805700724e-05,0.0008477074893104732,-0.0011174485868082993,-0.0022282848807931533,-0.002532165044002667,0.000763079409563528,-0.0004291091856259373,0.001013967700741307,0.0002942830631325815,-0.00073302333820287,0.0003028333422180184,-7.919188651948504e-05,0.0003383213649716794,0.00040753093261377974,-0.001119092127694803,0.0011885831016286755,0.0011973261829333196,-0.0008097704918547253,-6.940040304544288e-05,7.169281332534832e-06,-0.00045607878011907704,0.0015186858496821782,0.0007584104625688965,-0.0002088099298505511,0.001709849474860407,0.0011269266821709485,-0.0007932610704716695,0.0005181657414373179,-0.0007658048630371727,0.0009762919809702071,0.00026642605136914315,0.0004259788990548137,0.00074325005026434,0.0002794247945390123,-0.00018060641085433863,-0.0007700305185968294,0.0023827479047964064,0.0009065708784709197,-0.0010251796011716396,8.418995816674281e-05,-0.0014144410534760673,0.0004431138735062571,0.0012817962380612875,0.0010887966731535084,0.0017452315720256836,-0.0006353035020320082,0.0003846704196699562,0.00014398494718171305,-8.982900175970711e-05,-0.0012292043094881873,0.00019536373464927007,-0.00100167795764548,-0.0033314971679041473,-0.0012588098033297348,0.0001172029913614829,-0.0016263354967507274,-0.0008611596782161267,0.0007243825506484183,-0.0009721629326946677,0.0009457610514385692,-0.0004658794811662699,-0.0016397508682792787,0.0008009023552361232,0.0027871409797534698,0.0009696309209676052,0.0020326573601705117,0.001346699107939732,-0.000742931263636557,0.000361736485709287,0.0002808295519559194,0.0005111906756787567,-0.00075079854325807,0.001194529768265862,-0.0004125865983853707,0.002045325883271582,0.0012286647133134233,-0.0003509226017502674,-0.001356472999784133,-0.0010537862342959285,-0.0014139791207630054,0.0001979705923943602,-7.63847285343706e-05,-0.0013033938967238411,0.0007426813801259486,0.0011175601847014985,-0.0003025134512011959,7.588584603032335e-05,0.0010581408405780789,0.001834486720497734,-0.0006442879390220733,0.0009063279770229531,-0.0011698704178184473,0.0007436882467893474,0.00030168670750357483,-0.0011383489724275993,-0.0002566928206400941,-5.9212410157224504e-05,-0.0009043448402088498,0.00027500397739660436,0.0003156941663273634,-0.0009794212800254124,-0.000324105167307772,-0.0004918057382493139,0.00022751856588441315,-0.0009012435643334838,0.00019710083061671188,-6.696381395207656e-05,-0.00019138418059163625
2mm,0.0011509598788716875,-0.002376606600277088,-0.000272894419614781,0.0025066161186854375,0.0021533590950097137,0.0001607475487267388,0.000843267191389539,-0.00020163342490447505,-0.0013092703809259266,0.0018899055151170895,0.0010634088835628902,-0.0006374253619583214,-0.0019662887873961995,-0.0014186701786098428,0.002916346430678319,0.0017448072361590816,-0.0017532135201332284,-0.0013852700888124813,-0.0020127781253205077,0.0010647329362165271,0.001535870415951789,0.003084028699416964,-0.0017253422837571774,-0.003006665618473702,-0.0024469411987760956,0.0023919701852894203,-0.0026974061665284285,0.0006563587153498072,0.0002209853081358058,-0.0008857622639897483,-0.00027152934157689183,-0.0007327563736138332,0.000368820605392382,0.0016552041427950405,-0.0001418243565576806,0.0006307995141139162,0.0016949271743424805,-0.0009799840756578794,0.0005020863016292984,-0.0005986332714393519,-0.0015444330655764833,0.00043091738381498057,-0.0004222379729893734,-0.0013231296016289645,0.0016292974573013032,0.00039431933560780843,-0.003140277275633707,-0.0005931432483258994,-0.0016781081742115371,0.0003528197957813553,0.00013997953587582183,0.0015343973577903224,0.00183210273224159,-0.0005663046524572424,-0.0014829043044397412,-0.00029043307320255105,0.003060291710006333,0.00013384640544918862,-0.0011040774977879243,-0.0006826864221413696,-0.0015277183686591273,0.0003616880612141288,0.002163390138286139,0.0004819290216416378,0.002175629561022036,-0.001023675825990722,0.0006056993941001565,0.0006620156750264309,0.0006880942239429435,-0.0026043030708863693,-0.0003228563491400284,-0.0009777121218410055,-0.0033148881210973533,-0.0007633865405672133,6.804992013852685e-05,-0.0014497972070793925,-0.0024800085674839397,-0.0006966625713245706,-0.0016497252341091202,0.002415377755351773,-0.0007248802998254597,-0.001479143441345015,0.0007500992297501888,0.0030479690321079454,0.002582261207215617,0.0020750877529280842,0.0031140421856259938,8.013787407015535e-05,0.0019120663250147957,0.0009839830573285396,-0.0005745097554217602,-0.000226462821851433,0.0019614085755305355,-0.0009372902057800905,0.0018551253690387826,0.0019042417908088703,-0.0013710578981982297,-0.0015554075113142901,-0.0017333861577264122,-0.002268332690164243,-1.817251233240733e-05,-0.0008345803860877893,-0.0010478581633693606,0.0016260401731773737,0.0020633847401278706,-0.0008200883789562305,4.9267479898145e-05,0.0020177999678375833,0.0017639739660003566,-0.0006559997746430432,0.0015708537585455728,-0.00043809792698714143,0.00043847066885623813,0.0016879901127665037,-0.0021959876247942354,0.0008889470747047968,-0.001154770430363127,0.0001098611711978055,0.0013914303454892153,-0.0006686098047864037,-0.0031320578841674573,-0.0016579578949369113,-0.0008849186700759814,-0.0005091932255735488,-0.0010514976920603658,-0.0016433073320740732,0.00018995703904832996,0.0009451336523467874
3mm,0.0016127306348530741,-0.002941629145040016,0.00018649126230353062,0.0021583968451615596,0.0029605468603067955,-0.001869477917742157,0.0009505245159790181,-0.00136863562125323,0.0010249867373204324,0.0025207080335364436,0.0024101618600267196,-0.00011144791235476417,-0.002170802574070522,-0.002458271234823091,0.005834503382915099,0.0033376145104939805,-0.0027229035926427322,-0.00140343106493489,-0.0029224339991819528,0.0023158859142282475,0.002113965619620581,0.004009345285694354,-0.0025049611848139727,-0.0057742375033509015,-0.0031357248965570637,0.0030257107350503943,-0.0037845787993026504,0.00019071036010661943,-0.0007977079115381318,-0.0012268626666840554,0.0015102770955262852,-0.00027861813620255185,-0.00016973794647313654,0.0016880940982569512,-0.0024520057819337757,0.003404515137644613,0.0019409318568065473,-0.001739072717678567,-0.000363740993908184,-0.00031541480272561924,-0.0027376340765809895,0.001677657385390391,-0.0025161712073279007,-0.000832180233096474,0.0008832899974072076,0.0011220107084250616,-0.0038257938897497635,-0.0010519702513717012,-0.0021253226522029594,0.0017377870099615825,0.0009734450955543792,0.003374370514755633,0.0025147137300945807,-0.003586500390480007,-0.0032828006850326406,0.000515150790059864,0.00381304545728692,0.0009118187933952066,-0.0009226032120056778,-0.0016948169752942117,-0.0025531741756344285,0.0011631383408403978,0.004174528185072724,0.0006856784306580528,0.004054177005670326,-0.0005693895550470866,0.0004741019779353568,5.840753432093445e-05,0.0005147925220379706,-0.003172968152038096,-0.0012306278111829392,-0.002813029965914288,-0.005755117436126319,-0.0019500900280806906,0.000773359265591445,-0.003069049494100046,-0.0027091236586136926,-0.001106427294763631,-0.0029471298702585537,0.0023007505197495184,-0.0017000422689561366,-0.0014084600236131692,0.0007498391477368432,0.0053092796334582954,0.0022339488409747667,0.0036832431765722474,0.004360427260168871,-0.0015432275627910897,0.0018261758525606976,0.0002287172732061185,-0.0004509195405878896,-0.001468212142754055,0.005855431085318881,-0.001060159242554665,0.0037753832614232695,0.0030430060661752055,-0.0015233555788839467,-0.002418188345288045,-0.002048904008214607,-0.0024928299949428714,-0.0022905824465393166,-0.001191960944270712,-0.0030508642480141382,0.002329507463724378,0.0007104390593683046,0.0005233586075365118,-0.0013506526780259003,0.0013965730135693112,0.0011701937753938274,-0.0010993191150438348,0.004252551190278363,-0.001296289287908575,0.0006300620489474892,0.0029516748274730515,-0.003163715206190287,-0.0003753237897861686,-0.001242510679002546,-0.0014885019788642363,0.002601957324058877,-0.000977294446444938,-0.0038819126623096407,-0.0017802126653304324,-0.0020479431086641853,-0.0001686768844561904,-0.0026274423401222735,-0.004151896676237318,0.00012473345929982438,-0.00020930701987446687
atax,0.0004168366710535652,-0.0016274573949853247,0.0010755000760667396,0.0006409429979285313,0.0004596581439996011,-4.4583994978971836e-05,-0.0014823019678227892,-0.0004282510979059186,-0.0004650385920894282,0.0007986801197704617,0.0009596673557124429,0.000181825588442211,-0.0012142192991508008,-0.0002475385391080112,0.0011709897512282754,0.0017696131119611773,-0.0013169580283273253,0.0003041059862880502,-0.000500709172183306,0.0006504089984289147,0.00032036469931770353,0.0008401431003339436,-0.0007041378803805593,-0.0015118754057203928,-0.00119869404152792,-4.4794303517428095e-05,-0.0002749505069881733,0.001127923049850108,0.00037592391767274217,-0.000763545859227771,0.00023710006541523726,2.7008989697259225e-05,0.00016239480794492855,0.0004380860476061139,-0.0006144272545812167,0.000950876180448556,0.0012898988578193332,0.0006475374676555599,-0.00034335898930058653,0.00014845682132198548,-0.00040840022119083323,0.0014525377815817534,0.00028389209434189063,-0.00013982481144555206,0.0008325304940934192,0.0008580017339822622,-0.0007759958430960324,0.0003195655159327694,-0.0005773962755405291,0.0009915227791869833,-4.826647762574336e-06,0.0005202130933808123,0.0005275451620285258,0.00026051687343019267,-0.00017670748086680537,-3.420577852286586e-05,0.001800713626776316,0.00010648562335040715,-0.00035749348526812794,0.00025921820544825343,-0.0004219752278808294,0.00025989348344953325,0.0012361287093874858,0.000582098045676156,0.001682641760034647,-0.0005957755948925264,0.00032457324532057466,0.0004673023579291256,-0.0006427630286838812,-0.0012606790064408598,-0.0002666228791757859,-0.0007895280006071536,-0.0024056407303060237,-0.0010541941161372045,0.00012512709142467704,-0.0018729709473328845,-0.0010648684951546058,6.89262918405161e-05,-0.0010519971565503407,0.0011358064406875646,-4.8353348005640075e-05,-0.0012154445501685934,0.0002344412095874059,0.0023890742458069253,0.0009281759031974164,0.0015208605700339987,0.001241570192616577,-0.0008364186358435846,3.561227265027228e-05,2.5369090586837897e-05,0.0001449994014227669,-0.0005823376616999078,0.0013978701176940193,-0.00028164531720890966,0.0021399323782559463,0.0008855487408287419,-1.7668866492634497e-05,-0.00086729270877696,-0.0012383486671018768,-0.0008922406628999792,-0.00033363272725326417,-5.13937691119399e-05,-0.0009589834390033293,0.0007566784630830462,0.0007890795980090829,-8.298155692847371e-05,0.00016211309304394196,0.0008135183080484363,0.0009227698001726455,-0.0003544687013005295,0.0012597219332249768,-0.0008081943435316383,0.0011246291489847903,2.2981763378221403e-05,-0.0005160351257152326,-0.0002966264564878552,0.00037691932122221823,0.00028007000500431347,0.00024824069851419803,-2.6073164813071423e-05,-0.00010668140635552452,-0.0004509221960021193,-0.0006814600180385621,0.0001370754640094229,-0.0008301807024476173,0.00035911781684890817,-4.0447735850550165e-05,-0.00019502794134005337
bicg,5.673169023132438e-05,-0.002082942473564551,0.0011706580020748362,0.0009744791211370753,0.0006756316015415712,-9.46460014374955e-05,-9.928589124959245e-05,-0.00036336723424028604,-0.0011504933856926844,0.0014919903734318556,0.0015551238275348265,-5.918057533122148e-05,-0.0017356003519098245,-0.0006939021784505299,0.0011093173588795418,0.0019167149551900695,-0.001133839494683674,-0.00042231977592261196,-0.000731077145037213,0.001554559071320744,-0.0001334796988058687,0.0008906218522028984,-0.000507003721378913,-0.0020937401832491036,-0.0023689843981463295,0.0006985403422070456,-0.00031950639130434754,0.0010458426827839999,9.176281318738774e-05,-0.0005079429958255566,0.0005041043424970474,0.0002865355394478132,-0.00029517054043191654,0.0011684154872703154,-0.001451553571457749,0.00035223968871198877,0.00174008023959962,-0.0013261456939014323,-0.00025611796848379803,-0.0001844789188026246,-0.0013504038509298962,0.0013279996574221348,-0.0005276755956319076,0.0008157141150260224,0.0013553913255402055,0.0016028966260350761,-0.0012218413881562424,0.0009559177503791888,-0.0008921952975497609,0.0006594417308488945,0.0002027157612522415,0.0004906317651726898,0.0008377239388540726,0.0001611464592067271,-0.0004422616953668308,-4.229002920923945e-05,0.0024191414982576106,0.0004536327627123903,-0.0009368034926658517,-0.0002876144555171557,-0.0010972766787414334,7.19616944314277e-05,0.0013927953789596248,0.00045151021058149074,0.002015806274280432,5.425036308059299e-05,2.8199668326344565e-05,0.0005735758870066616,-0.0009307795056057247,-0.0015308571706058997,7.155596430300537e-06,-0.0009084820849128653,-0.002455187840656215,-0.001340203319198212,0.00012660340168319333,-0.0015211981588270811,-0.001178481670076232,-0.00019916047784852598,-0.0003792315797468429,0.0016835302072374333,-0.0005999426816040134,-0.0011579706206138133,0.0009098602324174312,0.002672464532643613,0.0005979835433015868,0.0015409153511317334,0.0008222449176669629,-0.0012391223110722477,9.819161707789384e-05,0.000567652321500866,0.0002989315427839756,0.0001371986901328152,0.0015361536207406474,-0.000750260854086567,0.0021565940934647875,0.0012303928543670652,-0.0004074701116609724,-0.0010283102076121423,-0.000715165117738555,-0.0008519185818207034,-0.0008619489424525068,-0.000571992862056835,-0.0016320986871450618,0.001001775052414318,0.0004649075648337726,-0.0005740997745967681,0.00015560365158528316,0.0011981595255995423,0.001417913486544752,-0.0008227123660176541,0.0008218750666745825,-0.000924053361599032,0.0007959112618030331,0.000465675041028369,-0.001129605040566248,0.0001872441016310018,0.00021865349671123003,-0.00033308899238556586,0.000449060470683352,-0.0007938076235322197,-0.0007541148162724284,-0.00023903924428106456,-0.0004643697233625448,0.0012390527997261167,-0.0016203212131089954,-0.00010992141607416807,0.00039387587863585035,0.00023961817625439092
doitgen,0.00033713223516549685,-0.0023842215092383656,0.000275688592571818,0.0007157234827744306,0.0011388387337113277,0.00040756762865647346,-0.0007508604341938997,-0.0010690989799563991,-0.0016154734405476108,0.00230988965821406,0.0014791336197401055,-6.753024331792515e-05,-0.002040858078521942,-0.0005920480836687775,0.001253254618290369,0.0030597598751970463,-0.0016283888312305203,-0.0009141812446045363,-0.0013275663469285287,0.0010942768385910403,-0.00010559289380775885,0.0012906238720505898,-0.0010058892927146117,-0.0024337730164302367,-0.0019061981343347835,0.0009942090989360248,-0.00019220786965152168,0.000606915115755897,0.0006430780156990485,-0.0004405775437316503,0.000830720178821998,0.0008215000825713423,6.011014501064262e-05,0.00121371778814862,-0.0012114725880570526,0.0006475073197107345,0.0021552016715407716,-0.0010120584860476565,8.17824814899957e-05,-8.037670386608395e-05,-0.0010779656319749725,0.0017924979360132447,-0.0001972567959098671,0.0006475088427070403,0.0019459136806206493,0.0018146818956721609,-0.0014967042042667484,0.0007386626640907517,-0.0010331002995371819,0.0008379808676061746,0.0010944627369143818,0.001600791720628447,0.0008621865178382419,0.00023142596862768197,-0.0002206593740892977,-0.00023061086881589403,0.0031886557752523284,0.00025915630940401296,-0.001244432750549753,-0.0008108044151474574,-0.0015995640949913203,-0.00036980999258980356,0.0014696961839789056,0.00048377515037599067,0.0027014596265972097,-0.0005369642266448005,0.00038856313505363177,0.0012217220051094113,-0.0016226321642947357,-0.002468963274494759,0.0005039405523794628,-0.001482390266947771,-0.002702812461733841,-0.0009626916930337645,-0.0004025887779800787,-0.0016338134962873266,-0.001895099071382907,-0.0002595536074507553,-0.0011140191384756857,0.0023472417747506164,-0.0008065176338433757,-0.0013261028631351762,0.0005315856896806419,0.003266536664659446,0.000804046947807945,0.0015704332060070617,0.001671102544800964,-0.0011270548878262602,0.0011928363591730752,0.0009361081544677759,0.0006470344483511711,-0.0004264499233825635,0.0020351959028853707,-0.0009516396198063811,0.0026483579557599712,0.0015808327097666327,-0.001134513232941265,-0.0016020064092558334,-0.0014844675666899109,-0.0016394714934932085,-0.0006743938972076481,0.00013864267949301298,-0.0019556390145359947,0.001207941256576372,0.0007943232006818681,-0.0008269560840895469,0.000815542166107377,0.0008892529969302897,0.0016604514802917496,-0.0008529811358169303,0.0010336948178552856,-0.0014228059290520374,7.958207724035998e-05,0.0007104487081134743,-0.0015065714517960745,0.00015998597456280862,4.577598194116755e-05,-0.0009318998953429043,0.0005435193611642465,-1.4689758356962e-05,-0.0007499633188086435,-0.0003059084143566287,-0.0004989832321181357,0.0008308300536270614,-0.0011791294044957844,-0.0005724555999808373,0.0002223172046864074,0.00019903400091724355
mvt,0.0005616416590186994,-0.001916728343875121,0.00010693207873296391,0.0014731564138434554,0.0012600679491476569,-0.00027934112090226575,0.00029249911457847734,-0.0006880212553533776,-0.0009691722045348705,0.002133802954353919,0.0010865607755528343,-0.00012026731224967717,-0.0010549444112380655,-0.0011850652030939966,0.0016561023178421575,0.0021492247315777115,-0.0012327443587489815,-0.000639292221642734,-0.0009477796343599244,0.001792097861092935,-4.0510653154424646e-05,0.00043569972811352363,-0.0007876142738131302,-0.0020712987229851696,-0.0020627552815615977,0.0003264128859846507,-0.00034898365191697004,0.000796849768561782,-0.0003809573280638282,-0.00037211774681547805,0.0002052265060233958,0.0004108790613739943,-0.00012120820824773772,0.0009603577711181893,-0.001079373890653665,0.00018864595640377053,0.001758903527797113,-0.0019218470086569675,6.789233675127912e-05,0.00016590153145289613,-0.0013391420623027105,0.0012044231901862817,-0.0010324243432098157,0.0007163869558648475,0.0005198613363387205,0.0010229908391735634,-0.0018875944029160322,0.0005301420684386075,-0.0008208071239954282,0.0005960988302502682,5.714410089224703e-07,0.0010830853223801646,0.00035796668607410105,-2.8690876083061793e-05,-0.00047679589601112913,-0.00041301185760112994,0.003034518257144899,0.0003115792846855363,-0.0008466587365433685,-0.0007353975953229067,-0.0009236566201031621,7.682608069403434e-05,0.0017792413116509678,0.0008977806560555325,0.0015559015218609166,1.262345085706329e-05,0.0001889881453275257,0.0011677086187393726,0.00044463550974318947,-0.0014712362020420937,0.00025026643717639135,-0.0008430527187417699,-0.002027105859028291,-0.0003847045147144315,0.0002646922738455998,-0.001705776254589259,-0.0013010573132454593,-0.0005138101450566315,-0.0007569776519266152,0.001404352320554156,-0.0006063943003675253,-0.0015781268954775586,0.00044623326790048135,0.0025923995481875375,0.0004913856591781046,0.0012978385791240397,0.00044787518663981686,-0.0014506879111023166,0.0006031392185010232,0.0004160864912278491,-0.00045180344635306326,0.00034692528637256893,0.001258969107288591,-0.00022297512023831555,0.001760220213409771,0.0007970046857437697,-0.0015223210209274057,-0.0012588918743242205,-0.0005991710888317721,-0.0007019806905967114,-0.0007339169853654661,-0.00010166491452857095,-0.0013184364327103936,0.0010161451491769626,0.0002866900361723156,-0.0007687203456120866,-5.44648012738296e-05,0.0015854376103618185,0.0017616926864623867,-0.0008807084759507238,0.0010510626220898071,-0.0015793360801267561,4.939443564488379e-05,0.001154923860472364,-0.0006766162051735077,0.00044332114315703895,0.0009214704729091129,-0.0007705920802308135,0.0010059022355316132,-9.839114762781324e-05,-0.0008986067606011566,-0.0008296796791077892,-0.0007947348992382689,0.00036927671894798777,-0.0013589293717135877,-0.0007523613792234416,0.000487706849217845,0.0005215572511824473
cholesky,0.001455279169454621,-0.0022758728557609074,-0.00045832250640766384,0.0027082688212006663,0.0023019059095248746,-0.0001959892362356186,0.0025600607737821216,-0.0014833030094450806,-0.0004852994892765613,0.001992535666092105,0.0026258224571130188,-0.0012724009773228317,-0.0014264775395470982,-0.0024730470091809467,0.0043417334913829105,0.0026043370854798315,-0.0020348226466254953,-0.0018419603708672285,-0.0018317187244085492,0.002187465527163618,0.00024045918475975567,0.0034286293437697977,-0.0007689513593989735,-0.005697911955665202,-0.0034091848713352292,0.00391102938026759,-0.004347331207779159,0.0006216602763419764,-0.0011133247613098422,-0.0023458163846225943,0.0007972760525929819,-0.002013987752745581,-0.0011249191858547015,0.001297945781827568,-0.00028559247355385903,0.0022608307082959476,0.0018627645195455342,-0.0012942536805793578,0.000198128774904439,7.660277464310638e-05,-0.0019126425428354803,0.000670367819184321,-0.0013757896564331733,-0.000514220545689265,0.0024978550057373167,0.0011016631046570386,-0.003606465999926311,-0.0015283896480751639,-0.0024309736274962133,0.000885142994213513,0.0018730438618028227,0.001173702767983842,0.003224883028960903,-0.0022842679073356623,-0.0020923008740161703,1.2195399993086338e-05,0.0033207374606475546,-0.0017641546465973887,-0.0017097573576999518,0.000532405096819275,-0.0038063205393296406,0.00032994873667727614,0.003161196118097804,0.0010881174377350867,0.00232217837687737,-0.0021390503285025867,-0.0003376922942212938,0.0006401942122950762,0.00034789647289370704,-0.0031834095636764283,0.0005238580227887724,-0.002515956546639144,-0.004199424920758853,-0.0016860131388400784,0.0008448384263020772,-0.0009645221368312681,-0.0035517910447540797,-0.0009511277176594983,-0.0006853118078389445,0.0025831320317390946,-0.0005120942600478884,-0.0005864180664634154,0.000789195837488579,0.00549046954557222,0.003625444840807985,0.00295223612217847,0.0022463136561499493,-0.00036895553705512104,0.0032619438647654734,0.0009959021235489572,-0.0014497366407805303,-2.254177384101139e-05,0.00433655556731133,0.0011691204910776933,0.002839555485099683,0.001752614455120541,-0.0007708162018388975,-0.0032832946803682717,-0.0017674370833911882,-0.0028204127653023332,-0.002347284998508662,-0.00021491531584211368,-0.0020822978857742984,0.001775767809239268,0.000982581517641342,-0.0009151536854268569,0.00014192159995824718,0.00170392431129585,0.0019385214708907167,-0.0027353893144027096,0.002580431770054727,-0.0020577527388134817,0.0005049577567196038,0.001139431484544831,-0.002415609080603139,-0.00010006106258111282,-0.00018418289258988806,-0.0002207895820659663,0.0008018278522973156,-0.0015095798694205263,-0.0033783615078815878,-0.0020405984368699137,-0.0018632208939945688,0.0005414678039313811,-0.0024370658876109196,-0.0021635450854147267,-8.920762015299665e-06,-0.0009873519855399435
durbin,0.0001617574260674125,-0.0015884148659570847,0.0004911098177438001,0.0009755026108991547,0.0007723197815839901,0.00024073685724501767,-9.234130963581178e-06,-0.00010329756108918585,-0.001101099979586623,0.0014786195925382839,0.0013246877074514422,0.0003647099579023142,-0.001042731372434949,-0.0009143833423511417,0.0013034326453936374,0.0019841017859877096,-0.0007916723925249372,-0.00024049776609189334,-0.0010507660555000935,0.0017193996186425685,-0.00029043821518422386,0.000815692528854634,-0.000581586502968099,-0.0018248644327388706,-0.002105039552110041,0.000566816527750164,-0.0005044095195277412,0.0008406832079043523,0.0005638261823931306,0.00016482484223150247,0.0005188014384501368,0.0007242929869849002,-0.000293376339691107,0.0005785200737376102,-0.0006376344779214943,0.0003856788910083917,0.0014394897233286478,-0.001223367675437975,-0.0006184879277831772,-1.722419978325743e-05,-0.0008407478078599804,0.0010926228642132005,-0.0005585156258773582,0.0006717947489206925,0.0008378524908685048,0.0010106575588460032,-0.0010874516948642203,0.000545670386713264,-0.001050778631626879,0.0005276632892409961,0.0008409159996926705,0.0011526485497769818,0.0004226493641176845,0.00015496316239924568,-2.2350544185369392e-05,-0.0003160164400813936,0.002557971144850041,0.00089442628422358,-0.001277271128651726,-0.0009051743271752377,-0.001458797737675858,0.0003260887788847012,0.0011958988241681874,2.9905501230385294e-05,0.0016494964280602462,2.5887665842189976e-05,-1.3420324589707199e-05,0.0007484863510409772,-0.00037764186366683717,-0.0012613825210684496,-0.0002793877453429758,-0.0008514635164560006,-0.0022165551327768067,-0.00039507943008374184,-0.00017534881958212033,-0.0012449757479513189,-0.0009961115176564382,0.00017350696160700157,-0.000674816165641212,0.0012809280925203037,-0.0006374600942488746,-0.0012631865571729416,0.001312806019953007,0.0023762249358869076,0.0014599659691060416,0.0009050107324884595,0.0006027825829571598,-0.001216477854422758,0.00013657786161888505,0.0008594454801441208,0.0005844728996220855,-1.1739687356055464e-05,0.0013692503376638643,-0.0007638388833906928,0.00181330598781599,0.0008502090133236825,-0.0006158225227646067,-0.001431739168980754,-0.00046556050014012556,-0.0007069590109274392,-0.00019882403590955192,-0.00016061390139446345,-0.0012406670722969913,0.0014784678887143957,0.0007460497788347769,-0.0006007903938170676,-0.0002946927338087216,0.0010574164152974026,0.0012853637707251615,-0.001151958065145007,0.0012012764488575228,-0.0008180281610611121,0.0001385353898082601,0.0008676966947176444,-0.0004869915788279248,0.0001475403389994044,0.00035814968556794355,-0.0007049603977195158,0.0010421211260329623,0.00010182847405874071,-0.0006689054225528615,-0.0005042539531821055,-0.000509674161274438,0.000567443067391855,-0.0012573042323316182,-0.0002179387947090031,-0.00024370711483474622,0.0005932133724036786
gramschmidt,0.0015695683572179654,-0.0009262518853310577,-0.0014970754276578385,0.0009193177140068111,0.001209733156157067,0.0004592777342008764,0.001676207893512746,-0.0011656475502153875,-0.0002515639509946261,0.0023000448720858525,0.0002649549147991999,3.550916842200384e-05,-0.0012882922606395446,-0.002151881217932352,0.003438394581039613,0.0023393549944301364,-0.0023468340600046734,-0.001029570532526309,-0.0026224189517665957,0.0019349229615284295,0.0007819362195542088,0.0017790902990556911,-0.0006959141096966703,-0.0043603723649702705,-0.0020837215421575573,0.0022621907626935896,-0.0030565652569072344,-0.00046445125056371995,-0.00014093482520995446,-0.0017391081972778204,0.000521546308309786,0.00021557344797089233,-0.0006019203322692068,0.0013512272558945657,-0.0009395588846469515,0.0020054094802306388,0.0004131494980894677,-0.0016395597910800423,-0.00035956450724331505,-5.934181756615583e-05,-0.0014863238546116233,0.0005572170444155877,-0.0013009355705543982,-0.0014086300219258922,0.001107781485006076,0.0010349765602418652,-0.002321821362893077,-0.00041159679214506777,-0.0012484451140658671,0.00012036882243491063,0.0013540248222984972,0.0015513975875395944,0.0004873073992121524,-0.0014139816275734415,-0.001561609270709627,-0.0004720439837211206,0.0030406166747719613,0.00045148653177428554,-0.00040912496755924786,-0.0016104007399995199,-0.0024813615290534075,-0.0005156816377376134,0.0033494575487395166,0.0006937026044933867,0.002435690961888174,-0.0007079859726420384,-1.6983341087573994e-05,0.0006941048311915422,0.00015404128996131974,-0.0031109506974947485,-0.001008068929821124,-0.001437191699069522,-0.002870559169726524,-0.0011382885454933676,-0.00017763231570024489,-0.0011693223303185904,-0.001683059952126166,-0.00032089852731556504,-0.0010966561309095027,0.0009070080762355176,-0.0007028292870655473,-0.0005643668553789328,0.0005808533767613438,0.003205356129848609,0.0011682262328573166,0.0019597440294667175,0.0013722645195758739,-0.00044810032646155456,0.0015302534481097842,-0.0002291000143572107,-0.001657158097096283,-0.0010061690464005014,0.00419046770694589,3.4605706375267386e-05,0.0016670424472386392,0.0016396820136810092,-0.001508242766925459,-0.0008164004126213427,7.143231202936811e-05,-0.001843128771678237,-0.0010565591298053244,-0.00043894852195111697,-0.0013016129029978416,0.001982228093999229,0.0008605310495812984,-0.0003292411927168748,-0.00019848164024590675,0.0013212841199868922,0.0022768638167161774,-0.002536804550637055,0.0014572984694216128,-0.0017054333688625216,-4.037434316090254e-05,0.001418546761020775,-0.0016184390887456874,0.00033860725031841773,0.0003034551844191608,-5.24156332611376e-06,0.0017678785782656134,-0.0008035345473085454,-0.002546915522232775,-0.0015146576335209674,-0.001581602334250093,0.0005530525567974887,-0.002070379141358953,-0.001909032389612082,-0.0012594054670234283,-0.0007265316659565239
lu,0.0007125361044103462,-0.0033565585741735264,0.0003186227932958776,0.0032105245766491726,0.0024673613067829085,0.0008499645022046862,0.0009925845462563523,-0.0007147675046774528,-0.00028300831808179545,0.0033341569213460073,0.0017163933779057246,-0.0006503559884741906,-0.001420580685034721,-0.0011407067576213411,0.003476261842543338,0.00161342379273982,-0.0018135517906890707,-0.0022377917945656614,-0.0025373152800992256,0.0013556193698775853,0.001159440277174134,0.0029940602863620107,-0.0005279144248569891,-0.005059902497349709,-0.004262323035776452,0.0022552910228336377,-0.0028117173779365046,5.6334558300217045e-05,-0.0009069426807502783,-0.0018813418907437478,0.0007586343321996247,-5.9419032876290155e-06,-0.0010379915563760544,0.0019804953399771264,5.318462329986614e-07,0.00271301576250268,0.0016262555343100032,-0.0012337005045608262,9.924653811690982e-06,-0.0006931142818249386,-0.003083760559947193,7.914568375337455e-05,-0.0019694565823915005,-0.0015542498974735136,0.002072139382103437,0.00020089735451346796,-0.0034745848942476986,0.0006266127906150051,-0.002358699124456742,0.0011535458725974391,0.0002560666356649208,0.0014232993690869724,0.0015241924260399728,-0.002427532404490108,-0.0028352083930732195,0.001178888208530007,0.004020861006586661,5.4636456233836236e-05,-0.0003776965691394308,-0.0005662782502778001,-0.003279816128551701,0.0010435724335951084,0.0033627185830269134,0.0004058061869573963,0.002297077909044136,-0.0009223195023784422,-0.00021178965196352311,0.0014185916458610709,0.0009361692209495232,-0.0024333840526149612,-0.0007981323908755262,-0.0011392779836317463,-0.004958517661346467,-0.0013841394692817332,0.002133614791125691,-0.0015189743487649715,-0.0028477495969281346,-0.0009290790620181784,-0.001213557970708869,0.0025029394691528538,-0.0006545598378989512,-0.0005945627241717503,0.000572827014635345,0.004521503646507151,0.003561066054410991,0.003798205784660411,0.003258264978994105,-0.0010496792703907404,0.001951023153576753,0.001026570314080375,-5.122990902843109e-05,-5.348097103808574e-05,0.003716421997259131,-0.0005120673454492331,0.002757689953881615,0.002482915766505387,-0.0022814257381853654,-0.0018079666430262456,-0.0015197496025953136,-0.0020722742360169966,-0.0003301700511690395,-0.0006910593800510153,-0.002109805451212243,0.0022873469176754807,0.0027695502851859603,0.00018641141967347781,-0.00028920376285563,0.0028513680055442083,0.0021861689928014535,-0.001275570557251266,0.0008944276575842285,-0.0023125590000724083,0.0015927939596156887,0.0002883687267984696,-0.002203366367053869,-0.0007314957047598392,-0.00037773777450997265,0.0005114472941996938,0.0006642712169067777,-0.0016424391125257445,-0.0027657710743369535,-0.0011874453381959353,-0.0017937198653967478,0.0004507468618382044,-0.0020273432468363092,-0.0008681702844037766,0.0004653610895802387,1.3088364317689907e-05
ludcmp,0.0009456837118338953,-0.0009476298147083161,-6.394162142662548e-05,0.002048376349920254,0.0028518544326102875,-0.001040255720212666,0.0029259499827069047,-0.0009540926073944143,-0.0019895310520717043,0.004548832099923554,0.0022904009557011763,0.000575256025011954,-0.002097466218881189,-0.001143435688928329,0.004502650488023154,0.004306161323466788,-0.004790612955109129,-0.0018938001535193942,-0.0023286639315190667,0.002693319589915557,-9.884195913958921e-05,0.004676395404662754,-0.002184730063211469,-0.00882219459045361,-0.0035357735880469808,0.005100811159791672,-0.00382659719912001,0.00013683530071323044,-0.00011885360092294084,-0.0019852623898787766,-0.0007041019250116451,-0.00045991760326365757,-8.749850072226374e-05,0.002709342006560276,-0.0024515430681390548,0.003637250812191191,0.0040958257296212705,-0.002711130120128518,-0.0010991710082169856,0.0008748487010835911,1.6865515837959927e-05,0.0030109393944074947,-0.0007619037291432904,-0.0006319737281241507,0.0035581000145359916,0.0005192529510582468,-0.004668521172422843,-0.0020994763235348698,-0.000786563397881578,0.00018893857373084326,0.004850802961600524,0.0012951552697222574,0.00012620985293168254,-0.0009561992063585296,-0.0023030826747050532,-0.0025863431315559468,0.004639155808330026,-0.00212927712937767,-0.004089468855712611,0.0004520427999511229,-0.004238519025519882,0.0022255170718354107,0.004489410274557189,0.0006186403255377936,0.0037861657134517944,-0.0007125307280709569,-0.0012588512314869748,0.0008988000222761492,-0.0006509211769466509,-0.003844133316186332,0.0010322339441441884,-0.005050972647224007,-0.005512690705121587,-0.0017325050559922823,0.0005388451926541069,-0.0012133980806706694,-0.0019636146089606903,-0.0025942529834894904,-0.005249270620234192,0.00024860269218977544,-0.0011467272268076852,-0.003927405179716342,0.00016011396500928613,0.004954631878723922,0.0016519760110865714,0.004112569638843702,0.0022889798771934438,-0.002269430236740638,0.0035795750252861397,0.0019930182755433933,-0.0027714836168982373,-0.0009592067043989962,0.0030138505576315306,-0.0002657895092252087,0.0033574536566339875,0.003955416546905146,-0.0020983205083028845,-0.004338659459553377,-0.004814196951550605,-0.002477844386298289,-0.0025968344051350736,-0.0007989080298015588,-0.0026260110744290616,0.001435723592474478,0.000549017376968898,0.00020141437973789135,0.0005733537962125993,0.00246602960517824,0.0035803420260251215,-0.0021185740017737095,0.0012125621671879548,-0.0021983388341870504,0.0005869955380374017,0.003586198463074985,-0.0020755819300049953,0.0030417170593696192,-0.0016529189767722284,-0.0011118906588530285,0.0010428257667719945,0.0015437294801729504,-0.0043522160182211,-0.003680982052528124,-0.0033813163686032995,0.00034198549754592774,-0.004338961010716207,-0.0036054720886769358,-0.0014981918352337269,-0.0019074586474888216
trisolv,0.0002989146948264504,-0.0013175712383377775,0.0007008056021347544,0.0010803670298864894,0.00028463573918140276,0.00018768242029832842,-0.0011687581081343702,0.00010920309734235449,-3.6141180967613e-05,0.0006772338838049834,0.00034228196404651904,-9.707959993019307e-06,-0.0009587710760828989,-0.00015773867056761845,0.001109650736345533,0.001191297757042953,-0.001171872164991143,0.0006865551718297732,-0.0001775971476586793,0.00011424041387238881,0.0003301593765801096,0.0013355887118761043,-0.0009486841024589352,-0.0011679490704498276,-0.001189657581148563,0.00021622993192319358,-0.00036526064752429304,0.001113700874371509,0.0004360396157674741,-0.000673451297100145,9.982256380488815e-05,-0.00010637961475929739,7.460412626546085e-05,0.0004732690317834523,-1.2443164717008519e-05,0.00020094604793499692,0.0008876720604030567,0.00015583451537034906,1.5572970058689486e-05,0.0005491055806457988,-0.0007471396224346103,0.0002762626886911543,0.00041021055476153195,-8.851254104347464e-05,0.0009426817385808942,0.0006581512494538002,-0.0007939240185953714,0.0006305935286125133,-0.00026267938544402954,0.0009818703813842266,-0.00023194912809992638,0.0007686874495248492,0.0009506985046814444,0.0003830586792309617,-0.0003605146999260301,0.000543550839536441,0.001521872503739049,0.0006467368606299567,-0.0008086648593796678,0.00038900439353821594,-0.0005495795859480598,-0.0004809808215657363,0.00112557007620732,0.0004234012890450005,0.0011796005796267258,-0.0002001863509147784,0.0007390342098301701,0.0005248579566286048,-0.0004054828286308197,-0.0007426325399255877,8.556037836961781e-05,-0.0005085397668124169,-0.002137153271230009,-0.0008357044969419419,7.723652051049058e-05,-0.0015277469561121647,-0.0005643373222157858,0.00011084340306896171,-0.0007504679781153592,0.0015601987456685174,0.00013967913270708385,-0.0008197367777295479,0.00030436712759404963,0.0024636100865976234,0.0008216325950343162,0.0014403680294956913,0.0011631902889348567,-0.0007635045897889844,0.0002715160765110636,0.0004994178102569412,0.000787225845544334,-0.00033985041008554245,0.0012809164167657304,-0.00021296774668475173,0.0020807628726931685,0.0004732632168144654,-0.0002984142466570992,-0.0005197189539473132,-0.0009853748264341575,-0.0011769912292859262,-0.0003653062121588661,3.2399710950657455e-05,-0.0008151273463655839,0.0006096050040550317,0.0008346128763254293,-0.000601353314038526,0.00046506763080502215,7.745000410186623e-05,0.0008690701089233891,-0.0006123913827850185,0.0008651423587452439,-0.0011359922924695151,0.0008400786860372276,0.00011212959179459627,-0.001070439132350228,-0.00035418981062276746,3.119782048280633e-05,9.871735008020802e-05,1.6671233447041453e-05,-0.00029347374131647504,-0.0002641631681122019,-0.0003704373927124893,-0.0003310472194443275,-0.00016013516058710668,-0.00040458695718363624,6.477212412029645e-05,0.00024780093070414917,-0.00048240587982842207
deriche,0.00025328048203339474,-0.001551672589500104,0.0004850353832579088,0.00036795328747419735,0.002476998569788672,-0.0025606377094345846,0.0034162760530443933,-0.002466237540169387,0.0016771328099195167,0.007864498167892987,0.0013517830029160997,-0.0006586069144711898,-0.0017782176642389216,-0.004682746456970429,0.0014850651159935293,0.0042258030907982086,-0.0015354114055821,-0.0012674628935779786,-0.004092521888676133,0.005878948496571796,0.0006206889934978696,0.0005604115456656014,-0.004217429107083353,-0.006940255898992225,-0.006461068330587145,0.002991238782234701,-0.003641059831253353,0.002114914359873655,-0.0007288394838111757,-0.005254960149675337,-0.00022911083365480232,-0.0029051284156942293,0.00012516091681384292,-0.000837206437887122,-0.0021043497861608054,0.004798015633768716,0.002372179613306573,-0.0023157870659363485,-0.0002752630033159235,0.0036169048148750075,-0.0014509891052153765,0.0019555969792156083,-0.0011177246146112433,-0.002385332000355616,0.0038098989912154443,-0.0019854481205777126,-0.003522590345343472,-0.0019521539729956418,-0.0013914303186217949,-0.0015134679439265787,0.003949021268193015,-0.00019669487854945893,-0.0010624484971376183,0.001676265642384489,-0.0022188313884007704,0.0005309526734380619,0.004643586571918609,-0.00043127015389411515,-0.003770502158529244,0.0012982741600234173,-0.0022825720903475563,0.0012295474917061902,0.0012218421622337036,0.0003352952246121952,0.0037943036039996,-0.003002864059088551,0.0010042291256403318,0.0011192256391042862,4.814078508045795e-05,-0.0022139824764625263,-0.0004755435738604625,-0.003772938355834368,-0.004531219103630771,-0.001361787444021309,0.0012940166122989228,-0.00227241778590995,-0.002224589932935883,-0.0007223644284906739,-0.003846623002629634,0.0007091533876556491,-0.0027741973878737058,-0.001992625837217376,0.0013772721750738163,0.0037187715437331558,1.1720942294653846e-05,0.0036893204775774895,0.0023692596092676067,-0.004990176612535685,0.0009581598241214177,0.0030109401891994384,-0.002156047221390596,-0.00231894117472037,0.0038692336615050674,-0.002340407202795634,0.0010048238017508829,0.0029187241903295778,1.4068977165200098e-05,-0.005654556498129529,-0.001074509285326354,-0.003147874821532388,-0.00402330681534271,0.0014953321010605708,-0.0021566770188027992,0.00025125583251417303,0.000780872693543622,0.00011185754105386147,0.00032796093717472554,0.002544282609566475,0.0028710088409517162,-0.002548949633490246,0.0013264770695107047,-0.0014836883828318547,-0.0007763429933256156,0.0013347131517219076,-0.004001401163666769,-0.00023414903792503942,-0.0010583801103802954,0.0004523411090332861,0.001375068403636866,0.0006746335216522221,-0.003411778300143397,-0.004314540719475176,-0.0033731141871889067,0.0011370833686979917,-0.003310511464038994,-0.0034555362951321626,-0.0023495541418407373,-0.00024407387406544744
floyd-warshall,-0.00040216461681248693,-0.002054045397097116,0.0013916042025468997,0.0008045343692511842,0.0006847722704477283,-0.00013058795408347955,-0.00024067617142126374,-0.00019502990145405042,-0.0011523819108253473,0.00116580650509427,0.0014398820523592517,0.00029752123405360297,-0.0007798558779644016,-0.00092733336428441,0.000624235104921394,0.0022158308236028905,-0.0011336851345943345,2.1249153824730297e-05,-0.0006873042110090859,0.0006916720142629021,0.0001408121087873917,0.0008533869662379122,-0.00046678763400959496,-0.0019036525217581938,-0.0018158054676488242,2.5131220909372945e-05,-0.00028240651526684587,0.0007636765181219664,0.0006945179596890361,-0.0005877509775361758,0.00031277739340369426,0.001244502600914661,5.730359139907139e-05,0.0010878195519026064,-0.0006748705026261661,0.00031028172873922823,0.0016725061038340063,-0.0009479055875290329,-0.0007060397385556247,0.00019136483925826696,-0.0005488828431242717,0.0013635688100145195,-0.0002633457242349174,0.0009325972714692203,0.0010464339294522465,0.0013859720825424137,-0.0009255930881122853,0.0004786883567609244,-0.0009692287529551837,0.0005082055794440485,0.0002592800270382362,0.0013633988777278232,0.00031762853621376336,0.0005859962251714069,-0.0007229380684774062,0.0002760658707325235,0.001745584968798911,0.0009409841202555844,-0.0008757929552291372,-0.0006186800094740722,-0.0007369469148324694,0.00042597253272357857,0.0017714952810597166,0.0005342124284698288,0.0024250708989231222,-0.0008153781413937899,4.53344321230012e-05,0.0007130281704081403,-0.0007672038077057922,-0.001628908921267805,0.0002735797204866159,-0.0009864326493011762,-0.0029689451717477256,-0.0011916559711871112,0.00031395570213764424,-0.0014213718012276943,-0.0007623948545902898,-0.00019688768323409113,-0.0007991005595713489,0.0015756605434801502,-0.000621552807857118,-0.001133688092968956,0.0006605493854981174,0.00234178543871407,0.0008325356892891701,0.0017950814833726189,0.0010995148608710693,-0.001563533320279833,0.00013339269024747536,0.00024408330015527704,6.051608979989007e-06,1.6414428415064664e-05,0.001361847617503738,-0.0010014063209268181,0.001886652525715803,0.0011996568112711732,-0.0006545532311099792,-0.0014113649298874778,-0.0009605805643097609,-0.0006849318356531432,-0.0005700029596768641,-0.000516801708003552,-0.0013865681359343598,0.00015526849730256617,0.0007746844164886748,-0.00026511175417382566,6.519751192664335e-05,0.0009422314480570718,0.00209374212909383,-0.00016507049751579293,0.0013069794658804312,-0.0014526675727983326,0.0006076615271687968,0.000787316804618407,-0.0009862707639404565,0.00014041793144984558,0.00043380845222571726,-0.0008983381621359478,0.0008925567594557817,-0.00012025045364239961,-0.0007083812207046258,-0.00036480249192844086,-0.0002604670508335632,0.0002142627124140865,-0.0015080527728917692,-0.00020182582280174288,-1.854276697428856e-05,-0.00017423860825707698
nussinov,0.0010522482519945697,-0.0005146965118782987,5.61220004868801e-06,0.0029261130523678958,0.0029462305136576106,-0.0003069083487829971,0.0022548680931748777,-0.0027657092282424856,-0.0004319624122501864,0.0036658317296343057,0.000559810750829115,-0.00014916949388066314,-0.0007173935301363343,-0.002146143315240323,0.004577387153709367,0.0034504956494672,-0.003940573224355148,-0.0023285633556611174,-0.0026359761789649383,0.0027540939347687754,0.0007567165886825933,0.0012837359374486823,-0.00219725119185199,-0.0045040754056628884,-0.0045209806510797534,0.0035548004907468567,-0.0031609205782388017,-0.0002546004709671479,-0.000707788291919087,-0.0017986135172840534,0.0003381794753831713,-0.0016723622079446443,0.0005952805687243767,0.001336873493876567,-0.0026107908294363824,0.0026978905825991717,0.0011466401096669188,-0.0033439803003716406,0.0011534617066821795,0.0019092538621094945,-0.002361497155533243,0.0015153083648158372,-0.002692569707733128,-0.0014732827298189477,0.0017300876519499298,0.00016002821534044642,-0.004753753748460099,-0.002941955352770975,-0.0004936726414257464,0.0008136426183398271,0.003438612140598707,0.0001841788949619172,0.0008977294606893338,-0.0023115800800042052,-0.0009049981581341626,-0.0008029749171214462,0.001678181577176474,-0.0012818888638648218,-0.0025257807059801962,-0.0016551116694358825,-0.0013280955189785004,0.0001941009897876711,0.001776063692830121,0.0012759631597418775,0.0034883907918228374,-0.001641834942235576,0.00016096990076164275,-0.0005855729821613309,-0.0008662889531052542,-0.004514269102173785,-0.0002479215492741105,-0.0021966521750922396,-0.00504613360209305,-0.00016616142841741066,0.001794000699128162,-0.0006244891518747409,-0.0033876295441359616,-0.00045204736075277197,-0.0024379318361411606,0.0010899175958840601,-0.0011993874194189402,-0.0012869295507016432,0.0013636481238989973,0.004091388989635902,0.00041685830686333247,0.0038007322845885483,0.0027168987869075067,-0.0027776715787126705,0.0028366700831981007,0.0014973554160491176,-0.0017109952714804422,-0.0002331496431295932,0.0038005864154442293,6.421444157922451e-05,0.0013716434443722392,0.0018052339840437526,-0.002329816952979513,-0.001987383046753166,-0.0022412023477329512,-0.0006818935009960114,-0.00254354210797203,0.0006450472308330291,-0.0016697223759578605,0.0007882163109487195,8.748680727421743e-05,0.0012170239385795867,-6.966246196782322e-05,0.002428602124972201,0.003649877788518552,-0.003940982005502747,0.00197700116068944,-0.0024836421360134864,-0.0005210288052239775,0.0028005335587977243,-0.0012885709397636447,0.00022600582929754864,-0.002592251311114069,-0.000206047247544916,0.0011915660043086973,-0.00021881164527215446,-0.001838499260891524,-0.0027461000219091147,-0.0015986762686992506,0.00017926798857104131,-0.0022036049451692463,-0.003017958185935754,-0.0003794649941255557,-0.0007594349487174412
adi,0.0014010083577587268,-0.0036085086471757677,-0.0020571707245723284,0.0030314751165187097,0.004810441364074886,-0.0014846427326314362,0.0050773993432199046,-0.0015377755162618038,0.0010407719447421148,0.0037810891996999953,-2.5637517932476905e-06,0.0003410128234059408,0.00027689724726391764,-0.0041325447840203115,0.00471580540970947,0.005275217187379805,-0.0019090089185195478,-0.0035357354249922705,-0.004803823461598494,0.006079265837120278,0.0007494643783360172,0.0019797130793928544,-0.003959961011405764,-0.008913794874148721,-0.00803727840642668,0.004878918044083743,-0.004218303197413799,-0.00028290503634011263,-0.0005566090747888366,-0.0037166968657537064,-0.001601133543173604,-0.002179231510882597,-0.0008256897268109115,-0.0023538446757923755,-0.003020882200164326,0.007300942102632494,0.004729482740303154,-0.0034092010284005147,0.0002549951132657301,0.002349842166351267,-0.00250907719175392,0.0027588015338229606,-0.002094287762125764,-0.002554812219128552,0.00356664943350694,0.0004353015636731803,-0.00417381379580405,-0.000132647892194939,0.0002607921910641657,-0.00021612092014000925,0.006381443996330816,0.0017309031593534879,0.0010788381906243075,0.0028294937422366656,-0.0038198196749183325,-0.003912791597734815,0.004610988783501048,-0.0013203641149933294,-0.004134237812294535,0.0016242095821943632,-0.003840922791812458,0.0014290671657876178,0.0022795740033204758,-0.0009240899663979124,0.003905249622760123,-0.0023273905822976796,6.114893393613683e-05,0.0009335366992133829,-1.5983891157871027e-05,-0.0062851806044747546,-0.0005528987790899851,-0.002746009382290776,-0.006647458688577016,-0.0036241086059226103,0.0024702455883338107,-0.0018178810725934934,-0.0041438345754842,-0.0006365774083149615,-0.004712160806622047,0.002445195292501072,-0.001680343188808339,-0.003531271952286807,0.002115742767481056,0.007877122108841198,0.0025419744671264437,0.004822503286327016,0.000497341081558291,-0.005219711405104431,0.0044484373067851255,0.002132912456841134,-0.0005067525031287461,-0.004176830039549164,0.0029972489438579134,-0.001620253756191831,0.0007689868275987832,0.004718522196642491,-0.0023258106467314243,-0.007943284526770818,-0.0030223501311216756,-0.0010502612185069823,-0.006195069059768262,0.0006707152588116754,-0.002111231826553501,0.002150443150015014,0.0014390528452705017,0.0007631406067075042,-0.0014986927728720051,0.0053020583765282184,0.0033212307411671,-0.00204266002692149,0.0014078551567340565,-0.005070045721745953,-0.001932672394254595,0.0030707510110686573,-0.005567877082105469,0.0019520762200883664,-0.00039609551488794576,0.002353765019267144,-0.000531237725750663,0.00036489283389648053,-0.004405199459524513,-0.004704387840709372,-0.0031000982253654337,0.0005183458275896855,-0.005790945377479065,-0.003693414110080365,-0.0022713753943308904,-6.234584914378547e-05
fdtd-2d,0.0007972269867892074,-0.00013592168176184154,-0.0008290687628734215,0.0024550438879188076,0.0032754305608111963,-0.0017638491752845877,0.003032814849817838,-0.0013183608538270557,-0.0014852410317729929,0.0036001861732691577,0.0020491832421856634,-0.00043194968716668813,-0.0019477080883199117,-0.0030907078164097513,0.004555748352444029,0.003741939508441099,-0.004091559903178856,-0.0010205916885399763,-0.003557473207551222,0.0025736522206945577,0.0012950173876463608,0.0015834955348717243,-0.00292568020787827,-0.006687598210210819,-0.0036446130033283355,0.0057253944785229435,-0.0032955199026454933,0.0018381698588282203,-0.0009727840828430854,-0.0014235825762332933,-0.0006738069723944331,0.0007964241881696599,0.001578104040566274,0.002932428592811161,-0.0022720010331773463,0.004227385029961998,0.0018876518824541173,-0.0017108337000297093,0.0009029673868643491,0.0006771895095628845,-0.00181193421189208,0.0005254922702060174,-0.0011391023277377776,-0.00163317239818334,0.004512999800055166,-0.0005467527738814025,-0.004465814694809511,-0.002055643741841919,-0.0018579477676441997,0.0024676242435212443,0.001760130247307533,0.0026160244295509714,0.0001567476860000925,-0.0006410062600838922,-0.004475982987211037,-0.0024502416540678044,0.002775654707573103,-0.0019738417913654663,-0.004100979957593626,-0.00046720450653800916,-0.002508645693102455,6.258942679130266e-05,0.003890203934649866,0.0011096364716247165,0.0007923469292829748,-0.00047955100106761815,0.0015668113646006847,0.0012601106404699467,-0.0013549585725385438,-0.0022076400660574966,-0.0012674823284060449,-0.004827394689323306,-0.005604968001034492,0.0008868539341722187,0.00024370552034292105,-0.0009100692785314001,-0.001008881901487943,-0.0010292751439070112,-0.0029944491753922447,0.0003668037351335474,-0.0026857647127147594,-0.002395203141428113,-0.00026036715480649223,0.0058144868622945056,0.0014724423642223647,0.004782333387640807,0.001987547581778813,-0.0036458575403444495,0.003891657435909843,-0.00037724716404781243,2.6736274628429094e-05,-0.00121581598011154,0.0050548839855613465,-0.00016122387824879167,0.0028442569702910926,0.003060088711913601,-0.002134568940183054,-0.004926160257042806,-0.004526016162011017,-0.0017332648121800233,-0.003850926133152158,-0.0011275996111775365,-0.00164326958728984,0.00034367185947596044,0.0001723202798511228,0.0018023735253642043,-0.0010033351519051618,0.003092822192591415,0.002341661254762471,-0.0018985954303171863,0.0016679128390829476,-0.00436788916744527,-0.0010731858098385245,0.0013142103523989394,-0.0029793067726106817,0.0009104655502209784,-0.0004954995154385024,-0.00019717416732378313,0.001312358094491139,0.0005200034720505393,-0.002455197795897752,-0.0020496024915065427,-0.0013661061585200551,-0.000365283013313705,-0.0037704767230943965,-0.00346333566299376,0.0010129092726390708,-0.001583776683876916
heat-3d,-0.001981934159218092,0.0007401162032275421,-0.0023055931463439074,0.006333850174491781,0.009469885734330302,-0.0030826699011627288,0.009043739735072253,-0.008569604531214962,-0.0028408331337378945,0.014263936094530772,0.006671175392442376,0.001699191753158869,-0.0042308447937051226,-0.0058797167691149186,0.010964736820211127,0.011004347514986752,-0.0069241215896806065,-0.009423810960797504,-0.009646531456218051,0.008446783197657605,0.0033735803336554923,0.011103539781909349,-0.01187437756915856,-0.018976332919234173,-0.016369753546644102,0.013185270052845458,-0.008617515446417524,0.0032773102670570764,0.0007044137614439822,-0.010063210065029238,0.0003293579989140946,0.0004447004464103724,0.004926837037366758,0.006202681758919224,-0.007392730808911829,0.010316686270114268,0.013151359574776275,-0.007957230390968142,-0.0007679636061428841,0.0029849997055151224,-0.010533946411633533,0.006151822110469088,-0.001747883479384415,-0.008627074194138589,0.011046958077625898,-0.0030449881690249514,-0.011768698803213143,-0.010010581435316615,-0.003040388283170872,-0.0010768347027350121,0.006737170790671196,0.00028219730419712933,-0.0009860947291872692,0.0030825696054828074,-0.0038289673542074333,-0.007236583621262836,0.016011179915279585,-0.008315555496263253,-0.010415460712398586,0.0012468110675935564,-0.0059742294786588315,0.004854791068952676,0.010483698849088088,-0.0005407880229947834,0.009763087824709409,-0.006156592644680085,0.0026774710833355796,0.0031996423584457205,-0.009718767107801087,-0.012795415191844213,0.0022868102333134864,-0.00813693138495695,-0.01322356787094353,0.0006140704926736713,0.001732122615190726,-0.0058394321188285385,-0.00881869950646778,-0.003736894984360472,-0.004678691881476506,0.0001272688520062374,-0.0016061649758577488,-0.010358888758588832,0.004018838717611262,0.01249536996821592,0.002803056342404218,0.015574755502425935,0.007124642530403749,-0.008865803986373582,0.012863976313486377,0.004833074619707641,-0.007299288609702844,-0.007500136298347277,0.005785783252623324,-0.005886474806144184,0.005190918242243518,0.002517505134566751,-0.004274065505133456,-0.012986711881301734,-0.007797740412163337,-0.003965035291046805,-0.00876940290418288,0.00375539623891388,-0.0016037277879103393,0.003086056852078879,0.000989872126789515,0.003686109394177924,-0.0016163945050148964,0.011540204578438093,0.005219792481666419,-0.010950155696691813,0.007053867243673084,-0.00663563731397965,-0.0013511668453775872,0.004209409646394566,-0.006740021822376674,0.0020042035805455135,-0.0025859798435044273,-0.0003361040438151399,0.0011229264564823643,0.0029397966293828325,-0.008926620444466087,-0.013986446725565045,-0.003525454056010286,0.0016031497027874622,-0.011789477145449864,-0.012295427130326324,0.001774980193962872,-0.002759311683800813
jacobi-1d,0.00024137995545364294,-0.0014107479819964889,0.0008414252844886505,0.001494589938010904,0.0004752791146946341,0.0002286651122024826,-0.0010256280105143862,0.00026607507500102655,-0.000436932647365514,0.0005599189285931061,0.0006613401100063735,0.0005022026971801096,-0.0009183425917096126,-5.403321520134341e-05,0.001385068548976657,0.0010608358112676798,-0.000751576357652084,0.0005684213840747058,-0.00031900140832779775,0.0001586661528563127,0.0004259987489755683,0.001057268643732338,-0.000810001677806819,-0.001279827662756361,-0.0011555435074114939,0.0002972827044383545,-0.00030598869883912506,0.0009995893939048982,0.00016313641831402492,-0.0005849560850492708,-0.00018025253263355504,-2.7356210875950637e-05,0.00018748671294588348,0.0007315210255076939,5.357331914031723e-06,0.0006180431472330383,0.0007270158372193692,0.00010606152445689077,-0.00025101620303757954,0.00039525047771652073,-0.00039432185415838226,0.0005050311262190613,0.000123734547408579,7.678433718562397e-05,0.0009943738780066268,0.00027256333396508126,-0.0008968360106033894,0.0005389483897185225,-0.0005604010167796029,0.0005580903297717062,0.00023289455615061646,0.0005533512097220713,0.0008311545832232999,0.0005206637519222568,-0.00010991978767075732,0.00044016821460293916,0.0012505761891437336,0.00043138938087092054,-0.000560263813410226,0.00027305579813704145,-0.0005057843098863183,-6.544969880148225e-05,0.0008768554837691529,0.0003776589688641252,0.0013117346046328747,-0.00045346766993740556,0.00022821284725675164,0.0006867920927713082,-0.0007222949164618816,-0.0007586386500634035,-6.319996828096919e-07,-0.000909399785655296,-0.0022185658128061427,-0.0010583595934728388,1.342452416489929e-05,-0.001362764605664779,-0.00035518364270501477,0.0002656137007789994,-0.0005526250295285232,0.0015222382876193782,-0.00029901435974958684,-0.0006971987242044027,0.00031600937460704397,0.0022532470193254994,0.0008906309090283078,0.0010693354573353038,0.001368793704023119,-0.0009085674630720556,0.00056890929798404,0.00042286109334478775,0.0006319221038514418,-8.241945888585179e-05,0.0012404087916782676,-0.0006232544589693135,0.0018892432626671507,0.00039933714372940207,-9.163253471342614e-05,-0.0006831247709745488,-0.0007198342553844365,-0.0010863337137076692,-0.0005189970941501087,-6.203244095862223e-05,-0.0008457898744988294,0.0006713954853087974,0.0004529951211225125,-0.0003662506418928994,0.0005058954198223849,-2.270700133522041e-05,0.0007520660728308333,-0.0006184744169028515,0.0005464945643325336,-0.0010439528892068968,0.0009590010930025983,-0.0001934078317693396,-0.0007934028189386784,-0.0003081413556477249,0.0003820255561549857,6.921521053300239e-05,0.00023339221136969474,-0.00038261073156415173,-0.00027284168989657093,-6.362003662919354e-05,-0.00030706113254079054,-1.2247601929023706e-05,-0.0006596356268346426,0.00020743743722656898,0.00045265308011342616,-0.00012494838350297262
jacobi-2d,0.0008134596240934892,-0.002493087157887002,0.00011037403645096861,0.0020482250624283653,0.0009814027598736745,0.0002828597268887448,0.0003978218497083512,-0.0004840332999882223,-0.0010302320011605067,0.0014307726096330724,0.0012285745556323833,0.0006902525751067159,-0.0020470054432323867,-0.0019062890842087197,0.002086862174393498,0.002477685788638077,-0.002228991749958807,-0.001030529642807938,-0.0012318293994948405,0.001963840242742617,0.001134992508301896,0.0018401398527056877,-0.000985416994954725,-0.0030218059467521773,-0.0030867077802025932,0.0016772547593365433,-0.002475194261988055,0.00010907824616879225,-6.50168570351141e-05,-0.0021508564452196698,-4.700076151402297e-05,0.0005710305431329741,-0.001046578149895076,0.0007198241866223985,0.0006092211341862122,0.002431002899736164,0.002279676441745625,-0.0023448297044122036,-0.0002557358147668077,-8.164585432582933e-05,-0.0010932738439065296,0.0013773884065127486,-0.0004253633879812495,-0.00025848662139697125,0.0006738059402513084,0.00033779365804004565,-0.0014674493938569802,-0.0006048100850425749,-0.0023305079988648544,-3.993799618545372e-05,0.0012613275685181185,0.0013056847884084406,0.0008585646293850278,-0.00022271074667331954,-0.0009419315152517263,0.0003993886387356336,0.0028419154126704004,0.00022235048021885728,-0.0011740008427368958,0.00015944590402329993,-0.0013410154197848914,0.0002988801721247128,0.0020526437124020382,0.0009164036834988279,0.0018007748592424092,-0.0006442908917558988,0.00012745774562684725,0.001711573630416011,4.2715615801450014e-05,-0.0022624226101049943,-0.0004095395639551635,-0.002113827495031271,-0.0031976902913875486,-0.001162418757175416,0.00036958923493014725,-0.0006792497829634734,-0.001697557632148195,-0.0009763495816413931,-0.00045003448380084225,0.001391444454827649,-0.00033174485104463377,-0.001606315079862638,0.0006766845915295727,0.0026644632423483187,0.00164947077856006,0.001878758967479974,0.001911818066959377,-4.241817868520896e-05,0.001204072430175129,0.00010904506819511954,1.065463385115911e-05,0.0012585310268100078,0.0018540137447297955,-0.0005768520788030889,0.0018999886608491862,0.0005482998470019376,-0.0010524511772155851,-0.0018201197971617357,-0.0011349643719955594,-0.001253905109771593,-0.00030771210197658844,-0.0004067384423836498,-0.0015355911301919867,0.0012470496370970158,0.001707513753424234,-0.0009446165627675908,0.0001300601918055736,0.0022909588471849754,0.003149407089282551,-0.0017553008724439565,0.0014472336379413953,-0.0017972523024792422,0.0010982711724663108,0.0012902123584417815,-0.0013810280634883858,0.0004439972103476857,3.9809363580736235e-05,-0.0007318945848252116,0.0013211866733482069,-0.0006105936816530817,-0.002083800720251404,-0.0015951865585205512,-0.0009684600095421394,0.0003569079808996559,-0.00283208833824935,-2.3454522041486336e-05,0.00012260442939686388,-0.0004822369119759073
seidel-2d,0.00043269877541802246,-0.002126941880692618,0.0008706664984124839,0.0010311088940659244,0.0011056927536963318,-0.0002377967071858631,2.8743761974730097e-05,0.00010097285501970695,-0.0010501246315157162,0.002546624204072962,0.001192919071650851,3.431431152170388e-05,-0.0005013746698353514,-0.0006756094445681183,0.0016673644249435868,0.002147150165168485,-0.0013593085981295284,-0.0008306494057104902,-0.0013605709952581942,0.0017068199587142196,0.00016072565604817696,0.0009849710502163654,-0.0009106621915169403,-0.002086439619892315,-0.002168876430658557,0.0008396778827574607,-0.0006857807751783121,0.0006839124817533644,0.0006184338568011466,-0.0004852701276204557,-0.00018311786949072546,0.0009525736899920685,-0.0003593982461599557,0.0012182590892933505,-0.0010589115182514874,0.0003255466810473102,0.0017911840370717312,-0.0016488226428709926,0.0002199688936124058,0.00016441361384195993,-0.0012164332753551814,0.0019869023616875298,-0.0005751055581504783,0.0007166435090881747,0.0006984508831867542,0.0011647610143014368,-0.0014839758228824404,0.00047508569018802894,-0.0010209835024199137,0.0005427872847053811,0.000342776570725054,0.0008154235111269163,0.0004505138067177269,0.0003186980340887067,5.0208972728190325e-05,-0.00030532492238652875,0.002901531764789185,0.0012173212296105725,-0.0006600245287281932,-0.0003533805069017181,-0.0010517230067547977,5.603037337503589e-05,0.0012286870510408712,0.0003733923723125006,0.0020439266770373595,1.3288578999378643e-05,0.0003082202481097226,0.0008395096007090573,8.196925300999074e-05,-0.0015211989106444826,-0.0003243431996264102,-0.0008523362409202188,-0.002358125267321533,-0.0005746343314507842,-3.859121786796283e-05,-0.002111583427778959,-0.0010872654203357625,-0.0003159769805551014,-0.0006670428531300597,0.0012483647749769293,-0.0007934753969692239,-0.0013432682755027882,0.0004192275428276739,0.0028278981379995017,0.0012345544480101764,0.0017412680191363893,0.00021186106472480883,-0.0012882603253995607,0.0005569776920143424,0.0007318186675045831,9.28420056085485e-06,0.00036060880216902516,0.0018704883134040725,-0.0005781993934541443,0.0018470525423902148,0.0012663352245574227,-0.0007727076386883667,-0.0011834498682533037,-0.0012123010072946794,-0.000348387793439605,-8.226813766125177e-05,-5.3146303056481015e-05,-0.0010000469444313585,0.0011579900713712405,0.001094829372269832,-0.0010710353955693957,-0.0004334724912376092,0.0014397390779317223,0.0020222586908126144,-0.0013590312852708546,0.0014139446793340268,-0.0014681596465996483,0.0004457604932369953,0.0010127601720383587,-0.0007608667262617415,0.0006730180623147961,0.0004561320832275167,-0.001106291272223863,0.0002846124754650264,2.039845827082105e-05,-0.0012416937731369667,-0.0009261492373559446,-0.0005651825239688517,0.0005440374838165542,-0.0021460576723706486,-0.0005258193991251354,-0.00021329166802702118,0.000368561357557981
