correlation,0.00020116813845417805,-0.00010280042892861132,0.0007040666731834216,0.00024984202709196036,-0.0006614091613109371,-0.0016106483679705936,-0.0007457193109746042,0.0008699606076238284,0.0006813453265318745,0.00034645529108514125,0.0017538722152637906,-0.0007641661045215043,0.00043368664276050896,-0.0009483617353620694,5.328708048660988e-05,-0.0010508260870425914,-0.0007112519045844429,0.0007294733873813561,-0.0016207304648368766,-0.000306181830206984,0.0007925123607396687,0.0010391940182001378,0.0008498114502320899,0.0004386524677365263,-0.0009049067145832325,0.0009400983583059554,-0.0008082315387008222,0.00012654699170716892,0.0007217311052188865,-0.0006734033017174193,-0.002881719430565442,0.0005877633672250676,-0.0008333922229021004,-0.00031645431418406877,-0.00027996688578767995,0.00139040813327914,0.0032522624747607074,0.0016091044097648638,0.0031080501694783665,-0.00046056418030179645,-0.000371800214787455,0.0009625291552909307,6.791293784963752e-05,-0.0006987259027817728,0.0005635555200186852,0.0008839081879398835,-0.0005548920422657638,-0.0011270340366632138,0.0005309905590317948,0.0007038534834129294,0.00021825309714155368,0.00040157037284715394,0.0012112719307065401,0.0010528628879814949,0.0017152978536231738,0.0010229988386670716,0.0009411634374900084,-0.000818770418654343,-0.0010912821371197136,0.0001343092084617207,0.000614542465068792,-0.0009025198462615279,0.00034476751706709986,0.0006468527334570689,0.00147552749656729,-5.5818437862111945e-05,0.0012062601703004667,0.000290906333248131,8.800013395222394e-05,-0.0009129607535310482,0.0007367775140569153,0.0007658266781378954,-0.001369482071727122,-0.00025685222638122996,-0.0002602710098328412,-0.0005822376084611996,0.00042228048091362183,0.0012533143408769607,0.0005370384958376618,0.002396380351121096,-0.00028440475666445167,-0.0006264102120392062,0.000997491328713582,0.0010831132799227674,-0.000214397258548017,0.0007329095510373774,0.0018693652114291723,-9.090238324317493e-05,0.000893223661286787,0.0009770673044074915,-0.000353613350613925,-0.00034974523479927724,-0.0009267140014440214,4.6540124458260834e-05,0.001693879586558691,2.3676136678611664e-05,-0.0031647151948786096,-0.0024245999045792574,0.0004055956470485973,-0.0003090658980286925,-0.002280602740172885,0.0005242101002582594,0.001007580179966202,0.0011328667628970977,0.0003583712517100043,-0.0005878073785233459,0.0006205872663198725,-0.0018354515555792635,-0.0004548446158878505,-0.0006900605068566572,0.00022381436811931628,0.00017726300958249914,0.00038200440375428453,0.0010464010208938578,-7.321464363485575e-05,6.181716392012804e-05,-0.0011298066659181036,0.0016896235388948729,0.0008043893858006126,0.0014448184611913014,0.0001447583138207464,-0.0005981699637471282,0.0002782476119471922,2.4143611019673316e-05,0.0006658225775984312,-0.0014033551376901176,-5.544069541716262e-05,0.00036762561266138956
covariance,0.0006687483089788455,-3.465811702578018e-05,0.0011491075921286312,0.00022533778650944846,-0.0007931578374053869,-0.001593899656048355,-0.0005385194154870179,0.0009724443920681046,0.0008062595702035145,0.00014741213009175326,0.0014343407852316482,-0.0011483122620524631,5.438540635320047e-05,-0.0005647746745833299,-0.0003741065220815977,-0.0010012178455427703,-0.0011520214389343488,0.0006590036484542199,-0.0018497714255419043,0.00015928411287152104,0.0013192404577340414,0.0006599536184997609,0.0010289782019551946,0.00030126029741950333,-0.0012833041105800981,0.0010076252033791712,-0.0013117166397730922,0.00013907063516348394,0.0012189262650079196,-0.0003825472667813301,-0.0029941289184433925,0.0010527197082410567,-0.0012349267166832255,-0.00047755139389159414,0.0001454192517687463,0.0011129356991861844,0.0030772490265210057,0.0015222417294151252,0.002938959310591195,-7.413379434082244e-05,-0.00043402108874741115,0.0014432915777433664,0.00028419203105537844,-0.0007230102847744194,0.0006506930041925645,0.0008540933380977043,-0.0007191384130338621,-0.001318133348831907,0.0003108106918969295,0.00041710793165192526,0.0004290968168384603,6.250664915165139e-05,0.0010085388688215364,0.0007226698411007723,0.0016580004303250462,0.0012339179439651263,0.0011664526989786988,-0.0007738422136753798,-0.0011027408416137202,-0.00038624668700827495,0.0005756917307735421,-0.0011687889612706688,0.00025408875080756843,0.001020239912274216,0.001278772161135243,-0.0003774494269034929,0.0013330470644885078,0.00016063719037144134,0.0003748404398922705,-0.0006795249452504019,0.0004128095566152802,0.0009244033614474271,-0.0017765868221128283,-0.0003062011140476291,-0.0001811564240294198,-0.0007405443482437275,0.000615980634595164,0.0013746537236632623,0.0004833963628496147,0.0022922394532037694,-0.00022897352043097877,-0.0006980131900794125,0.0014289387808174877,0.0006716510251862928,0.00019846907364101044,0.0004324201759623571,0.001809285196941346,0.0002249114105426189,0.0011742252180637377,0.0013898701581638306,-0.00016159327222137817,-0.0006969001094855937,-0.0014423251486732624,-4.8081904727344714e-05,0.0017814584975389557,-0.00034085022940012603,-0.003142939026777943,-0.0024479365981985917,0.00025626648049284186,-2.3451787354941997e-05,-0.001997238762366275,0.000991832384089422,0.0006427026075673186,0.000950268637906346,0.0006169022308313288,-0.00021114472151061313,0.0005712906260871225,-0.0020826827353125233,-0.0004953582714127455,-0.0008164568749230562,0.00037698437032910687,-2.1719516048000918e-05,0.0003224647645967909,0.0006706874212088425,0.0003974087497529884,0.00031781688772348896,-0.0007380803128600948,0.0017846747586089703,0.0012098730981556906,0.0013191132764202645,0.0004747682194445386,-0.00036972957221021515,3.3941752361796614e-05,0.00036197257456175674,0.0006936748165268606,-0.0011404134436613983,-0.000452387728728354,7.585120167479747e-05
gemm,0.0006231697318273493,-9.323085113363859e-05,0.0012397305286463557,0.00023056478110245534,-0.0008674530351224045,-0.0016617905542564888,-0.00049250946742379,0.0009349026173974077,0.0007465594292928776,0.00015493775329863033,0.0015655672145334797,-0.0011145102439008446,-1.0589907308005624e-05,-0.0005552886270581641,-0.0004153329779607399,-0.001076810312547928,-0.0011536154476440668,0.0006654204480582848,-0.001883356547397044,5.4260334258692135e-05,0.0013181367739889538,0.0007110333406469888,0.0010607997687151914,0.00034836631089597684,-0.001255587906699576,0.0010637900623906818,-0.00131243682699278,0.00019851528082249893,0.0012035866319719288,-0.00048246877526657446,-0.003058822639609894,0.0010185144589437793,-0.001252011373354536,-0.0005142332161590781,0.00013049232398366762,0.0011262660652088623,0.0031589663792854277,0.0014869097180457579,0.0030569361810598317,-9.627841387151016e-05,-0.000432388118093109,0.0015112082708381219,0.00020301950280554593,-0.0007618521728242437,0.0007292048588472729,0.0008653220162765743,-0.0007401638140436262,-0.0013169448777464116,0.0003469752555247396,0.0004529742149720227,0.0004364836309428534,0.0001008102392208659,0.0009991051532172908,0.0007022758921569524,0.0016856913967381439,0.0012231963022107568,0.0011707442722076343,-0.0008833587441282967,-0.0010863701097100097,-0.00028873050986375246,0.0006880532487735359,-0.0012008318881271407,0.0002290820185508993,0.001138430505913372,0.0012646961097036386,-0.0003933141512485842,0.0013272980569228013,0.00021125840188081688,0.0003944218203994549,-0.000703034987155762,0.00046947707536067657,0.000916267891953895,-0.0017977504923894433,-0.00039717802373060194,-0.00015944026583585783,-0.0007298467082566478,0.0006445886586637547,0.0014475660759166607,0.0005321473452366061,0.0023460630230450383,-0.00027736241786947683,-0.0006948830932742567,0.0015015359587980332,0.0007469937312028682,0.0001256663049894592,0.00044309063620554906,0.0018592744276651905,0.0001672353116898901,0.001216315678094462,0.0014518351559268518,-0.00018975681612371572,-0.0006979185604399794,-0.0014719676239312524,-5.792300038996877e-05,0.0018420349224470556,-0.0003664862046106363,-0.0032415662361826333,-0.0025739718435539138,0.0002395351572583119,4.5283807695442294e-05,-0.002061415214686551,0.0010632927005644888,0.000650395144475624,0.0010116095428303299,0.0006644786238515129,-0.00019196971940497556,0.0005759199201646778,-0.002148629400633379,-0.0004529347998969671,-0.0008338542587201422,0.00041264258389775123,-4.527166472851402e-05,0.00033991985643903416,0.0006904333117240134,0.0003802646307222959,0.0003434019389614049,-0.000764371472339715,0.0018470622663800088,0.0012163762003183365,0.0013175827803530006,0.00047438716541768774,-0.00034406221796719666,1.9387362448873722e-05,0.0004128680328802956,0.0006557895042836511,-0.0011905214859224441,-0.0005266100375188722,3.29856241781575e-05
gemver,0.0006406074248338377,-2.587580982233501e-05,0.0011466707413395245,0.00023650800479420772,-0.0007968002917348511,-0.0015936837185614018,-0.0005034442033825649,0.0009556615744562199,0.0007857487135980693,0.00019322248408570886,0.0014663730705958894,-0.0010899238517999442,5.326918390993443e-05,-0.0005686708318535239,-0.00040221478452116973,-0.0010030319438859199,-0.001140626415791404,0.000663477675213168,-0.0018647149942504864,0.00010482060153865152,0.0012982434749978387,0.0006771863215059662,0.0010602163319062027,0.0003214963203359073,-0.0012371882395301429,0.0010063810590913312,-0.001288948580622673,0.00018677770923305716,0.0012038512860373077,-0.00040017863244025246,-0.002984916922287084,0.0010291301615426266,-0.0012099274738122607,-0.0004953265282286642,9.880829828843061e-05,0.0010762746905028406,0.003044570996684747,0.0014580254016133647,0.0029570824812657926,-6.513414619904425e-05,-0.00043745545553974807,0.001441881574767952,0.00021751198275726184,-0.0007670026518301003,0.0006333845274689844,0.0008650221239400303,-0.0007313276978998652,-0.0012710046850972706,0.0002994008391397074,0.00043055794938279886,0.00043135407961219444,7.671629848320865e-05,0.0009888974632809146,0.0006950217777759664,0.0016182497298965852,0.0012208308964747833,0.0011649030622922713,-0.0008234010310843587,-0.0010785369640365792,-0.00032021176755531796,0.0005937377120264702,-0.001131941361462749,0.00022218379308469594,0.001059365441809253,0.001262264882421328,-0.0004069654775472979,0.0013298316342924307,0.00018648537823335372,0.000373470952682611,-0.0006771559322563311,0.0003997511966089304,0.000953878275645871,-0.001735163416823424,-0.00034007605876872223,-0.0001825498685421836,-0.0007503951847967175,0.0006239329749304387,0.0014177127474492106,0.000479281564669994,0.0022800324724004087,-0.0002506940729492473,-0.0006795950681508759,0.0014073790676371169,0.000687077685951307,0.00017460494321615747,0.00044489239937522344,0.001806137950754621,0.0001993024197872728,0.0011695905110779374,0.0014090295945708123,-0.0001590030442457646,-0.0007042590215051961,-0.0014147318741177311,-6.348977411916066e-05,0.0017523150470676934,-0.0003889795064727271,-0.003109505723437501,-0.0024920340543354135,0.00027259659448949,-5.441712952839832e-06,-0.001994376054628649,0.0009912536705895844,0.0006404028746247706,0.0009526049026236352,0.0006046300477464683,-0.00024543021896129683,0.0005608038595204966,-0.002061335646430962,-0.00045239077088707645,-0.0007915666452997053,0.0003884441652593927,-5.183712993231085e-05,0.0003167102064859743,0.0006968257783026072,0.00037479012907068763,0.000324405859121018,-0.0007480099949235511,0.0018045981446953698,0.0012030655440563958,0.0012966638718757571,0.00044824051251958334,-0.00038340936710786383,5.482246769538001e-05,0.00037837023784151016,0.0006513565341366404,-0.0011426534587776081,-0.0005042571897825433,2.0128412062250492e-05
gesummv,0.0006481599031960488,-4.543645950939713e-05,0.001120589675136014,0.00019954548042733222,-0.0007838327308288879,-0.001565842452691868,-0.0005356384467126594,0.0009283737971499148,0.0008017782270649655,0.00021066063264798786,0.00148358346490972,-0.0011246756605234826,4.170942055578861e-05,-0.000560130036319606,-0.000409156495556494,-0.0009956071266464682,-0.001170368663022398,0.0006509281261565371,-0.0018852674466971722,0.0001263127390605708,0.0013056971624286638,0.0006721580284647644,0.0010445449374350978,0.0003464256123051099,-0.0012792602081188103,0.0010170921531324792,-0.0013277075292232137,0.0001285131584154442,0.0012011699566048467,-0.00038326422347583703,-0.0030179098329325723,0.0010233198926370177,-0.0012288708272131367,-0.00048719606901512534,0.00013163937061714628,0.0011097965244617728,0.0030737737736975155,0.001486072860037287,0.0029843330121366307,-6.668181352627774e-05,-0.0004361562104248959,0.001434603402028895,0.00023620696689855927,-0.0007693536139817701,0.0006262547749429359,0.0008419939129251159,-0.0007254049285418458,-0.001308970399097436,0.00029724797706067975,0.0004129770346076435,0.00046642843113254965,6.709527871054079e-05,0.0010176098407504873,0.0006747420395388164,0.0016300775055747686,0.0012537072422370936,0.0012122155943264563,-0.000817525510986646,-0.0010887079855213717,-0.00033503825155397254,0.0005829832742973748,-0.0011538094016335283,0.00022258181707002223,0.0010626954495415299,0.0012808916540557726,-0.0003949458752888151,0.0013683303148152642,0.00017784942530043836,0.0003638002607557509,-0.0006893789266339607,0.00041294654470726126,0.0009528664231766015,-0.0017527724093169025,-0.00031670631339390337,-0.0002066166396414499,-0.0007660280162882474,0.0006273933168914583,0.0014334389634313993,0.0004952260545299699,0.0023264156415178957,-0.0002339975430408635,-0.0007010774012693825,0.001404509042610395,0.0007009371022124671,0.0001645021936080108,0.00044642193824984133,0.0018192931149517083,0.0002153280656784773,0.001183453966910343,0.0014193898985265857,-0.00014409407352407774,-0.0007017749913858199,-0.0014457932015324736,-8.425977123099276e-05,0.0017897488820987444,-0.000406334664755074,-0.003176010181454735,-0.0024974636762635782,0.0002461147054822908,-2.997111753049669e-05,-0.0019847931204518923,0.0009878111401728045,0.0006105731558313386,0.0009600724378186795,0.0006260823089784632,-0.00023151500823183192,0.0005714417364086128,-0.002090074585996465,-0.00046512381474409875,-0.0008133720160306742,0.00039922261688237387,-3.9172872978573046e-05,0.0003358502920794611,0.0006811697500476536,0.0003690360269198815,0.0003184299566783011,-0.0007953474972358284,0.0018288834382676417,0.0012209334139091272,0.0013417851457941448,0.0004681990301631029,-0.00038438262466418866,2.7531045614321352e-05,0.00040513802095018845,0.0006616820024242366,-0.0011385138786863536,-0.0005187985564892491,4.52113252120196e-05
symm,0.0006509397329258112,-2.5655450978471588e-05,0.0011843347593740975,0.00020909156753785082,-0.0008335369671436234,-0.00163502123258594,-0.0004922767402604222,0.0009769568633702067,0.0007760698046897434,0.00020143714047864906,0.00151747449854156,-0.0010882718229873313,5.2045891708177e-05,-0.0005303558476346856,-0.00038461691737110313,-0.0010186152713787225,-0.0011706977359911737,0.0007000604576508825,-0.0018778640013705525,0.00010981754813757207,0.0013348180622819604,0.0006959720728142808,0.0010431548588611702,0.00031552950458212255,-0.0012532243235909846,0.0009892965746176843,-0.0013323277720094968,0.00018007426761970337,0.0012099996383767575,-0.00037795545196988515,-0.003033872072895368,0.001039055268443513,-0.0011943808543340613,-0.0005125635353680183,0.00011657869294544475,0.0010771768478055794,0.0030990289136146507,0.0014942353850023614,0.0029791277192998677,-7.614848113411831e-05,-0.00043128926255222823,0.0014833886363905752,0.0002372598565772124,-0.0007633134244113333,0.0006360407866420954,0.0008911657164895183,-0.0007582233269608372,-0.001303883744791771,0.00033945565519388765,0.00043647180225687206,0.00044836348792563914,9.758405374466545e-05,0.0009864240677820311,0.0006729587217301337,0.0016754214577506194,0.0012577327393551564,0.0011772777975743844,-0.0008221451102549003,-0.001080422386217429,-0.00033140239409274526,0.0006120458557335143,-0.0011682829459055534,0.00019308462570835318,0.0010557498034257959,0.0012905783369205892,-0.00042478032992221415,0.0013350963009644248,0.00018303352893174937,0.0003865564681796564,-0.0006976293354657375,0.0004075786338136014,0.0009782758675606197,-0.0017667391693976242,-0.0003565736292330257,-0.00018861269321253835,-0.0007619709439394581,0.0006468225652093275,0.0014338492603403414,0.0004858462392197301,0.0023156485533238286,-0.0002307344472380161,-0.000688920855004148,0.001424280820603801,0.0007227625206319822,0.00018855723222562423,0.000453109073633742,0.0018499113276549098,0.00017428456663361026,0.0011906694182673367,0.001444073423044756,-0.00019175858405004773,-0.0006947288841022075,-0.001467525537009351,-5.939793886177035e-05,0.0017950359583159701,-0.0003746704523261239,-0.0031712736494632233,-0.0025258911676549665,0.0002644951067244013,-8.298610434091339e-06,-0.0020337696542911646,0.0010179411555226478,0.0006876083530692591,0.0009472397246604993,0.0005796943239854752,-0.00021703337713713862,0.0005820605341189852,-0.0020813607261516154,-0.0004764624015175893,-0.0008162429294316098,0.00041472130396869034,-3.7742387374035185e-05,0.00029844118721990124,0.0007018914613278563,0.0003682330813414107,0.00033763858179251355,-0.0007674291902933166,0.00183742465904086,0.001203933604604875,0.0013248072646092623,0.000445848869276233,-0.00038034103373421304,4.924690842421519e-05,0.0003624608394198327,0.0006484887797139689,-0.001144589342099304,-0.0005298943983183967,3.321988656858189e-05
syr2k,0.0006489509525838204,-5.6229877777190675e-05,0.001138091759963168,0.00024237265137748586,-0.0008188922203973763,-0.0016132651976982339,-0.00047473130851156183,0.0009442239178396347,0.0007514265598729253,0.0001862705361822413,0.0014924599179519443,-0.001086247226339765,4.7324063618563945e-05,-0.0005608930288063777,-0.0003523094802504703,-0.001013340785801928,-0.001160718431088349,0.0006566771222019775,-0.0018972508971475894,6.143008229426212e-05,0.0013046778040006757,0.0007115419494867739,0.0010470816729745518,0.0003536845395299477,-0.0012232470043171714,0.0010096066293448934,-0.0012731144638059454,0.00019835706997481693,0.0012341269725261049,-0.00041646007836485904,-0.0030394509214804405,0.00100478536947119,-0.0011801813767912488,-0.0005167152355877786,6.042809885305663e-05,0.0010936854070880348,0.0030898257844253546,0.0014530107469504906,0.002999011874231251,-7.155341962869797e-05,-0.0004094866922565012,0.0014446681452682242,0.00023832358136941266,-0.0007570806515610053,0.00061265356551606,0.0008736133766231231,-0.0007513426462537609,-0.0013149652837051286,0.00035425365139316354,0.0003986244313030814,0.00048357943321914517,6.388731223220627e-05,0.000996260211751279,0.0006805414628211616,0.0016316467727948395,0.001236830363470492,0.001184762513730675,-0.000884320134193533,-0.0010929589415253657,-0.00031270607077102695,0.0006328924096629231,-0.0011468444030874202,0.00019513782980437909,0.0010959462007223112,0.0012491656072799945,-0.0004222072691643714,0.0013501355428565552,0.00020535012057128674,0.0003695523321059429,-0.0006941275690527012,0.00045256664654718607,0.0009786927439563442,-0.0017792662416064155,-0.0003387280923763885,-0.00017626352160328274,-0.00073283269658633,0.0006119673069204307,0.001416095257127381,0.0005247522397742918,0.0023147281640881878,-0.00023205352219848565,-0.0006949976711641486,0.0014303122920359278,0.0007079561118088248,0.00015798372543132346,0.00046525308668302995,0.0018088610959239304,0.00018457888573822047,0.0011955661017661139,0.0014148818639417489,-0.00015912170056253672,-0.0006729740877441751,-0.0014059135646675713,-4.808457257846991e-05,0.0017878631333587691,-0.0003793991719349934,-0.0031620615692291823,-0.0025382187709005345,0.00026072631266692444,-4.286616684920672e-06,-0.0019684620848339465,0.0010364310065698293,0.0006681069110830625,0.0009554581936552293,0.0006130880453080559,-0.00024119113449059013,0.0006068012703003155,-0.002083316228688798,-0.00042670453937413794,-0.0007828889631329932,0.00043607438338868733,-2.6747946523957784e-05,0.00032190224414484366,0.0007199157100533032,0.00040293545397515927,0.00032658688724040985,-0.0007816823296404133,0.001835188508266583,0.0012185631171127574,0.0013025826709862384,0.00046304703412008367,-0.0003639173286905538,4.445082590286297e-05,0.00040605569221144024,0.0006550800345495292,-0.0011680661927029076,-0.0005312595813949075,8.19069343075777e-06
syrk,0.0006535340568613416,-4.577101208269596e-05,0.001180145069762754,0.00021149498772703938,-0.0007843125414284361,-0.0016044931754650963,-0.0005298908153134915,0.0009538101051778843,0.0007793864804423518,0.0001706988389034652,0.001491899547949692,-0.0011312400294829989,2.772461610018379e-05,-0.0005566127171429495,-0.00039814282111668337,-0.001031205586817426,-0.0011770399505621754,0.0006580063167752491,-0.0019061769643384549,0.00011199363507330418,0.001343351048288039,0.000676953891848421,0.0010747765000916035,0.0003176341211251889,-0.0012918187850219612,0.0010278470355034289,-0.0013254924205183568,0.00018675728562003415,0.0011842136656115246,-0.0004058471466932032,-0.00304305264661606,0.001017836383337251,-0.0012388050607923004,-0.000469481154545469,0.00012948484961978265,0.0010944764136285004,0.003095008230755209,0.0014929327234211895,0.003004732382477313,-5.547459133797222e-05,-0.0004268799610953364,0.0014585796282820713,0.00023148394757299684,-0.0007544257484065989,0.0006195555211737277,0.0008850354465216191,-0.0006811401856086579,-0.001321664050919935,0.00030896716634742916,0.00038880524516571313,0.0004496151167485449,6.531292617890156e-05,0.0010024387997368143,0.0007130745337538732,0.001693975500529632,0.001244747176921616,0.0012004919634718034,-0.0008371748133665986,-0.00111139754961995,-0.0003366465809651547,0.0006256855065455764,-0.0011802362658070503,0.0002547584881540388,0.00108154193326805,0.0012850977040620314,-0.0003979015390440408,0.0013703384947802988,0.00020404553409510603,0.00036623823365920945,-0.0007001691976458662,0.000425521849036967,0.0009479315487826372,-0.001773916307380811,-0.00035442047454934154,-0.00018970317533886473,-0.0007445383768451089,0.0006476252165157348,0.0013934687396246976,0.00048140764637436304,0.0022985729285412365,-0.0002087332920584433,-0.000681497015143072,0.001438316405256046,0.0007059526219058575,0.0001715760825188934,0.00045815719123412337,0.0018251985731896842,0.00020310271550746015,0.0011710729886671187,0.0014113601290672603,-0.00015476632203596333,-0.0007023508793887837,-0.0014472575542943862,-6.867867260653939e-05,0.0018142212955151787,-0.00039496463533497363,-0.0032157860049563977,-0.0025355836551170796,0.00025310827186331153,-2.4380519688646826e-05,-0.0020128171632273328,0.0010002411727327853,0.0006840319159285476,0.0009817940978488575,0.0006208075614671947,-0.00023661301303137507,0.0005687559443888151,-0.002114996507265864,-0.00043322643210154236,-0.000836510123917833,0.00036700417048349563,-4.7662806335008805e-05,0.00033171839863320603,0.0006762097113500608,0.00038960333202137716,0.00036191647975809046,-0.0007753938924805778,0.001843534109260266,0.0012258455196085076,0.001310452201222587,0.0004559403953155399,-0.0003496014445166414,5.3652865997517234e-05,0.0004101690257003712,0.0006630158006575786,-0.0011524615337192598,-0.0005041613929077155,5.439641649395021e-05
trmm,0.0006693258408429554,-8.714216124240516e-05,0.0011442951524966499,0.00023939244500878785,-0.0008149550283431179,-0.0016173551848623902,-0.0005119656109147602,0.0009500399335390992,0.0007871407304062612,0.00015031885252230696,0.0014812937984566411,-0.0011210850433498207,4.449749960460597e-05,-0.0005830184915491069,-0.00036601504835845035,-0.0010115209475366606,-0.0011612592073409662,0.0006576805446659111,-0.0018841820096390115,9.055097406316135e-05,0.0013186601693936002,0.0006883709445699222,0.001053049898473546,0.0003525663056886212,-0.0012448588640836533,0.0010349770745960996,-0.0012837113430982248,0.00015620476672969139,0.0012551365750065695,-0.00042595178173441027,-0.003048314512448592,0.0010275779215539336,-0.0011928281552779179,-0.0005003375655279444,8.599960387477445e-05,0.001135362059964488,0.003124867829481243,0.001481309035120325,0.003003060301933955,-9.279313962906599e-05,-0.0004192883966930418,0.0014591448367961373,0.0002480500548295418,-0.000752517888839874,0.0006503021575352048,0.000835090943534548,-0.000742569270692507,-0.0013480787973902705,0.0003424912429181859,0.0004046219696142038,0.0004922438755683186,4.5981533023425276e-05,0.0010047580775183935,0.0007155343030010246,0.001643684752505376,0.001236628736983726,0.0012018619713166521,-0.00087004444665379,-0.0011162637203799225,-0.00034790720221483044,0.000615184893023171,-0.001157719179496376,0.00022972284285869036,0.0010768895929989715,0.0012410405001396106,-0.00038959090468577214,0.001371738252727381,0.0001976029953867611,0.00038513579703350033,-0.0006764554159922732,0.0004679732823610215,0.0009601665980072641,-0.0017969011744551405,-0.00031494289881569176,-0.00018131046413650943,-0.000712460031435411,0.0006175186911908289,0.0014131428804628537,0.00052886274513892,0.002322221798951634,-0.0002498565871873224,-0.0007031976058695161,0.0014639488799730316,0.0006875054815383111,0.00016300362040055916,0.00045294133209002513,0.001812218581714357,0.00018919452850241214,0.0011903344451032656,0.0014220094372932282,-0.00015660416102036834,-0.0006744009248601893,-0.0014236207458048335,-6.051900870968691e-05,0.001820824099316572,-0.00035922841976167145,-0.003185119641582585,-0.0025224717715496402,0.00027521039980153245,-7.519251489106358e-06,-0.001972457811158771,0.0010466844558120808,0.0006345902543721928,0.0009470380609855056,0.0006585690959279115,-0.00022542697358100364,0.0005908772355825123,-0.0020947157730309605,-0.00045167981524072174,-0.0007979032832534156,0.0004287612262285418,-1.3991847582575348e-05,0.0003194041556626972,0.0007142548759778341,0.0004181615076959133,0.00030718414281080995,-0.0007688959036992552,0.001812449103454128,0.0012288994298109578,0.0013434841417215972,0.0004910914136012758,-0.00037655637849335716,2.6752707728721565e-05,0.0003836847633162203,0.0006954272090903638,-0.0011690906507687436,-0.0005221714252709515,4.563561136213442e-05
2mm,0.0007000278150775961,-2.378595672780648e-05,0.0012330081946048369,0.00021648598420951102,-0.0008503805826573322,-0.0016534616394589345,-0.0005462668551546005,0.0009857835474475804,0.0008273529561443462,0.00015762449604355625,0.001501367736232674,-0.001113854371295828,8.839576750890249e-05,-0.0005756316305552092,-0.0003801846730008644,-0.001043203102502351,-0.0012114098321439491,0.0006700611508373792,-0.0019119543398523496,0.00012021633382472728,0.001318336320537128,0.0006811371373866374,0.0010382910085253469,0.000303158575472177,-0.0012761799526149137,0.001046762508243167,-0.0013388177709809195,0.00016723485411300013,0.0012615638843271881,-0.0003759342232822544,-0.003046242591355824,0.0011030140857555023,-0.0012269615868313445,-0.0005193537639974642,0.00014244709907668747,0.0010864213173691598,0.0031320099434297946,0.001544786804717862,0.002981825217527027,-4.4628922801671754e-05,-0.00044252179375487484,0.0014814413839808872,0.00027058260416702577,-0.0007350507916675673,0.000666047667537997,0.0008618478572720455,-0.0007597900823586517,-0.0013307304697162989,0.00033671124482579116,0.00045148841632504226,0.000463048676869625,0.00010302844748366624,0.0009869322821032256,0.0006980626300598184,0.0016243862385939185,0.0012884455047444338,0.0012062889873050153,-0.0008058081471568181,-0.0011033783048333135,-0.00035540125746693875,0.0005974989342373899,-0.0011974492445006035,0.00020912153478194441,0.0010589826941011576,0.0013043827331987107,-0.000413621465365092,0.001361088296713812,0.00014118036455733495,0.0003977524465881288,-0.0007033622112228639,0.0003938412454671278,0.0009518693606070075,-0.0018008726227789237,-0.0003381449101248614,-0.0001548550234373478,-0.0007752406608132231,0.0006480558885313156,0.0014345810745402963,0.0005189895762466929,0.002321331690634704,-0.00026751299931978184,-0.0007265286772558789,0.0014759582747703665,0.0006843370356364176,0.00016785628475999046,0.00047313387686800625,0.0018208801112551657,0.00023478093822227998,0.0011889196672806672,0.0014611513405624363,-0.0002217185877573987,-0.0006617248501344067,-0.0014614395372013354,-3.2895876857866016e-05,0.0017473333573434502,-0.0003608023300532497,-0.003159326895709253,-0.0025262122766839135,0.00027627132173317176,-2.103563585680806e-05,-0.002056829663666172,0.0010193073911876935,0.0006734860912224071,0.0009556929516192111,0.0005902311014425424,-0.00023234274542321346,0.0005927986413654354,-0.0021432803752961466,-0.0005030251656232091,-0.0007758231384084664,0.00042862971814530384,-1.2933331567587124e-05,0.00032649795725269034,0.0007110943885588009,0.0003907881715955834,0.0003148781704819865,-0.0008085800897485266,0.0018075514106183415,0.0012280312075745314,0.0013454130676109344,0.0004768271274871141,-0.00042808288493587397,5.5492357609586586e-05,0.0003668348848198851,0.0006658022446370322,-0.0011595747879861544,-0.0005211700012700425,2.8226396049528073e-05
3mm,0.0005776924817302428,-0.00026522275926682223,0.0009593273263068541,-0.00019856820204843054,-0.0004960677350241252,-0.0014549115302917711,-0.000858789131812313,0.0009291071499533513,0.0011433644480455447,0.00018101414624492035,0.0014613359748824116,-0.0010333116926417192,0.00029401439379024157,-0.000864110715851626,-0.0008671105173133957,-0.0007123580195612329,-0.0012125456842648633,0.0008580288764171521,-0.0016508899588028297,0.00023584158899372115,0.0016207812056082355,0.0003007324258385993,0.0013669486472602276,0.00018164679279246177,-0.0013416360471798245,0.0008824262117473956,-0.0015083417597719852,-0.00031477050181231736,0.0012470946702010492,-0.00016280688920660932,-0.003138111710808623,0.0009759428739123584,-0.0011690158040865378,-0.00014576443519378218,0.00041445868897854407,0.0015057674198247055,0.0029487000531790886,0.0013729258960879902,0.002789603843292057,-0.00038141227217719834,-0.0001639227899859714,0.001428295101504773,-0.00013183514965930954,-0.0008732644389109576,0.0005453902138148859,0.0006617708379909506,-0.00036505566095001996,-0.0018151505124371719,1.386117861222695e-06,3.0369655766716116e-05,0.0008973401760586592,-0.00022138983374187613,0.0007819137364790282,0.0007988233992364258,0.002034711937406374,0.0010712962513721054,0.0015373916180311318,-0.0005983042270492981,-0.0013083685792427038,-0.000740743351771551,0.00022538870175862138,-0.0010183886453673681,0.0006790196673725458,0.0006908839089138543,0.0010603751973522937,-0.0002522806145647979,0.001827392591033405,0.000427729550317642,0.0006179253002354765,-0.0005806669805144124,0.00038594921951538283,0.000979334103891126,-0.0017265032700593378,-7.792808253939524e-05,-0.0006706740943413667,-0.0005772762147791902,0.0009920001235407066,0.001144026869416634,0.00041026207926573563,0.0020874725305475295,-4.668470955948578e-05,-0.0004146264931050074,0.0014661682379322454,0.0008359597858918063,0.0006491067547090899,0.0005278250455911107,0.0017925412051708384,-8.988963878330062e-05,0.0009541075534584439,0.001324777984443833,5.0116539247991406e-05,-0.0006723139535204289,-0.001366539392620325,-0.0003268454217023271,0.002210676865241326,-0.0005267202364741345,-0.003277639831032823,-0.002359012943035101,0.0006453467135810677,-0.0003169676835087183,-0.0017458803554558579,0.001072181830429198,0.0005508703898693271,0.0006505365942276138,0.0009718515845152604,-0.0003688383645460229,0.00016800511409254635,-0.0018852473294828087,-0.0003332591766272398,-0.0011303022055311456,0.00019581793115802985,-0.00011273141032742227,-2.998496261973153e-05,0.00067953942968469,0.00030261679785326123,0.0003822271006784457,-0.00041566724009017516,0.0017538745339740725,0.0011914381688898977,0.001807800863924272,0.0004892737749340834,-0.00037646050023955893,3.058299326392658e-05,-2.640778000247391e-06,0.0007887361483453252,-0.0009743188001105891,-0.0008686996160951607,0.00035332287627491444
atax,0.0006252348295460894,-0.0002801658197045874,0.0009252265307997517,-0.00020439849194029674,-0.0004890315570211148,-0.001415501451393699,-0.0008426813531995696,0.0009144536041490295,0.0010754016248564072,0.00018318314173751895,0.0014472520098720184,-0.00103017855230171,0.00022034761701327036,-0.000803706280695384,-0.0008300545344836256,-0.0007057149983559023,-0.0012068884680047631,0.0008227279022856452,-0.0017274796264246106,0.00021612683228929252,0.0016411677232313464,0.00029715268037227145,0.0013962768382899573,0.0002210731211508734,-0.0013033721047309775,0.0008723008915480665,-0.0015216927619322257,-0.00032805115573436897,0.0012250678983571775,-0.00019890108310124453,-0.00317963509073974,0.000970435483074706,-0.0010613617350292556,-0.0001777511420454282,0.00037473644410698293,0.001471001737038879,0.002990107438937925,0.001360303592210745,0.002756823710703483,-0.00033771320629645795,-0.00016338455059346468,0.0013994262262713164,-0.00014168740744935349,-0.0008898269700105576,0.00047062564686604994,0.000654210995622527,-0.00038216821592547656,-0.0018058276926989063,2.0101238452993773e-05,3.956990279702415e-05,0.0008978918246130514,-0.00019254652365549083,0.0008014269611414741,0.0007753003840608632,0.002018630045794827,0.0011216484443353051,0.0015956054797724767,-0.0006661937325535452,-0.0012883533740130266,-0.0006984917905784267,0.00023828788235893145,-0.001005119802464512,0.0006445324774283697,0.0007215150553212665,0.0010097699808230734,-0.00023377638974446147,0.0018974928535659703,0.00043594889147618017,0.0005284781081547193,-0.0005814490517984857,0.00042199889096938186,0.001037682019694544,-0.001677341187828193,-9.042777117643068e-05,-0.0006509644838789588,-0.0005333886639324619,0.0009657400694456609,0.0011393795497604193,0.0003893298254457905,0.0020283333655885037,6.754791470217135e-07,-0.00041305844195663026,0.001442572560870972,0.0008056454654947362,0.0005883315470247693,0.0005506297011914499,0.0017733140369219815,-7.173832101911744e-05,0.0009231996740281294,0.001354431250707849,3.3515395925325504e-05,-0.000646283186677679,-0.0013246057513991698,-0.00036316362435600776,0.0021955516696085826,-0.0005021531039400382,-0.0033046447206288576,-0.002373382928507293,0.0006336531951092184,-0.0003341109147774713,-0.0016790550606160918,0.0010922359069809318,0.0005800273365286343,0.0006518999511814292,0.0010277926887604682,-0.0004040921082966687,0.00022163216079420904,-0.0018518099035752717,-0.0002994416101821972,-0.001135310497963527,0.00019179454915608992,-8.555946474456611e-05,-3.037613008500022e-05,0.0006513131374958903,0.00034090329084874075,0.00038221676368266344,-0.00045641252825803617,0.0017821674392668203,0.0011960736352621632,0.0018443698782528587,0.0005337870957994121,-0.00040508516180767296,3.3003649578484544e-05,5.18765249152613e-06,0.0008099423700032811,-0.0009244368137682186,-0.0009076753151876962,0.0003753506890087224
bicg,0.0006747181975750958,-0.00030167808376170476,0.0010053069392383536,-0.0002641420047867167,-0.000512711178196375,-0.001452171228319297,-0.0008513861787779367,0.0009501169312416631,0.001156316659248927,0.00014668945839409442,0.001444883289770908,-0.0010344422394957613,0.000285944456289358,-0.0007605473699239904,-0.0008169014777462615,-0.0007258435259299243,-0.0012838946970398812,0.0008402176540317561,-0.0017104487975730615,0.00015775127993787036,0.0016703359527609257,0.0002799696384874337,0.0013619461837258901,0.00018422954438873976,-0.0013125962171162589,0.0008526556775905192,-0.001480048950350679,-0.0002994430765016552,0.0012830548632123014,-0.00013177009532228112,-0.003157046832390787,0.0009843588044639224,-0.0010463200845098233,-0.0001707995703755467,0.0003668304964187829,0.0014662580968647758,0.0029676248583093505,0.0014109198990113596,0.002748664280207937,-0.0003808253985720084,-0.00016352580004262135,0.0014313174024744727,-0.00015103264526902314,-0.0008701374206472846,0.0005074240179965273,0.0006349720951060162,-0.0003523230073316132,-0.001854179338004221,6.65246813749785e-05,3.351853143505971e-05,0.0008914917621843736,-0.00018540836925454,0.0007198591791915105,0.0007562697556910708,0.0020438264901338913,0.0011337297893238858,0.0016099185107604547,-0.0006250912419465534,-0.0013146527790548349,-0.000741878935300252,0.0002330940547193784,-0.0010088688663124818,0.0006197696065475397,0.0006856474407387021,0.0010629418504643528,-0.00023835168309126268,0.0018468551641169196,0.0003899165672277484,0.0005900513668380239,-0.0005709264043937711,0.00042510376378606236,0.0010728231979609357,-0.0017192799695134025,-6.965175249634365e-05,-0.0006312751232625862,-0.0005601396791034323,0.0010156689095310867,0.0011686536159044515,0.0004269475278252845,0.002037621318937882,5.704667487674777e-07,-0.00042714633159716064,0.0014751220468871692,0.0007835569447385805,0.0006228384411181597,0.0005622899933608578,0.0017737006385098485,-0.0001546649539651459,0.0009083257486696204,0.0013634271111668034,-5.619110786082113e-06,-0.0006010063978679039,-0.0013476935932618182,-0.00034894005255088867,0.002186056039885015,-0.0004872601536643582,-0.003313615479890038,-0.0024182257492451325,0.0006068010287195005,-0.00031372937134138365,-0.001713570743210285,0.0011408676407026017,0.0005758962874739047,0.0006177545429262169,0.0009600077584550223,-0.00036998371840180717,0.00015040925662855015,-0.0018986676912069978,-0.00031964768619646374,-0.0010644269949646994,0.00020000019610640318,-8.407860706724664e-05,-7.298208348562613e-05,0.0007184809039566008,0.00030386417090673656,0.00041780335595831275,-0.00048663144287488917,0.0017713660216780707,0.0012075950918883523,0.0018598749987123644,0.0005266769326493993,-0.0004213787974817131,3.63929258823833e-05,2.3290374562801684e-06,0.0008161879035041613,-0.000904972106903134,-0.000949025315040832,0.0003778104540234541
doitgen,0.0006039704933166778,-0.0003231097760041902,0.0010345921105266932,-0.00021344372105565579,-0.0005518631865818272,-0.001549109208794749,-0.0008819713325732771,0.000976974962909213,0.001117555968983866,9.798372903948322e-05,0.0014892171140458872,-0.001011053495698006,0.00026857324615668724,-0.0008300522150581374,-0.0008451001365970381,-0.0007458973576670841,-0.0012620090496698942,0.0008430606428780319,-0.001709395642940174,0.00017298251965685804,0.0017050662855206825,0.0002899797777097453,0.0013877763224573916,0.00018613183092116634,-0.0013020070995587636,0.0009013554038521012,-0.001490109449471621,-0.00026397235684699435,0.0012553382103386171,-0.00020674556521150996,-0.0031841968182775683,0.0009235036205770003,-0.0010939754874390714,-0.00015682974652222851,0.0004167936892960878,0.0015230023589752177,0.002973395581220222,0.0013336919672677621,0.0027906485766460024,-0.0003527307588442722,-0.00018896720618666972,0.0014569280131528264,-0.00015330028776695733,-0.000840453225571443,0.0005290478173478999,0.0006610106587793459,-0.0003303989548893536,-0.001814202347304672,7.553872573600315e-05,-5.555759879130432e-06,0.0008827222353669212,-0.0002037376312621157,0.000739100796636194,0.0008256556774380014,0.002069741575670538,0.0010998701447319677,0.0015645453411921421,-0.0006448348628028351,-0.0013367043339873336,-0.0007092337336336426,0.0002696158360991189,-0.001041132351554766,0.0006652066915515153,0.0006830638958490454,0.0010604495079913998,-0.00021041323848561768,0.0018649239632663119,0.00046237621983677586,0.0006225046920864021,-0.0005801921395365806,0.00044834134828039063,0.0009391433973980704,-0.0017732726436781162,-0.00014836675162608598,-0.0006193920536829597,-0.0005644913762807846,0.0009851191459935816,0.0010709892396655906,0.00048154716119718025,0.0020370505277670045,-2.856557587031549e-05,-0.00045697874627555446,0.0015594933373743996,0.0008951544004958123,0.0006104061852537972,0.0005663459785008693,0.0017463977051460568,-0.00012707642471308217,0.0009296354083370021,0.0013074274962384474,4.6157925252747885e-05,-0.0005919128897777922,-0.0013046072682995787,-0.0002616398166591192,0.002240410858683069,-0.000494224548139541,-0.0033472625278484296,-0.0024210238514248937,0.0006440174149568466,-0.0003100878414389787,-0.0018057300510597141,0.00115061758825665,0.0006059298004188082,0.0006697954171720673,0.000981664117288721,-0.00037049844532328495,0.00019472919966039413,-0.0019515531063970068,-0.00032883256191031676,-0.0011511898928267114,0.00018322728283237666,-0.00013553022461778978,-6.181443870231947e-05,0.0007034637199146399,0.0003653330906458637,0.00040189658209462375,-0.0004168541482238866,0.0017626708003637545,0.0011976907844655216,0.0017605406927246163,0.0004586746908898931,-0.000383732676067773,5.015086807201014e-05,-1.0635045327944681e-05,0.000764550280644685,-0.000977488433230011,-0.0008834461298059015,0.0003444287893430823
mvt,0.0006273489865741474,-0.0003011285717708661,0.0009407267515438006,-0.00018121414263184895,-0.0004797488629050991,-0.0014429293788613424,-0.0008118870900943875,0.0009206510217422072,0.0010988101370030029,0.00019475180477670888,0.0014647852972570143,-0.001057096988113378,0.0002652633154545637,-0.0008225757594439475,-0.0008372309564626502,-0.0007129751217743272,-0.0012260474956265705,0.0008153744137791149,-0.0017567371798898367,0.00016599305330173056,0.0016720029692377841,0.0003474016591687413,0.0014006436574752169,0.00021466036859612146,-0.001317804317616666,0.0008530480083530111,-0.0015069319462568005,-0.00028128919075243175,0.00124925233916763,-0.0002012929112157401,-0.0032110454904956415,0.0009476368941785255,-0.001089387943091638,-0.0001630643823505927,0.00033877475652843714,0.0014973786995088792,0.003017841838300228,0.0013487569316673804,0.0028390804201241255,-0.00034260178697021566,-0.0001370965362773003,0.0013886461811660625,-0.00013077513379839193,-0.00090032653636573,0.0004525919965303996,0.0006959162316942478,-0.0003514585619354073,-0.0018407118828583729,3.702510901562431e-05,-1.4299054301398642e-07,0.000909658452763003,-0.00020081672974971726,0.0007833798847380368,0.0007635824628831709,0.0020656970411758215,0.001093257379526382,0.0016147310653810993,-0.0006974228616694317,-0.001324671620643451,-0.0007078466074102942,0.00028055801093989215,-0.0010260663402732462,0.000652928658596733,0.0007554668066886199,0.0010490908924325863,-0.00027981690586517183,0.0018918217163124663,0.0004626889815827941,0.0005494708345983835,-0.0005847058354822151,0.00045376374777440694,0.0010822408443987917,-0.0017414020535130369,-7.260282633497434e-05,-0.000645465859954985,-0.0005796034700538524,0.0009822404039475847,0.0011424344426332561,0.00042308667359654517,0.0020789470804362174,2.1958091511966332e-05,-0.00041099468430997254,0.0014488226713236893,0.0008366255753892748,0.0006215219396193896,0.0006057295181295451,0.0017923428642782656,-0.0001004939155844862,0.0009465347770053675,0.0013630361320204375,6.583601455478107e-05,-0.0006465979523080237,-0.001325000318020637,-0.0003429878013455035,0.0022351580692509957,-0.0005225119805211708,-0.0033645776634597603,-0.002462474605315091,0.000594782125999165,-0.0003078238283599015,-0.0016760998747914152,0.0011269258615999099,0.0005982114200699417,0.0006630227161461816,0.001002691513242419,-0.00042213643610011786,0.00020170825369217817,-0.0018826738121467369,-0.0002481867456534768,-0.0011126613603932235,0.00018637653984649873,-9.803448611979976e-05,-2.063825719661134e-05,0.0006925282541487832,0.00033480316907277,0.0004228184835108764,-0.0004655305306454573,0.0018414741875055957,0.0011990983826656114,0.0018084356253144935,0.0005195780908894341,-0.00036948919638662655,3.3713885761030455e-05,4.868616409058792e-05,0.0008190909333386705,-0.0009360830094117452,-0.0009144962395486586,0.00038109526811989355
cholesky,0.0006331434807280959,-4.064348468091339e-05,0.0011311125902769466,0.00022876282794944322,-0.000794379428649942,-0.0015983776781164731,-0.0004897790365955896,0.0009485945661759211,0.0007900091101570675,0.00020742367228700055,0.0014877456940464778,-0.001091087951661191,4.5325099361232584e-05,-0.0005526464843165337,-0.0003900539959431626,-0.0009879357288203512,-0.0011480269960076031,0.0006770168903232035,-0.0018540618475526571,0.00011871253243750996,0.0013106169951950302,0.000694850561558269,0.001043735679154957,0.00033505076554421167,-0.0012493323275622162,0.0010027546878619534,-0.001291975505106772,0.00018059726021925194,0.0012063731588164552,-0.00039316038601100445,-0.002992767253696608,0.0010018185699765228,-0.0012054726927696417,-0.0004903082855081367,8.661750729920136e-05,0.0010933142782758093,0.003061845544531631,0.0014575884819755123,0.002992298156540427,-8.412065411296983e-05,-0.00044235305783028406,0.0014571365455695842,0.00023473785606458678,-0.0007818629771160582,0.0006344400575876029,0.000867514307578353,-0.0007341237691839018,-0.0012833893286167746,0.0003115117562831276,0.00041567389052943327,0.00045071463521000824,6.731801194190566e-05,0.0009990987891796976,0.0006864342317890583,0.0016376041813701806,0.001227230990480166,0.0011711987188189393,-0.0008332823247959217,-0.001079705510619533,-0.00033256014123455517,0.0006011508173994824,-0.0011420395312597975,0.00020364392548799515,0.0010606136897371875,0.0012762526069612552,-0.00040847274067346007,0.0013297018819381872,0.00019658569605477774,0.00037905249822263915,-0.0006680171807400055,0.00041893638707632717,0.0009630407298067843,-0.0017483364877585296,-0.0003272876498764769,-0.00019636793998264088,-0.0007520618237322196,0.0006175603387722125,0.0014382736540533693,0.0004896374626292123,0.002321065332378364,-0.00024401148367461347,-0.0006903752449337238,0.001397346224785502,0.000702382750912673,0.00017715901776682585,0.0004339281812361959,0.0018260533526901985,0.00017362840299028903,0.0011871567219511941,0.0014149929370938076,-0.00014825488324277103,-0.0007123544184853219,-0.0014447458136904363,-7.58729988269301e-05,0.0017912246451790754,-0.0004005583932666923,-0.003143775884786414,-0.002507771808369499,0.00026240987547983724,-3.886856777373598e-06,-0.0019987338099680427,0.0010022094453840207,0.0006316604235002564,0.0009426791317916164,0.0005927745773482861,-0.00021568514704186883,0.0005674566879558066,-0.002062575379871608,-0.00046105568334395584,-0.0008035237519329207,0.00040578118852055114,-4.377183763103353e-05,0.0003075585926934663,0.0006989787691256626,0.00037930994423934154,0.00031696878270142607,-0.0007601766879411621,0.0018190151345657392,0.0012074537614050012,0.0012968342861212376,0.0004395696871344828,-0.00036671344706620503,3.653093966072952e-05,0.00038894756774728495,0.0006501724363058909,-0.0011536734139857192,-0.0005080332306938039,2.205989747178844e-05
durbin,0.0006056550280643731,-1.775962219754648e-05,0.0011228075939773892,0.0002505997682520602,-0.0007889476983109489,-0.0015979775505709564,-0.00048252053481216234,0.0009423670546513879,0.0007626919800208674,0.00021840530745167699,0.0014944146759161311,-0.00108004658735202,4.852262726570997e-05,-0.0005764135502330544,-0.00036660322115898854,-0.000992908289643108,-0.001124009537306847,0.0006734220773473175,-0.0018772661116802031,0.00016635841004446976,0.0012808341812665781,0.0006994252083435034,0.0010182124955867443,0.00032723775151074125,-0.001268818306723713,0.0009920199194716082,-0.0013319890131242573,0.0001638886371640385,0.001179234257304213,-0.0004186130180541012,-0.003011453017178509,0.0010113952403116855,-0.0012226891671566085,-0.0005123395969551186,0.00012601981224078272,0.001117639227433958,0.0030688284378912714,0.0014523222796722418,0.002986805587069183,-5.04678658520182e-05,-0.0004340482393874683,0.0014568667279996185,0.0002590705140998277,-0.0007629928424850934,0.0006301805719886033,0.0009015910941848739,-0.0007442454209214904,-0.0012793697759560826,0.0003206096832097198,0.00043701551112462766,0.0004722557746895796,0.00011612908080375443,0.0010500919953402546,0.000656032944486166,0.0016399549656651085,0.001252934563833858,0.0011583513534990037,-0.0008047639534601735,-0.001050040232257743,-0.00031369589527861937,0.0005938363255053344,-0.0011516498109105872,0.00020480943688501915,0.001102945804531272,0.0012711353354259497,-0.00041362919970803585,0.0013665982569364132,0.00020818116172449663,0.00036172214701461297,-0.0006725278896434853,0.0004158190664990495,0.0009466755921797206,-0.0017433218250112582,-0.00034817601085200696,-0.00017201477344820483,-0.0007563042438252725,0.0006193027139589605,0.0014127129579719622,0.0004969835928123859,0.0023366283437806284,-0.00020416464601819625,-0.0007036730599389153,0.0014091123138971146,0.0007451674432053955,0.00017541709368944995,0.0004402276891697612,0.0018349935223037999,0.0002227045721762503,0.0011966697884417954,0.0013876341690775007,-0.00014110058934117356,-0.0007192947204101882,-0.0014443001758384828,-5.942724318528134e-05,0.0017827025973626103,-0.00038080990432515845,-0.0031592233248779345,-0.00251011276527101,0.0002707624937304192,-4.962513695419249e-05,-0.0020017799171101716,0.0009783260045676595,0.0006686717873283973,0.0009792739001568407,0.0006159774784464389,-0.00021365022015136978,0.0006226848151224355,-0.0020745133305253047,-0.0004447520469612856,-0.0008276150005662607,0.00041843647745230957,-5.671625129050679e-06,0.0003271839539391092,0.0006684364901351122,0.0003756026239393072,0.000280973637321343,-0.0007626404735169166,0.0018077765740195496,0.001196334154681406,0.0013182836038241577,0.00045081545775044814,-0.00034089741085255,6.036392526059192e-05,0.00037905107718769513,0.0006531916094698115,-0.0011382667451269096,-0.0004618955750225319,1.728865997089694e-05
gramschmidt,0.0005765286653460113,-0.00028357764034915497,0.0009688993210575598,-0.00016801825703998262,-0.0004652571754858774,-0.0014749367170118015,-0.000846000128042172,0.000972397211144733,0.0011661846998750286,0.0001915962339433677,0.0015063159311573733,-0.0010579997564063354,0.0002684376120348187,-0.0008610932615256923,-0.0009240924478303093,-0.0007103687248137943,-0.0011975056122002356,0.0008364362447002135,-0.001710676889428321,0.00023746261071852024,0.001677676268360194,0.00030784446383169033,0.0014083829270983936,0.00016689838037778186,-0.0013563111659844734,0.0008816594927338883,-0.0015302564407808378,-0.0002758308264139273,0.0012202544261098785,-0.00019545213538495933,-0.0031556468491223365,0.0009604835144915234,-0.0011689968557809206,-0.00013021023765117314,0.0003943108724128893,0.001525547358837417,0.002993448349811575,0.0013411454445518116,0.0028546544002464916,-0.00037313634461230217,-0.00020759526010164444,0.0014390173104509491,-0.00015380890117204914,-0.000939824981341029,0.0005327343759584919,0.0006598770680070362,-0.0003347554995664669,-0.0017694840892491972,-1.434234539320802e-05,4.687849415110095e-05,0.0008584335369318176,-0.00020606915281592484,0.0007826064692755394,0.000810235266245025,0.0020882474063375197,0.0010447831394712387,0.0015998497153358424,-0.0006407796240904752,-0.0013184324362715844,-0.0007207331364043057,0.00023587709395488834,-0.001040518467026927,0.0006731712560662452,0.0006794861358631512,0.0010880155297105804,-0.0002316703338532106,0.0018660772368414601,0.0004849686931051752,0.0005743502646082026,-0.0005409312229055692,0.00041055658948607743,0.0010098811480394728,-0.0017204668527162593,-9.608671611846042e-05,-0.0006448242347687483,-0.0006188602676368592,0.0010214479955132393,0.001144501316904258,0.0004085755105787779,0.0020888332989724245,-5.1580965352032386e-05,-0.0004345867737891454,0.001450679738755913,0.0008612047120764413,0.0006287119151024587,0.0005537023089880891,0.0018334062838488642,-9.184506865601768e-05,0.0009546310819346485,0.0013626039812259156,0.00010238777202389697,-0.0007068218388560447,-0.0013669005052446771,-0.00035677061019027056,0.0022482587408055275,-0.0005530790803116842,-0.0033519269473960295,-0.0024455283282269888,0.0006185036926420734,-0.000283524659821791,-0.0017922870123156292,0.0010899077717433957,0.0005374454365878859,0.0006718160139451571,0.0010185542958103778,-0.00039895342299988605,0.00014001067714108264,-0.0019054799563224044,-0.0003165378631606205,-0.001152802372149274,0.00014957297988824875,-0.0001400488819105222,-3.059137345510809e-05,0.000675739455533296,0.0003346603754086091,0.00041232400176608385,-0.0004128944856347516,0.0018195954548633274,0.001190169036443181,0.0017679415280273294,0.00047531197346603116,-0.0003813010150813224,5.9282566379646165e-05,-8.900102222790284e-07,0.000807685966933872,-0.0009379118906936663,-0.0008505483445547082,0.0003876961743705632
lu,0.0006516520107753524,-4.908247178213464e-05,0.001169219665623839,0.00025410300845073327,-0.0008263106930017886,-0.0016319953202683893,-0.0005359927179395325,0.0009435531359890269,0.0007700811159641793,0.0001631281500320054,0.001498359113207294,-0.0011209652859381298,8.746643369603489e-05,-0.0005935782165680495,-0.0003676851540351183,-0.0010230554908048362,-0.0011871696963983898,0.0006588398359276147,-0.0019068611436523497,0.00010079455225624972,0.0013142601649936598,0.0007166083701627536,0.001028177335481612,0.00034111102650058456,-0.0012682699992486353,0.0010251147420300792,-0.0013305298052728176,0.0001628703175811097,0.001191132912127715,-0.00038283058933706745,-0.003046323970516419,0.0010187423047480276,-0.0012162770565030063,-0.0004900312227012668,0.00014294659356690117,0.0010902353678829968,0.0030880339020061204,0.001457302048543675,0.0029839011969872648,-3.273895385468172e-05,-0.00042479839046589204,0.0014344377397921765,0.00027266179394145083,-0.0007039368243163659,0.0005913995461620895,0.0008684286731295288,-0.0007260426969474389,-0.0013166521708222313,0.00034380706428136263,0.0003762423932332442,0.0005031543235721377,5.152551360273113e-05,0.0009965941005955553,0.0006926632841997263,0.001631997202316092,0.0012500981320044957,0.001186656662159496,-0.0008407962417954372,-0.001133219119866327,-0.0003113919002417889,0.000615126900407227,-0.0011851396549092089,0.00023356969662321111,0.001058330966366662,0.0012801447462859666,-0.00043600840096284327,0.0013629589417784398,0.00018905039824959304,0.0004120130227723469,-0.000714626615970499,0.000425558365855573,0.0009273448520414402,-0.0018240129243673033,-0.00035177408911598224,-0.0001840987938016446,-0.0007686824279112949,0.0006341596049929245,0.0013663452664331999,0.0005208009808686458,0.002308510489658349,-0.0002306847991854334,-0.0006998064042515276,0.0014720608230871018,0.0007401661973239647,0.0001631154203399395,0.0004951490296257867,0.0017824296535561895,0.00024146369509657638,0.0011739917385966692,0.0014135061485123718,-0.0001519790029204968,-0.0006447440407808042,-0.0014278186798845935,-3.37835808750242e-06,0.0018117577290265923,-0.0003866242838436544,-0.0031829966076960168,-0.0025097279091520854,0.00026686857907204993,-3.9406446174123426e-05,-0.001996811249733178,0.0009765341593366531,0.0006923173172658102,0.0009664160930292888,0.0005800858117355448,-0.0002503329790973415,0.0006197756576714002,-0.002093750964074085,-0.000444372199934959,-0.0008171087522189029,0.00043202267422909953,-4.8237855985967646e-05,0.00035008735560242913,0.0007162978957542995,0.0003931226739142504,0.00032642323640175164,-0.0007992659294460383,0.0018163389726800637,0.001202770188683644,0.0012943111149878758,0.00044529825006773334,-0.0003765877696019339,5.622110602922071e-05,0.0003913804879024004,0.0006546423513403473,-0.0011754631284727817,-0.0005180490035046306,3.6375922112104796e-05
ludcmp,0.0006358803459281464,-2.0189568911316907e-05,0.0011426023912564334,0.00020475721491190294,-0.0007774206137077676,-0.0015532893594354391,-0.0005090449703857303,0.0009113398522862957,0.0007789917645924208,0.000185564904111541,0.0014574128484431033,-0.0011058639663840747,3.887190703406102e-05,-0.0005531183431028492,-0.00037564293911095266,-0.000999059849871426,-0.0011657086506602354,0.0006503047269587922,-0.001857275259681046,0.00012093299301341176,0.001281921463184214,0.0006791772126841048,0.0010427773118458895,0.00032183554766460374,-0.0012800846856811808,0.001021925234656212,-0.001291543436107329,0.00016987260864374952,0.0011842840273554127,-0.0003846551472735074,-0.0029929138690931723,0.0010101680743698832,-0.001241884019691497,-0.0004799823382199975,0.00011896825647757699,0.0010824317707576686,0.003043012611063508,0.0014945955481380224,0.002965029103911042,-7.555306850311656e-05,-0.0004164792254515406,0.0014368916001533056,0.0002392957992722384,-0.0007474681931651301,0.0006330569683478239,0.0008782332345920926,-0.0006967884865945154,-0.0013187863482421057,0.0002956040342622954,0.0003909112626085213,0.0004639663222608053,6.705239259948333e-05,0.0010032705516399194,0.0006877803793435709,0.0016398938702574621,0.001234059586648881,0.001173350400575954,-0.0008045275204090609,-0.0010819589539702672,-0.0003522806542201175,0.0005940073889279221,-0.0011536106685525738,0.0002405759167029626,0.0010809166617238792,0.0012644213145702249,-0.0003978398340728341,0.0013362417561842853,0.00017747556396190904,0.00036332143160204094,-0.0006932475694662167,0.0004081165983128206,0.0009447281089604883,-0.0017435194272871336,-0.00031840412925198,-0.0001997097375957916,-0.0007205531728686765,0.000628581021576085,0.0014115311207408216,0.0004744823834496654,0.002291902511691054,-0.00020608871338683658,-0.0006663244556774669,0.0014022357524178612,0.0006783777967535167,0.00017123163221792007,0.0004252564265496201,0.0018040427142598976,0.00019948611023007997,0.0011691474816757363,0.0013822236732165846,-0.00016701634417081045,-0.0007035125979907914,-0.001437415800561818,-8.144347440166812e-05,0.001770628535369825,-0.00039336096233455464,-0.003143132418497569,-0.002473492537521654,0.0002593319869548496,-3.776900969872562e-05,-0.001968814874999225,0.0009767905899530484,0.000658079344753383,0.0009706116009814044,0.0006030056166410861,-0.00021859395039630018,0.0005737930833775965,-0.0020771994022652507,-0.00044318050479180075,-0.0008075200651849931,0.000391926487079925,-2.5942067926128704e-05,0.00032419542549178004,0.0006702409130715145,0.00037194857011652656,0.0003379797886332704,-0.0007714594345695028,0.0018009174867377926,0.0012176071274249505,0.0013189520945565568,0.00047066098826083663,-0.0003398549609604136,4.4291454388359045e-05,0.0004141348116617236,0.0006566269419434118,-0.0011596708564967331,-0.0005021930879188909,2.7943240840815837e-05
trisolv,0.0006692558745271526,-7.490097616230034e-05,0.001121223750588898,0.00022396770267126462,-0.0007766332532305063,-0.0016366779260958235,-0.000555114814132038,0.0009853058889146065,0.0007953276993551602,0.00020811705811259648,0.0014486309769886753,-0.0011310458729793835,4.22564335167408e-05,-0.0006046913024167427,-0.00041261495021495246,-0.0010118729599829142,-0.001120555375059161,0.0006832562066847458,-0.0018710592865116065,0.0001698172806451718,0.0013643140700878575,0.0006537976441904902,0.0010706356988521293,0.0003341886043320604,-0.0012528861099983463,0.0009952807490157688,-0.0013471263551360203,0.00013530859400311278,0.0012622278267776386,-0.00044386340434559516,-0.0030229699590967763,0.001051684697207141,-0.001222896573987479,-0.0004668729367646544,0.00012364119821642007,0.0011405817672817244,0.003104033307560409,0.0014742030503435268,0.0029955607218046985,-1.3894899489565028e-05,-0.000409234939272412,0.001435833207021157,0.0002682190816914145,-0.0007623636823457977,0.0006220962990887023,0.0008795836175623764,-0.0007255587180326176,-0.0013066853053816077,0.00029232241892411065,0.00041942553919701214,0.00041421004021281586,7.06490746880364e-05,0.001044558846236517,0.0007251647734341936,0.0016437695044765456,0.0012601045754207815,0.0011545343246931832,-0.0008242626079461641,-0.0010830342254671956,-0.0003476030801215933,0.0006365278426932895,-0.0011475824503577314,0.00026010756846517324,0.0010930266055058585,0.0012841844646674064,-0.00041425003938557993,0.0013829510393621705,0.00019094826630963426,0.0003794441290665418,-0.0006858290127840721,0.00041014572949886013,0.0009200188795956718,-0.0017644658430274124,-0.00032953189227353304,-0.00019542976830659123,-0.0007925333080088927,0.0005597749647373954,0.0014000621276863967,0.0004998005056727885,0.002349699588699473,-0.0002546845985812575,-0.0007242262118880819,0.001419139845893369,0.0007032027238488405,0.00022712614554620814,0.00047997945673867233,0.0018159578515527148,0.00023289372458950512,0.0012060911827170963,0.0014177532995947534,-0.00013600062164995406,-0.0007222589370535894,-0.0014345008571076,-3.778420553620284e-05,0.0017760343164102072,-0.0003759862508256144,-0.0031508425890933722,-0.0025105856992821726,0.00025576528342854645,-4.377092813633175e-06,-0.0019979821485725958,0.00102849374525249,0.0006168783228430483,0.0009277595737431613,0.0006217038430299403,-0.00023314319777354185,0.0005685562080341495,-0.002104376104802618,-0.00045357080388283875,-0.0008234272681875154,0.00034709282853226695,-3.739582219471534e-05,0.0003479849482472572,0.0006560840281761355,0.00038686313200742006,0.0002777391734222571,-0.0007360348115778632,0.0018243268778961566,0.0012152796552982181,0.00130447913478646,0.0004243064399310646,-0.00038886467256007664,-1.2621880968153062e-05,0.00038759918586745497,0.0006483378421964719,-0.001130364489250092,-0.0004531196706617872,5.751726874020985e-05
deriche,0.0006388234339990757,-1.4313937248920814e-05,0.0011130311775357565,0.00022812770718398193,-0.0007964477505690107,-0.001621494111734339,-0.0005143187008798122,0.0009742323632559015,0.0007737367284587688,0.00022615330655955605,0.0014700954028133613,-0.0010560485097812489,5.163388818295466e-05,-0.0005777208797452557,-0.0003528797306999978,-0.000995657059118255,-0.0011384021907158764,0.000704879309826841,-0.0018863312563755447,0.00017942939302884042,0.0013034936184542151,0.0006648521262427999,0.0010436735893664365,0.00034197414308639255,-0.0012437646740484827,0.0009928043097412835,-0.0013325280354668696,0.00015528744875660373,0.0012291054364242074,-0.0004127794656799071,-0.0030285337399820695,0.0010363950261509875,-0.0011804401033764912,-0.0005241778174725672,0.00010803706633547942,0.0011073666585919757,0.003063890263244199,0.0014586294419132173,0.002966834814287722,-2.8439396474924353e-05,-0.00044089190325596265,0.001471083101124451,0.0002463554568142475,-0.0007691714822107719,0.0006126841468964509,0.0008989900557531251,-0.0007695560230381994,-0.0012799752940837708,0.0003230539376899186,0.00044768632788974274,0.0004684168452513404,0.00011124419365336912,0.001059208799334657,0.0006754852624403106,0.001610960264871311,0.0013057403444286643,0.0011499285853157442,-0.0008068824988893337,-0.0010471109930626375,-0.00031321012971198396,0.0005828437456835269,-0.0011157827846343732,0.00019403637270443141,0.0011038886619240253,0.0012676766394482304,-0.0004138582702984826,0.001393774841037359,0.0001880943034646205,0.0003730201537513898,-0.0006777730725136482,0.0003944638879652808,0.0009561338386750625,-0.0017248665943851746,-0.0003565450624591904,-0.00018328093938180245,-0.0007530569354356783,0.0005908599705435336,0.001435161931011761,0.0004926861309084214,0.002336291279385073,-0.00021869071840935957,-0.0007210520408180957,0.001416837935216285,0.0007203436503510198,0.00019113743635696464,0.00043579470689615444,0.001822692477920403,0.0002191738231987175,0.0011911655074072769,0.0013929627020843327,-0.0001605701691005379,-0.0007149035591282882,-0.0014326046997060378,-5.4196815148720314e-05,0.0017533981865401277,-0.0003821311452662081,-0.003128832574778547,-0.00250753359513409,0.0003109810932073742,-6.787040426085393e-05,-0.0020112493463481465,0.0009932630863558087,0.0006671087176073343,0.0009475068881228152,0.0006007825690580325,-0.0002231129894628086,0.0006291785684879869,-0.0020791225777227534,-0.00046132564966683276,-0.0008165218589258277,0.0004196473463606607,-6.268641704486476e-06,0.0003103367246997853,0.0006821881931197519,0.00037840244800059334,0.00024887646820085746,-0.0007670791229530652,0.001792214063849921,0.0012194887773754697,0.0013487149990396574,0.000435685206664655,-0.00038900561867194483,5.332323386634622e-05,0.0003605030848727135,0.000636772446442693,-0.0011380904341220027,-0.0004801902751852241,-1.1242489563301206e-05
floyd-warshall,0.0006451261570499115,-0.0002637631704976015,0.0010222868415225735,-0.00018649789511554818,-0.0004975039491375141,-0.001434750950840466,-0.0008641142767908819,0.0009264784029630177,0.0012003836660262417,0.00012007465942160172,0.0014315726447795682,-0.0010774911977076793,0.00033267329940024545,-0.0008456437516382293,-0.0008746972928159213,-0.0007097673232612364,-0.0012826813155483892,0.0007881262486882727,-0.0017203347182230039,0.00016013545203296577,0.001639330787036349,0.00032366732108023236,0.0013912339414031629,0.0001556634536909234,-0.0013540622096436838,0.0009081393860362689,-0.0014678056879133424,-0.00027007201124968776,0.001248024499920361,-0.0001355663955430774,-0.003144425865577753,0.0009842360482520342,-0.001156069228754324,-0.00014322808644518612,0.00038997968658804893,0.0014801636228666587,0.002964648262337398,0.0013981903081431107,0.0027925093814059544,-0.0003782104467973113,-0.00018774729687720537,0.0013949262553497271,-0.00013885436654912636,-0.0008675490560777047,0.0005250913078163969,0.0006492106271359851,-0.00031011686523390165,-0.0018371721037992222,8.241999346543761e-07,6.454234073102912e-06,0.000888455895405701,-0.00021222069592434256,0.0007126172388191609,0.0008021199421765393,0.0020284743513911963,0.0010559293064836633,0.0016252422390286537,-0.0006073720492970417,-0.0013646171710741542,-0.000763897636823137,0.00020378609085181619,-0.0010443040082463995,0.00068900638999527,0.0006668026274864507,0.0010803649133509573,-0.00024101215582477916,0.0018355416623842971,0.0004054977231563124,0.0005969691590186866,-0.0005656291990924408,0.00040752392370075756,0.0010373354850932682,-0.0017632560834767099,-4.1037160853567696e-05,-0.0006278109041672639,-0.0005811863657607533,0.0010382828905301936,0.001132600380354715,0.0004231816137154751,0.0020200391471221603,-2.1699939893818845e-05,-0.00040157951982965805,0.0014897039500818424,0.0007874023337054121,0.0006142214842839167,0.0005799998077290023,0.0017508949112037524,-9.462638306157554e-05,0.0009016033826115102,0.001345613714554073,3.730412572622299e-05,-0.0006188561665647499,-0.0013200873646008618,-0.0003281822458067087,0.0021891844893723506,-0.0005212474934523925,-0.003303020685801611,-0.0024013252319384586,0.0006160337601185721,-0.00030898508018307276,-0.0017318662242306506,0.0010869921328883398,0.0005675956730128211,0.0006750663091866847,0.0009724921255838126,-0.0004224479095736409,0.0001386213835383601,-0.0019053796867785208,-0.0003135739710106624,-0.0010726889372830663,0.00017539404336061766,-0.00012407814125146936,-4.077147219932693e-05,0.0007259174428113244,0.00032908690970062334,0.0004509007284308181,-0.0004549289219807286,0.0017709771123276476,0.0012002556125962122,0.0017960407969760982,0.0005365002023823121,-0.0004032992566113963,7.433107170714614e-05,2.1808931170894273e-05,0.000839580717130208,-0.0009593351655091872,-0.0009115018046406262,0.00037881951977717965
nussinov,0.00023292736678788635,-0.00010451782988016738,0.0007066055933185117,0.0002736652302126841,-0.0007049561245366931,-0.0016220817587485439,-0.000725366322225646,0.0008836368291859367,0.0006696458562816444,0.0003313430229594049,0.0017433883515064065,-0.0008242471805332523,0.00041628053019705574,-0.0009354328090251473,7.412495286093632e-05,-0.0010555295892500955,-0.0007056641977549972,0.0007640891693115822,-0.0016356843805528786,-0.0002551378535204812,0.0008124143044513307,0.0010483301547968662,0.0008403623609123507,0.00045247002210664123,-0.0009385433002439401,0.000919937659330715,-0.0008745476493219796,5.5814191000536084e-05,0.0007601509416034739,-0.0006800721350469088,-0.0029674012177182654,0.0006558675174203113,-0.000840396960388477,-0.00036732954858483647,-0.0002366474609037763,0.001436788395757934,0.0033453837753959783,0.0016661502947834762,0.0031120755807741694,-0.00048458953633120184,-0.00036293057583909675,0.0010122659862788982,0.00011016919750928584,-0.0006813681347442692,0.0006019989450578578,0.0008979176682738686,-0.0006359486463847325,-0.001196654449143496,0.0005553850159661746,0.0007468981237156856,0.0002516384135417052,0.00041494211243269473,0.0012625188039811818,0.0010324139622848872,0.0017658728756941855,0.0010654169700022688,0.0009448406482605558,-0.0007968192527952947,-0.0011023748470746029,9.374801792498482e-05,0.000596382406289003,-0.0009217939874169564,0.0003531404623859807,0.000679582891232138,0.0014533072305647167,-7.301496991299485e-05,0.0012356944866233359,0.00026719245177350546,0.0001091070313888945,-0.0009167189035858763,0.0007584215201955215,0.0008170315570743313,-0.0014250469417004894,-0.00024172884303353434,-0.0002652145428184763,-0.00055565882020777,0.00043916421341954877,0.0012812878904744714,0.0005254080951042278,0.0024441161627979263,-0.00025161185093518153,-0.0006205586546696539,0.0010565783673212679,0.0010826834845111559,-0.000173529513535629,0.0007120704486672031,0.0019287096281339856,-7.30199390091002e-05,0.0009283515037647081,0.0010129382778694363,-0.00036765593655505464,-0.0003778974400790359,-0.000993724520269193,3.621451814021719e-05,0.0017715565259813478,8.38014560653583e-05,-0.003232529797395201,-0.002420368782048555,0.0004171258524844521,-0.0003228133270903,-0.0022611284542730765,0.0005598011837144824,0.0010184275145691476,0.001142945799265841,0.000426320291712488,-0.0005509263305851308,0.000670083161247404,-0.0018257486272456223,-0.0004851028650974561,-0.0007358002874657119,0.0002693223236986485,0.00021862751179325737,0.00037515618666810423,0.0010388152931179655,-6.597528638514249e-05,3.81236221935404e-05,-0.0010943549790873046,0.001697684077570509,0.0008200662590465264,0.0015581431974791677,0.00022918317240270736,-0.0005855765352623022,0.00025419345123928476,-1.490482938941951e-05,0.000749197232883154,-0.0013944711444262218,-6.546526166953539e-05,0.00040738455075035364
adi,0.0006714438536113852,-7.861165876319219e-05,0.0011614799214940933,0.00019636398549967757,-0.0008123565898535566,-0.0016644769412879315,-0.0005331130167986783,0.0009832662407360557,0.0007890915860318475,0.00021855989244714793,0.0015255494541229887,-0.0011047976343737294,4.313374584954646e-05,-0.0005533051670580688,-0.00036285069119104365,-0.001047512804183902,-0.0011816008296187243,0.0007257684127479377,-0.001886906276922673,0.00012925867405202653,0.0013524268328587317,0.0006766974854852176,0.0010368341601052736,0.0003619614466919706,-0.0012679520650635823,0.0010118100649884178,-0.0013384507199387169,0.000165738221969352,0.0012596729955273783,-0.0003954051321165429,-0.00305575422438172,0.0010377239092728512,-0.0011961743164445376,-0.0004893632819099972,9.62991713701437e-05,0.0010990193663423674,0.0031169900749874716,0.0014925851590103572,0.0030387007759094965,-5.0949834985658526e-05,-0.0004277012243013208,0.0015016629703394654,0.0002536276313346914,-0.000767020353426536,0.0006270235676816406,0.0008653591018325338,-0.0007538656282122247,-0.0013228375108964327,0.0003550331619205988,0.0004207841330854636,0.0004745175222827432,5.52487650161816e-05,0.0010282362345606089,0.0006947446866737058,0.0016588084238012219,0.0013066603957364957,0.0011649085532149507,-0.0008647764787181384,-0.0010948373599401545,-0.0003135396529816919,0.0006563364165938563,-0.0011567013474026073,0.0001909455135723369,0.001103459729670754,0.0013078778768734385,-0.0004381339442463488,0.0013613719327420564,0.0001815314907515939,0.00042106310138478875,-0.000702903466945928,0.00042153966771568067,0.0009621584095940408,-0.0017847134111485098,-0.00036391081691059907,-0.00020306615624576807,-0.0007822531624697149,0.0006099443546392851,0.0014722484952977134,0.0005118411241306199,0.0023998525511059496,-0.0002648632484528611,-0.0007352492384092733,0.0014434608405685544,0.0007117319433341941,0.00019064376424972175,0.0004528384209455301,0.001854710727153967,0.00017871159879076813,0.0012173468829941056,0.0014549806267799188,-0.00017135749739180837,-0.0007036565960637139,-0.0015037140789596986,-5.5364295904938546e-05,0.00181961378257256,-0.0004062191922760879,-0.0032085960006548297,-0.002572372135344065,0.0002622462537450095,-9.053592899969468e-06,-0.002036557461704231,0.0010284423446541445,0.0006472214978809158,0.0009193149647520235,0.0005665406376162233,-0.00019243602744407125,0.000581455501055138,-0.0021294078307821313,-0.0004620957386375974,-0.000804971591504808,0.0004279958633964674,-3.0927398862938084e-05,0.00033563202305231243,0.0007128769345096467,0.0003628121339716017,0.00029353924199110933,-0.0008213972234645755,0.0018426139981278942,0.001241953723365441,0.0013382233963865372,0.0004154324663735072,-0.0003930666072038649,5.364727156928792e-06,0.00040564380517733097,0.0006305700903289511,-0.0011607060668110433,-0.0005265106641066571,1.8183290699703826e-05
fdtd-2d,0.0006391975638347075,-0.0002757957246264114,0.000993994898368221,-0.00021616600433309728,-0.00047504580031861276,-0.0014463000852094196,-0.0008887697819291669,0.000958231305155684,0.0011431395541876554,0.00016488596413503676,0.0014978932445314165,-0.0010815214944373379,0.00026310088715570816,-0.0008279250862816459,-0.0008921026096419048,-0.0007269582454361679,-0.0012524764084339362,0.000788400209892322,-0.0017755734186400386,0.00023443564799997737,0.0016854932345107525,0.00028951473787481734,0.0013883092058890993,0.00015723988358599052,-0.0013736170619856292,0.0008892333768445122,-0.0015808172106249806,-0.0003215168065199738,0.0012153813766096445,-0.00016051694504259264,-0.0031899428405963324,0.0010035746987234555,-0.0011375417371335276,-0.00014034721564659027,0.0004423425878699431,0.001490215048440458,0.0030244866125833463,0.001399085103698513,0.0027923391248537775,-0.00031499315381926647,-0.00017739353215267116,0.0013976045712992987,-0.00010762975708691075,-0.0008862113703370971,0.0004756376538887921,0.0006429556259022587,-0.00032891852178556076,-0.0018139811273773804,8.628333863966605e-06,2.4648827949182733e-05,0.0008881695111460216,-0.00018774578005404156,0.0007718889186542262,0.0007823364867363125,0.002074469021274982,0.0011034956225878833,0.001667369732304531,-0.0006344523280858994,-0.0013243844135585653,-0.0007354449686210821,0.00023159093603573958,-0.0010897682710920514,0.0006644425653469036,0.0006614504887051333,0.0010838926331523586,-0.00022485964548061877,0.0019182027084859916,0.0004453344941687058,0.0005243855822995744,-0.000585207568399389,0.00040380890106248176,0.0010092234006151557,-0.0017311190644892015,-8.771326054770993e-05,-0.0006269143615260391,-0.0006196114511968678,0.0010286721688530902,0.001091786133175072,0.00041664235280169286,0.0020390075823182568,-1.0838120300939087e-05,-0.000451784348115325,0.0014567931287755903,0.0008384951506741345,0.0005955048990846775,0.0006007485071142368,0.0017933995490345884,-2.215449999579612e-05,0.0009319458108888391,0.001385979210574399,5.3221839206183655e-05,-0.0006352445240789914,-0.0013516700076733662,-0.00034220152455792925,0.002203617592492853,-0.0005223586107176208,-0.003370778155787026,-0.002419021970126778,0.0005879101227037609,-0.0003230051289018079,-0.0017552277285550885,0.0010848620646249723,0.0005853804999359828,0.0006712827667155687,0.0010238340353894541,-0.0004251916295342038,0.00018582847106325275,-0.0019337452583439538,-0.00032275615205221316,-0.0011440691390923936,0.00015653800544575513,-0.00010189308908165378,-4.60412325885366e-06,0.0006394793595331173,0.0003574640928384136,0.000434055006788934,-0.00048657911547172046,0.0018278447507113656,0.0011946725563200958,0.001800108379136552,0.0005186033522477373,-0.0004157030232497217,6.133506951086661e-05,8.333299774676561e-06,0.0008118503302445306,-0.0009021711302921176,-0.0008773739066194085,0.0004257380411111038
heat-3d,0.0005800075206720709,-0.00028218317311257124,0.0009576563761049114,-0.00016915923248127322,-0.0005403280888191041,-0.0014509638216729987,-0.0008515595965196981,0.0008973450851900613,0.0011079989832497256,0.00017370950252584675,0.0014957290918306064,-0.0010340464256895596,0.00028104712734656296,-0.0008501429504523164,-0.0008689604675215806,-0.0007123589406118673,-0.0012392804406665485,0.0008208543877117336,-0.0017389883766608203,0.00016827753279358149,0.0016183986333678203,0.0003432194524280289,0.0013847867598729756,0.00023747980359236382,-0.0013162887262296863,0.00089660773964544,-0.0015201878370991087,-0.0003252198691959219,0.0012034169254441034,-0.00019002706497250234,-0.0032073816743350644,0.0009440793855901575,-0.0011130939682890825,-0.00019641433776568565,0.0004153689866036396,0.001511245157898349,0.002986012422137291,0.0013237699578680536,0.002804196713601842,-0.0003649972050505526,-0.00019528189509668772,0.0014123143679599332,-0.0001709174393909052,-0.0008738406742101206,0.0005075524130755666,0.0006491781815009959,-0.0003925564755370621,-0.001802678100134739,3.179082790773143e-05,3.8315563870128244e-05,0.0009336274516125046,-0.0001910188772907371,0.0007853916921543286,0.000757804888588212,0.0020101544454091172,0.0010969105907647377,0.0016034986063673655,-0.0006521294674123911,-0.0013288389065083345,-0.0006640678449698231,0.0002162078008576132,-0.0010155301236355787,0.0006523514748550951,0.000716565635657924,0.0010370504289098522,-0.0002502515442970702,0.001883279845595312,0.0004447489499237717,0.0005976759951890391,-0.0005901782218750347,0.00043204877168618087,0.0010157708051444976,-0.0017466929579420727,-0.00010988907048586578,-0.0006521296908270896,-0.0005712315529201399,0.0010117632028756336,0.001147880355026299,0.000440812690238304,0.002062773290912018,-2.031854359409087e-05,-0.00041507740912921317,0.0015129166081083788,0.0008891310597605565,0.0005754337043446653,0.0005695944556089886,0.0017712332226116868,-7.889525252668296e-05,0.0009305014312250184,0.0013454416681163233,6.336541435516933e-05,-0.0006227242779192131,-0.0013188207444995094,-0.00031870233257958553,0.0022480983718517512,-0.0005284156675984644,-0.0033471173100063905,-0.0024046030730995186,0.0006444557357634254,-0.0003387037363341626,-0.0017325307673993794,0.0010784152956843814,0.0005682598018799635,0.000703339560833924,0.001021110683830236,-0.00041729949503753553,0.00022583646590218823,-0.0018781956391381647,-0.0003085152377881219,-0.0011454219364917233,0.000234764875666074,-0.00013111496809870005,-2.5569524629698956e-05,0.0007176655304005288,0.000314822348574286,0.00038872392478344193,-0.00045908654796863525,0.0017868432024603382,0.0011868354083751054,0.0018430878528092494,0.0005272836171891814,-0.00040353339521543067,6.142481887603507e-05,3.926909865934731e-06,0.0008102702511892215,-0.0009720363407669699,-0.0009376898900989224,0.0003467775831642725
jacobi-1d,0.0006588476404859274,-0.0003025874372243005,0.0009760377750567653,-0.00018006337203961963,-0.0005037508620743585,-0.001469189619563301,-0.000870458802263088,0.0009700733079465435,0.0011493429432020469,0.00013369904584525262,0.001413983934873934,-0.0010579739190528497,0.00028291671975132297,-0.0008343938765499522,-0.0008457735519400825,-0.00072635493330274,-0.0012209400507237982,0.0008369905579670825,-0.0017176101545748465,0.00018970339613802293,0.0016652662229984451,0.0002805830342421199,0.0014020210869870532,0.00019685508585312432,-0.0012991025321432116,0.0008704309404813958,-0.001485565646469374,-0.00030347601996789524,0.0012741669574204612,-0.0001927300780902014,-0.00316136162248714,0.0010014245066058186,-0.0010683839791454375,-0.0001674978957453277,0.00037154275581569355,0.0014923750731053158,0.002978538775898735,0.0013663571341620648,0.0027562507517252337,-0.0003536891377092723,-0.00018955014735076795,0.0014179542682969065,-0.0001561283677480841,-0.000872712822028381,0.0005115040182906395,0.0006329491255147493,-0.00036569330361945667,-0.0018069824231240678,3.004410845117972e-05,6.179339620490176e-05,0.0008610635542187511,-0.00019861367935150424,0.000762987118351328,0.0008114646890830687,0.0020186590777217027,0.0011047976363710512,0.001577368810745504,-0.000636463621905183,-0.0013308031504814554,-0.000711875330821118,0.0002247282981817775,-0.0009857723985880833,0.0006709913620451355,0.0006937589967171388,0.001037486469345715,-0.00023296181632972816,0.0018662338334252127,0.0004129658062832759,0.0005945477408685666,-0.0005548830137259382,0.00042260520850130194,0.0010405697815739961,-0.00171864648719373,-8.603391332893378e-05,-0.0006227379764074131,-0.00056002355824389,0.0009869594120091813,0.0011414643795433221,0.00040996322059072554,0.0020261655856088244,-3.468526601329144e-05,-0.00042423147068107296,0.0015010447233073459,0.000786724010728957,0.000623229936857516,0.0005668847314903841,0.0017622016842805727,-9.886994752485086e-05,0.0009039209622535375,0.0013502467875642812,3.944290117086733e-05,-0.0006336447558543809,-0.0013134795102386681,-0.0003263308231801014,0.0021942147800205823,-0.0004792844971662442,-0.0032901604700943127,-0.0024007832843755536,0.000644539380172158,-0.0003091302149935954,-0.0017188703709775034,0.0011126228320576688,0.0005548876018592101,0.00064021726960645,0.0010110618639052572,-0.0004099289105985971,0.00016332394785850365,-0.0018744437582106056,-0.00031128074710175176,-0.0010923444146208245,0.00017223447246257872,-0.0001103904317407047,-4.480327890418908e-05,0.0007150610996605418,0.00032596243545413017,0.0003814125152797822,-0.00042907380831071776,0.001751926460522501,0.0011989660389885744,0.0018418067244484143,0.0005243619324413457,-0.0004353694915634525,4.749454605831381e-05,-2.3829937323599178e-05,0.0008426101827781702,-0.0009178608272443799,-0.0008948032662053319,0.0003836498311583829
jacobi-2d,0.0006409140560743468,-0.0002647049867150867,0.001038985652164282,-0.0002101186614976648,-0.0005505285465487224,-0.0014556871542214032,-0.0008232309346032493,0.0009409449754885453,0.001116970441002837,0.00012240022325011736,0.0014749322283879498,-0.001042175300159108,0.000292679517502513,-0.0008158991421463297,-0.0008473382915647509,-0.0007492130389437079,-0.0012493307637187706,0.0008383423281723962,-0.0017011092551162139,0.00013070819926831652,0.0016324084422462072,0.00031291598433573893,0.0013948970419519087,0.00015795120570521036,-0.001310510622929809,0.0008803218233344309,-0.0014918481465429068,-0.0002912226610693752,0.0012661722584572785,-0.00014977841911947026,-0.0031944839318063765,0.0010339125243155971,-0.0011078588568660267,-0.0001884799883769387,0.0003899376161451287,0.0014596974908593385,0.0030167768093045146,0.0014315599726293894,0.0027483547224512544,-0.0004181678180911523,-0.00012917033745907247,0.00143716466246748,-0.00016123389736201395,-0.0008553448817966616,0.0005490700170733308,0.0006527785718550577,-0.0003915425597155905,-0.0018772737171007868,4.654662574038786e-05,4.990064532167333e-05,0.0009108360613668885,-0.00020228545626570636,0.0007097928593044772,0.0007887901995084522,0.0020750464481192037,0.0010645497241057456,0.0015982706784544623,-0.0006407983190215685,-0.0013350260785099475,-0.0007511429447571144,0.00023568704337402081,-0.0010431981089127744,0.000668343687293065,0.0006761975091649219,0.0010176100665429497,-0.0002547657606876729,0.0018279058567713946,0.000409256896305391,0.0005933820502832532,-0.0006062445223934072,0.00041537048117093304,0.0010651872572078206,-0.0017463369021350123,-7.853627197191064e-05,-0.0006422334721291383,-0.0005183206487666158,0.001060728555517819,0.0011373273207081023,0.0003994897997472435,0.0020037165925125867,-2.5899010485291536e-05,-0.0003678723600494456,0.0015044998837819388,0.0007893708252060391,0.0006251487682354363,0.0005610710359178483,0.0018016003852929262,-0.00011878426748273127,0.0009243625887286137,0.001384643355028375,-3.070897861000369e-05,-0.0006150636994896238,-0.0013459507146548917,-0.00034352332766181514,0.00220694113693967,-0.0004625948222918155,-0.003299807814662071,-0.0023855831789071948,0.0006457944503327942,-0.00029326802691417365,-0.0017138852272182703,0.0011284124373239191,0.000624824787818772,0.0006528359714566785,0.0010134846328155084,-0.0004079204107470372,0.000165963641313069,-0.0018738225523574168,-0.0003187148420907119,-0.001095310043584665,0.0002190916711697355,-9.033890263013104e-05,-6.05134546811528e-05,0.0007148000669771778,0.00031872538794927737,0.0004591348046875175,-0.00042668948641649503,0.0017798240193823243,0.0011919652837712098,0.001868833794587237,0.0005740479288814479,-0.00040289327700841515,6.582710022271117e-05,-3.52390443902764e-05,0.0008461338819709935,-0.0009554304004482486,-0.000958966015947654,0.000391059709192418
seidel-2d,0.0006145678519661648,-0.00029032623398747733,0.0009749152368920691,-0.00018353201277718386,-0.0004744295215727214,-0.001449625172159251,-0.0008475340300184838,0.0009268260670497137,0.001139932788004551,0.00016598535619456977,0.0014471354267751688,-0.0010458930508534918,0.00030652004951501596,-0.0008518887505702236,-0.000844105535233051,-0.0007266303479863221,-0.0012263180602424067,0.0008320672341677196,-0.0016960920355118373,0.00019023251062368646,0.001631616666974664,0.0003122163128436488,0.0013685366964851068,0.0001843112922335208,-0.0013322318265957566,0.0008708033830557457,-0.0014877153718022302,-0.00028004821369369677,0.0012407174799591303,-0.00016745526398367742,-0.003136720886686817,0.0009683447603546322,-0.0011261663303765304,-0.00013608388732844854,0.0003771003565121004,0.0014770754770485357,0.002945544889799374,0.0013521401869023546,0.0027922417378731016,-0.00035119356642312864,-0.00015393875689957947,0.0014030884468571887,-0.00013481441162773133,-0.0008655155748676727,0.000495719937616206,0.0006590663166100378,-0.00032758074025075664,-0.0018176306039094925,2.166508827084566e-05,1.14508207736756e-05,0.0009039199520724223,-0.000218660180347369,0.0007569083040032317,0.0007843706270625047,0.0020279001790400155,0.0010748334641582059,0.0015637362033457441,-0.0006384704508544767,-0.0013267415584671065,-0.0007131576524390018,0.00025351537881172537,-0.0010142422928337885,0.0006727533250608865,0.0007166038113235332,0.0010575321948100977,-0.00027283173232503673,0.0018403957367220702,0.00043249180410331227,0.0006090921301887754,-0.0005716581020832938,0.0004094451968044536,0.0010227832537887426,-0.0017316549233595759,-7.985974431957242e-05,-0.0006399211210116525,-0.0005826274590457187,0.0010045378893504247,0.0011328440240343778,0.0004143085080774172,0.0020605990087942164,-2.256564622417928e-05,-0.0004104818695743555,0.0014696317463377079,0.0008124648387927343,0.0006317700475954232,0.0005748796632842106,0.0017659119878183393,-9.384307229672285e-05,0.0009231874030721135,0.0013366378330187324,5.4606791202198056e-05,-0.0006410756049102501,-0.001342444569351809,-0.00032399902941987794,0.0021994812140131697,-0.0005269875201680834,-0.0032928902039523512,-0.00241177440073122,0.000620266717091641,-0.00031253863947794717,-0.0017041656400953583,0.0010767905794851044,0.0005736402441364,0.000644399825593128,0.000960711420595865,-0.00039687155239174473,0.00015881405595470876,-0.001883207170655677,-0.0002727472858489765,-0.0010875281381338615,0.00018699667228194063,-0.0001078629181446398,-1.7294557491207824e-05,0.0007029851746183875,0.00030350533437312525,0.0004045317798633786,-0.0004575494702508235,0.0017668542705531068,0.0011893642881392118,0.0017928452100878691,0.000493873270255897,-0.0003795885679531185,4.8161914010586986e-05,2.509285952649353e-05,0.0008040129644488094,-0.0009409322554026457,-0.0008890375371693688,0.00036688709994504116
