correlation,0.00087902240943373,-0.0012830164567227016,0.0002500257203178609,0.002310826822863877,0.0024963208850841308,-0.00042838168912369786,0.0021827561879402403,-0.0012018331010124734,-0.00033131084407875115,0.002600865944908199,0.00011917000661332019,-0.0003745381813654279,-0.0009540797816163634,-0.0017624913323271013,0.0034158848075094284,0.0022959902322369553,-0.0022391419698938398,-0.0019730211572815005,-0.002766497564716842,0.0016229357822530167,0.00024536911588757346,0.0017295539007397404,-0.0020978705904626128,-0.004743289836038147,-0.003257196714517605,0.0023528905402945242,-0.001894890076270762,0.00045698801542419303,-0.00031230702392642074,-0.0011272918907693106,0.0002753012418684933,-0.00018246912761185727,0.0004268173862476752,0.0009427554194034617,-0.0018721441813605176,0.0019740036259463523,0.0005888157051259447,-0.0011094551778220447,-0.0003252111364558949,0.00027975215564504815,0.00013305611992109334,0.0018335343778385004,-0.0022769679254811626,-0.0004456712862272058,0.0007678969637046355,-5.218376851954495e-05,-0.002047513349313612,-0.0018915058297338415,-0.0003715161458242711,0.0006030712378553515,0.0014484389241028281,0.0008614515878829578,0.00011565174476303118,-0.0019407475913533906,-0.001526767316527396,-0.00010329130587043727,0.0016049942846726735,-0.00044607414784955175,-0.0020091603624367883,-0.0005970220125502322,-0.0018814698584557578,-0.00031556297598533354,0.002416063540943631,0.0009087635960246936,0.0015153926635185393,-0.00012176502837804904,3.519595400773191e-05,0.0005065846692580868,-0.00019292954643188829,-0.00339572945089345,-0.0005540034222336939,-0.00288899386088829,-0.003305406456001242,-0.0007712315292767805,0.0017745158318279589,-0.0007125326273189573,-0.002482609241516291,-0.00022989498663877764,-0.0020187664867848945,-2.18470841555386e-05,-0.0018057061668570909,-0.001239255347567549,-0.00023129928359954055,0.0038025720228166715,0.0009711077172557783,0.003492634234903527,0.0019106825546950576,-0.0010146910423877002,0.0032476000306187486,0.0005520369371237915,-0.000960477444109987,-0.00110942602662736,0.0033468721300686614,-0.00024488129365495264,0.0016105607448776557,0.002084271148841387,-0.002579757498357887,-0.0024434774058904587,-0.001848012914822818,-0.0007060880353992968,-0.0024816328895699265,-0.0010192037698852942,-0.0009063815186962092,0.0012007812959932062,0.0009863646999912971,0.000140753196580428,-0.00023497128358543662,0.002374389008933619,0.002404677186560132,-0.0025881507490762594,0.0022486559753378405,-0.0011727042910898708,0.0003162157613693379,0.0019439098713512292,-0.0022459789492653404,0.0003748311825005686,-0.0017018068734586443,-0.0007136375097052082,0.002731759464160662,-6.4318840930693195e-06,-0.0031640819220405134,-0.0017843357337376576,-0.0011293242674695677,0.00015063959146446418,-0.0026419241126126322,-0.002616126663467234,0.0003107559037751118,0.00017365186802762342
covariance,0.0001687489854399852,-0.0018878941227740142,0.0006566143581169724,0.0008768527700556747,0.0007065593182027268,0.00012076645243534283,-0.00017591527306882155,-0.0003479017208454544,-0.0012522310909324525,0.0015683516762475761,0.0010205834219375123,0.00048627099132707893,-0.0005851253188888265,-0.0007621246934539678,0.0015094529550359376,0.0023152600989046084,-0.0005709376743132972,-0.0004989393450203005,-0.0008073954546229548,0.0015681666043725446,-0.00029030374627750247,0.000865792022988812,-0.0010367680114584453,-0.0018381915582549048,-0.002017453736893263,0.00040886766585875495,-0.0005640876704005461,0.0007827163660641375,0.0003572015103123877,3.905851209700424e-05,9.307940709255664e-05,0.00047860413464409897,-0.00021348998315521124,0.0006177311560853534,-0.0006330439917811807,0.0004505683156085503,0.001030336881404721,-0.0014263454214371797,-0.00037225199699399863,-0.0002985128340220572,-0.0009647974147377507,0.001258068464981729,-0.00017531160927406053,0.0005753289064960839,0.0010476099404773517,0.000759902806207503,-0.0009151031115271465,0.0009166367663489101,-0.0010677852381463925,0.0009342548192502623,0.0006665234596831786,0.0006751171821243977,0.0005597136386790052,-0.0002611687251763734,0.0004248112516160334,-0.0006812522966096626,0.0024135154505009787,0.00037523225752184296,-0.0009401848188060415,-0.0006370817704702772,-0.0015463799216463702,0.0008947545359963746,0.0010725146151755673,0.0001310801503461248,0.0019941320184833394,-0.00018049444787764167,0.00025905827714636656,0.0006935485325053984,-0.0002591450505687611,-0.0011509032839826649,-0.0004178806432318673,-0.0007116603381811208,-0.0025594199686392607,-0.0004046570917894531,-0.0001624748316057126,-0.0013014999372206234,-0.0012683859832967365,-0.0004514511723148947,-0.0005674694278111149,0.0015953615327470331,-0.0009090419930002792,-0.0011819404405254577,0.0007111373026765207,0.002555783811701639,0.0010006680162340281,0.0013470422606934292,0.0006583308004554142,-0.0011713116053735056,0.00023471979626438476,0.0002847257815336066,0.0002649313910080222,-0.00040180651709912735,0.0014695719249478618,-0.000674471529886692,0.0012577705883434949,0.0013280050912899675,-0.0007802451002914625,-0.0013993406853928935,-0.0011300060446263246,-0.0006272946974214781,-0.0003499392336206732,-0.0002817128743334338,-0.0011002564407958527,0.001368708309157574,0.0007211952899221311,-0.0006568980270674816,-1.3987660167913418e-06,0.0007234366948599321,0.001502115727427216,-0.0005037178668447138,0.0008204393285279279,-0.000910530230136092,0.00032227093714980236,0.0008656039711110809,-0.0008604338589585885,-0.00020113698498053489,0.00034276405674626444,-0.0005993851344620842,0.0006192826476763003,-0.0001946105526041633,-0.0006978407761293749,-0.0005749841154846806,-0.0009516602987267626,0.0006417227706108298,-0.0013813768774049268,-0.0004669465168024631,0.00021171030970262584,0.0005670489096614585
gemm,0.0002937339374657762,-0.001998775931093001,0.001511512706561063,0.0012770298387665578,0.0006543790896117054,-5.031331714650869e-05,-0.00026753454949357547,-0.0007574038084800841,-0.001551747350742831,0.0014303495948376093,0.0018941406068296164,-4.356415955178953e-05,-0.001995562435111446,-0.0010831372391080943,0.0016190559028338477,0.0021247159261012128,-0.0012936248033243536,-0.00018682414390050437,-0.0007089617571311442,0.0010733497911132872,0.0002027234124263352,0.0015469057711195574,-0.0011963653834058793,-0.00232014191450291,-0.00273274513102355,0.000683380032712564,-0.0010387738827746405,0.0010262354054573757,0.0008225943072627868,-0.0005019289509573916,0.000499143520956458,0.0004505777651951418,-0.0005389081260220314,0.000676990676664799,-0.000970550030256107,0.0006044827276823918,0.0018167467188381305,-0.001296261935833711,-0.0008799085757525546,0.00027023578553062066,-0.0014642153368590192,0.0017863145918443164,-0.0007710623554705734,0.0013372861953771294,0.0024118832646275188,0.0016858300341370106,-0.0018154758707865251,0.0005244284084031357,-0.0016459617611501555,0.0011122296493991644,0.0006097572558145556,0.001560159568074551,0.001264255448912665,0.00016633328642107957,-0.0007592334762721518,-0.000506724857351165,0.002977273583192185,0.00046214714069562577,-0.0014206000554016403,-0.0015046697378384574,-0.0009848711751943976,-0.00010877690581282091,0.0020405767768632943,0.0004810082661303265,0.002719320750106873,-0.0008824727571697656,0.0005819758397266901,0.0007185424317441052,-0.0005933625010118388,-0.002015858996957023,0.00011250455146957258,-0.00125495634026748,-0.0038572496175478545,-0.0009550526936683677,-0.0006978005891411427,-0.0014322363525384445,-0.0013903248343720203,0.0004164168057971516,-0.0005964374514506846,0.0022587988702677344,-0.001581010999062629,-0.001689444395533765,0.0017078237741782092,0.0029142890614169983,0.0014524231174607534,0.0013732463207703897,0.001605776632380712,-0.0018970918187205602,0.0008796227452427204,2.53182286003182e-05,-8.112078919594627e-05,-0.00046466676109430187,0.0014510586204014993,-0.0008731244282741646,0.002357204663928348,0.0017019911686441413,-0.00044213628565737534,-0.0020633227370889934,-0.0014936988381022173,-0.0004794351994343832,-0.0010096133915839694,-0.0007408523122222381,-0.0015594228693154026,0.001540092913812798,0.0006489605171753754,-0.0003581483576936866,0.0006105866236288825,0.0007548339603045513,0.0012913582931677982,-0.0010174790162030452,0.0013407061943090175,-0.0015452144082555156,0.0006634282492737883,0.0008834502552395232,-0.0005573705807982162,0.0001626407737277964,0.0005237598364899132,-0.0006383843959010397,0.0006353189262567249,-0.0002292065615440578,-0.0005762124533641417,-0.0008552141798140332,-0.0005929768474990492,0.00042523058623317655,-0.002101675743581578,-0.0007296808422762735,0.00028757477690462876,0.0007368577667808428
gemver,0.0004592018781276068,-0.0012905908802167687,-0.000718830969054903,0.0012326007892270508,0.0013065383057637827,9.492796681053917e-05,0.0014286783840916696,-0.0007809242325508375,-0.0003936271956163028,0.0014615637470126524,0.0005603085454190554,9.204474007042413e-05,-0.0004215645923160714,-0.0023475153855357905,0.0027898313430449566,0.0019326226986361118,-0.001150008911944327,-0.0013752320434632257,-0.0019586379465921307,0.0016951328020926883,-3.5121495522493576e-06,0.0019395749786935532,-0.001488649481855692,-0.003299810289826059,-0.0017449270064266245,0.001907263664857749,-0.002351024147898543,-0.00023705477598800286,-0.000591708937386333,-0.0011445556451073601,0.0003630528814120857,0.00020207686306463783,1.8896379808242181e-06,0.0004979867809983632,-0.0011479478502671122,0.0015674909024664114,0.0010803911230804091,-0.0016064507199651848,-0.00016327199316068706,-0.00012645571776035574,-0.0014668574669352724,-0.00041782961331892244,-0.0006394440123493318,-0.000752777447751291,0.0017659427338049542,0.00044284684180623165,-0.0021289662180591267,-0.0010007879117172368,-0.0015229983454431069,0.0006930924259442259,0.0008875529871664,0.0011150866956672024,0.0011658171681959838,-0.0010639955734659144,-0.001793905371013645,-0.000901063864456758,0.0028422278303308194,-0.0009076733342411343,-0.0004925289252288028,-0.0009365292589483048,-0.0020539302762607172,9.0364054055838e-06,0.0021960606008548694,0.0002574343686581538,0.0009040894897302447,-0.0010673196448783143,0.0005424139782485712,0.0006150365618627109,-0.00011091490237589115,-0.0014664288895824414,-4.5667283009575934e-05,-0.00045842255702278266,-0.0033736373611337528,-4.7280741224096995e-05,0.00013153953080029046,-0.0004802122567541073,-0.002328785061393519,-0.0004112656941565624,-0.0010616906049100657,0.0001690888407018188,-0.0006361650560285267,-0.0011348316763005795,0.0008065041169891752,0.0024490470229882365,0.0012942619244475251,0.0014460224894287806,0.0010827851349751068,-0.0004704760295696314,0.0016959670404395506,-5.774618270059641e-05,-0.000654107063315539,-0.0008536842622376399,0.002145062933207447,-7.375973528739404e-05,0.0008409199207007833,0.0011711653142672236,-0.0007880128173768506,-0.00121328883071359,-0.0009932556714236358,-0.0011397419615474002,-0.0005221975565507171,0.000172032711184406,-0.00135722497253806,0.0005180250712143434,0.00027077042219481604,0.0006596704699840133,0.00025893225960070424,0.0012982249467375184,0.001106963928038367,-0.0013554889841759438,0.0015889112120229414,-0.0005691542233238332,-0.0001745796084910349,0.0014493437601061996,-0.0008423046957293498,-0.0007844339149522642,-8.744551776012717e-05,-0.0001837335358393799,0.0015680542640793492,-0.0004067896918552263,-0.001860865186730642,-0.001546162137532581,-0.0015227035204033955,0.0009187275978794047,-0.001347470665539238,-0.0011803933475830028,-0.00018881578554270565,-0.0006762831116078413
gesummv,0.0001857642317634938,-0.001961274141681209,0.00018262449342263036,0.001238131517734579,0.0007949397423481271,-9.991129446609913e-05,-0.0003979797326982682,0.0002086699457089877,-0.0011702248462655874,0.001688558755652826,0.0010605246670609123,-0.0005446540003557074,-0.0007901691252025262,-0.0011059243078370643,0.001175858583654951,0.0018535911206442484,-0.0015717775528850495,-0.00044184116202729436,-0.000754884345444098,0.0012749642880175258,0.00047838184865784484,0.000939907786169199,-0.0009222917954101049,-0.0021137319574209383,-0.0024526358545403507,0.00040331442644771394,-0.000727312587768274,0.0008684819068538102,0.00038329832581397103,-0.0004423513996804358,0.00011851802803924561,0.0002042334566118201,7.09341403244464e-05,0.0001475321137467142,-0.0007088995819178181,0.0005145648494870456,0.0014992933583132897,-0.0014217318569768225,-0.0006210762855495654,4.275442294128034e-05,-0.0009159468214885808,0.0008890853426469961,-0.00012282799898880617,0.0003923176827943597,0.0006205762026638695,0.0011748498870664938,-0.00068585779313993,0.0006469462391472662,-0.001268470576957138,0.0009134136815953033,0.0005059524526925173,0.0014312544703633924,0.00045610077817992683,-0.000188880682566547,0.00010322423026251314,-0.00026784306143337404,0.002240984030565816,0.0008600043842053247,-0.0008069169098975139,-0.000742902959711162,-0.001346995679637604,0.0002662649086803783,0.0015838235768294612,0.000782971511514831,0.0017379624664922736,-2.4518810214642652e-05,0.00035170380803275863,0.0012741308813886906,-0.0005237765397179489,-0.0015057751206556933,-0.00028218375954629454,-0.0007094715763445873,-0.0021795911295770945,-0.00031141557934291956,-0.00018595403669805397,-0.001438617853721574,-0.0011362369948370163,0.00012711835148196727,-0.00038486329322040547,0.0014218450690583098,-0.0005913521514907357,-0.0009190631826958304,0.0004995014031401509,0.002305706100165734,0.0014921782307029325,0.0010041067706096814,0.0002953883202830776,-0.0012077493481842264,0.0005241565393822215,0.0002399054631094386,0.00047512722664768537,0.00020641682701966072,0.001760778638569274,-0.00021261547726680874,0.0019712091231012044,0.0012239391545748265,-0.0003596083816075914,-0.0010571471931291663,-0.0005863935933670884,-0.0008122130290948282,-0.0006354921597660503,-0.00017711781985654365,-0.0010953199942293373,0.0011547945066520823,0.0011807852519067701,-0.0008825822261145689,-4.6055018301135425e-06,0.0006824945648563592,0.0011445919122749285,-0.00101084349087741,0.0010060108588044556,-0.0009328626605100337,0.00012060490358677735,0.0011411491540943538,-0.0007115329297892797,9.92696452454385e-05,0.0006388071612787445,-0.001023177696445833,0.0010141355488210752,-0.0004021482050226295,-0.001047816612608691,-0.0004893093488204232,-0.0008748966130613468,7.414794283757274e-05,-0.0017588807539902708,-0.000601917702878445,0.0001469150531277613,0.00021169926921978658
symm,0.0024432308193493655,-0.002350428442361207,-1.2271077113193193e-05,0.0026944400858055773,0.0024827053011773803,0.0006647463953378722,0.0007408937945784823,-0.00020063123943211186,-0.0007569757681745901,0.0018740258694213646,0.0010516749105843257,-0.0005013082114409803,-0.0013561140752562353,-0.000882236205813426,0.0025682220988545975,0.0027618577076621667,-0.0023377943104723443,-0.0008978038541765151,-0.0016583533116235312,0.0014419348466547894,0.0005462702155581388,0.002431484944033648,0.00012411281885147546,-0.0030768952059083837,-0.0029309968696698283,0.002148057386806108,-0.00149788259212195,0.0006136893663144866,-0.00045538111482798423,-0.0009723243923389327,5.865766096310957e-05,-0.0006367626786862113,-0.00013540444935346968,0.0008428385906046369,-0.00019999311648701367,0.0016450645388818737,0.0018926629657615099,-0.00139577671581989,0.00032879498806423767,0.00015187923014292083,-0.0015463808983035982,0.0004718904948498693,-0.00038315293407509434,-0.000489900637797217,0.002366935136666996,0.00013305766448243767,-0.0017996626463029411,0.0004028171411872525,-0.002572227713784106,0.000588610979669079,0.0005253899184392061,0.002016305894079578,0.0008459826109961821,-0.0005689007442985699,-0.002129518815504808,-0.00033154941319084714,0.002385401357107759,2.341672168759424e-05,-0.0008002797187807366,-0.0004058538692873573,-0.0029058665969870254,0.00024341901943178648,0.0019195086456268232,0.0012422697378044534,0.0014640642242190669,-0.00046572345451258417,0.0002796829536393715,-7.508574832068159e-05,0.000794522033131355,-0.002177117796710746,-8.370442427756069e-05,-0.0009856691954481767,-0.003229237093055678,-0.0016660694150297578,0.0010368170728833881,-0.0010833959096398496,-0.0018572505649764638,-0.0009462031055451816,0.0004887015637857411,0.0010251796405548541,-0.00023818218604113983,-0.002026108763887799,0.0008797546908603067,0.0028734978961838524,0.0022728448728047664,0.0015673321246122997,0.002565973730918739,-0.00010480557516987021,0.002493728683571374,0.0006962630819918089,-0.0004974378529603539,0.0013319166126549182,0.003047651831079029,-0.000368002483035821,0.0020848821684260406,0.0024799175878527737,-0.0001749273306426551,-0.0019072303119208552,-0.0009688357071284777,-0.0018366754489352606,-0.0002736158027570501,5.760991413708281e-05,-0.0016034680697384611,0.0015883331363868223,0.0020889955354052646,-0.0007531532590718507,-0.00012257833801570313,0.002289127497999254,0.0022541588757195624,-0.0005950796563567791,0.0006670270586081289,-0.0014928331263893218,-0.00015797539331875607,0.000423864047970449,-0.0020703436124389746,0.0011935840217059208,0.0004441680907955255,-0.0007094173600190346,0.0009624557080584646,-0.00038774457714410663,-0.0021825545047867694,-0.0011906512418614799,-0.001481753402043125,0.0008839090138829188,-0.0015144071684121258,-0.0014090935396845244,-0.00036165079950805057,0.0006019008613893936
syr2k,0.0007440537027088629,-0.0022966164999305956,0.0010785652704560728,0.0017802269771297315,0.0008685514529609216,0.0005015640718242635,-0.0005508755072117889,0.0003659742289879763,-0.0011859803416830966,0.002235865739712815,0.0011737685623219559,-0.0003837264406353246,-0.0023399747575881106,-0.000840450479327873,0.001154084167769621,0.0019646929877953053,-0.0018688918717502515,-0.00046258424744781803,-0.0008697190059685702,0.0014775813141444485,0.0007560873197111174,0.0011379845419490018,-0.0011871523686915514,-0.00273134562913087,-0.002654898701755635,0.0008752446337067257,-0.000599356608724768,0.0014984450957213498,0.00034542094611176503,-0.0003769463680576089,-0.0003198275386570127,0.00046695317844709774,-8.563476091115841e-05,0.0006970249773158602,-0.0005795262667954211,0.0007588352113585147,0.001745177559975921,-0.0020815426279858166,-0.0004356434057461394,0.00017056539544765573,-0.0016409794889113982,0.0009353989847563133,-0.0008403631366553037,0.0010048446544343196,0.00010449913468784706,0.0013200128551447547,-0.0020257873992787527,0.0008668699592352492,-0.0018382934959969464,0.0005574656038747476,0.0003522792859278277,0.0018089803410558407,0.0006202668291734881,-0.0009053756106864471,-0.00032608208424666043,9.517356881422694e-05,0.003274570411514849,0.0015807059831083527,-0.0008420057455292739,-0.0015112488899831078,-0.001121589001017624,-0.00022823685777304738,0.0027437797317588775,0.001208925050233037,0.002621257414892336,0.00011115914160406895,0.00023075500888064033,0.0014161893355538848,-0.0003861601527329516,-0.001699831872718443,-0.0003590288224172995,-0.0009967563988042953,-0.0034756968494052258,-0.0005472422288800193,7.191565792006507e-05,-0.002032410046261,-0.0013077759512353541,-0.0005825019007943411,-0.0005511513031706272,0.0012621921358583097,-0.0005404659551583212,-0.0016029754435542352,0.0007985383263282777,0.003442704045772354,0.0017069126141987826,0.0015107929332936526,0.0008066149293158146,-0.0021949817148238667,8.285563452855885e-05,0.00026117008751084955,0.0004799069279603042,0.0005613039237563167,0.0019612804098456268,-0.0001364491309449146,0.0028891146808870294,0.0018517194595750136,-0.0014945154413458733,-0.0011354227442345953,-0.000944806831532994,-0.0012626541513534241,6.495936848047926e-05,-0.000374150144538858,-0.0010652526807255279,0.0015351686008464392,0.0013423183346917126,-0.0012148616695681499,-0.00014974247237246757,0.0019003443108596746,0.0016416955250985086,-0.0010632495675715538,0.0009877047625237042,-0.0014588823036970925,0.0002225119754939442,0.0007048898830817052,-0.0009672452322526872,0.0009376304339887363,0.0014687633681970428,-0.0005321300544561713,0.0009949071311955943,-0.0005003761518971507,-0.00037752341904706554,-0.0007416458059723977,-0.0008346347857778627,0.00026289334423329984,-0.0023024358721903063,-0.0003004133287214989,-0.0003693343684393436,0.00040408957255005424
syrk,0.0003787866891495166,-0.0019398491146805303,0.0013373947744083933,0.0011266044334155999,0.000551476525187253,6.853445213689863e-05,-0.00139795539704816,-0.00040944320125567576,-0.0007489681135205552,0.0008230567913219349,0.0011604646348833587,0.0003576177550333644,-0.0016666419155184384,-0.000757122345981366,0.0010901374696964518,0.002326144769414087,-0.0008901416801118481,-0.00023939352043574522,-0.0008840320838822259,0.0004207276038464948,-8.035370905822169e-05,0.0012033857698144049,-0.000871525797555882,-0.0020026029636836837,-0.0014985956051734523,0.0006735858458644847,2.4231325293537036e-05,0.0012008183941563605,-0.000364495962205385,-1.7826406292442698e-05,-0.0003404974042698288,0.0005600542784931248,0.0006506195445076122,0.0004562200804988,-0.0007557102688022294,0.0009452880257312143,0.0016586374448353228,-0.00030640709605399426,-6.554268293257337e-05,0.00036777170422889566,-0.0001490687183276249,0.0018338780456461892,0.0005731650298912427,-0.0003022735059706368,0.0012550839493188607,0.0008738978006085239,-0.0012018921735135438,0.0003159994701288977,-0.0004552060659458827,0.000887401923490769,-0.00038122397878876454,0.0009751425398765908,0.0006652426822660749,0.00012358255000637856,-0.0007276326169131961,-0.0007013007548771889,0.002337946102039091,0.000861364133571543,-0.000580849125577111,0.00020029536729756123,-0.0007128507066403876,0.000310180630375751,0.0008771023492499808,0.0010457248532449942,0.0014553489758731707,-0.0008694107228721906,-0.00020220618777481528,0.0006776146179719137,-0.0008449445061936937,-0.0015791320032197593,1.533828266373247e-06,-0.0009565215503105012,-0.0028517669834400294,-0.0014377365684576187,0.0001557765803378667,-0.0018725751303918514,-0.0015810269226979774,0.00027973509041759017,-0.0009477069588178387,0.0007584911274736644,-0.0006640712137671775,-0.0019812343487299383,0.000787784584613544,0.0031930022275143224,0.0004092082845090772,0.002083511517904905,0.0010992552530650654,-0.0004171522606763271,-4.7959934641362954e-05,-0.00024012399164045442,0.00022520465320654794,-0.0006523228787247919,0.0012896145786479944,-0.0004106691035303811,0.0019306154735608692,0.0018120060152695158,-0.0006522007679355587,-0.0013563832985204903,-0.000894478177795261,-0.0016755669023496012,-0.0006128638819341682,-0.00021070475715608458,-0.0005831470194203171,0.001026698043763948,0.0012203050750940747,-0.0004870029643421327,0.00027385669912089524,0.0008731804533113063,0.001164470757683173,-0.0003898882559951744,0.0007028407834026337,-0.0012806454319110748,0.0013443080408453373,0.0003256944570845614,-0.0011409417832813535,-0.00021060113087716873,0.00010869397341492813,-0.0002455182662844082,0.0005616904661312421,1.0680559752371562e-05,-0.00014734609145408386,-0.0008679806821116168,0.00019064245035830632,0.0004413875093026339,-0.0009897593060688653,0.0006915118360161108,0.0003764454337316339,-0.00012130220814141366
trmm,0.0003669964660229802,-0.0018683670619586165,0.0013805362728975977,0.0011057146171915763,0.0004111819379242612,-0.0005669418804477603,-0.0008952853690757457,-0.0004901684265530624,-0.0009595761975466279,0.0006673626454638656,0.0007303021273694091,0.00026876273231081596,-0.0011167184252280392,-0.0008711344833610206,0.0011963832017841778,0.0027282194448509972,-0.0011362690362306692,0.0003820920190984858,-0.0012046815740812222,0.0016780598438247232,0.00026286802508152597,0.0014562266490081538,-0.00045652776319325954,-0.0017714445940822429,-0.001965421420221376,0.0006483171883463233,-0.0003833164476070533,0.001686531365930627,0.0003821659345264178,-0.000852094149652981,9.437203278371301e-05,4.748318722997417e-05,0.0006681370647837433,0.0006194011762365347,-0.0007602354866223884,0.0009194965014652577,0.0013030434832601548,-0.0005601544294802428,-1.3184670646809316e-05,2.4305816965205784e-05,-0.00029983348423113495,0.0012900368260885663,0.00039244397139432996,-0.00017102144764237818,0.0013322028911191245,0.0014506201571461647,-0.00013185153069656698,0.00018502362147180656,-0.0007418946973138001,0.0012753386485652885,0.0002466778946929492,0.0008060841089216703,0.0009740339566340347,0.00011011306125644888,-5.059290160471886e-05,-0.0006908363150083558,0.0025160344233173854,0.00016276700982367683,-0.0007285501697763251,-0.0004987603851559653,-0.0003500530352820283,0.0001329224242731806,0.000451495696373687,0.0009479871406079264,0.0019357622558339508,-0.000844258511785526,0.00033308910758249403,0.000678699274968134,-0.0005763771312378606,-0.0006945684215057042,0.000232399492904965,-0.001268273643608148,-0.0029398604433267883,-0.001046617444603268,0.00046787237492355795,-0.0010308367485862581,-0.0012854941420459452,4.108527091436476e-05,-0.0012030480648297192,0.0012406850917418737,-0.0003570300581038019,-0.0015460301041848225,0.000990478296321973,0.0024097035327440303,0.0011128239286164973,0.0016429060184700636,0.0008640611362254838,-0.0011067722746537394,0.0012390654356450924,0.00021729137114678013,0.00040308685637127623,-0.00102871528404331,0.0017815324260036566,-0.00047841593041328867,0.0015135392317760178,0.0013616419552189404,-0.0006784077055308688,-0.0008761002374996569,-0.0011737919318979123,-0.0017420554737181124,-0.0004907373019381608,-0.00032869900158573654,-0.000893523193352415,0.0007618678837022631,0.0003368077227758281,-0.0005621700550931711,0.00010882515076238462,0.0011306243397985177,0.0015402857329260445,-0.0007906009825531529,0.001051743155109316,-0.0010175987789374167,0.0005171282669383213,0.0004488246661107737,-0.0010326470246643216,-0.00010021853386389323,2.3273287205783033e-05,-0.00021839235446747117,0.0005787200330668316,0.00015471774771037643,-0.0012302880371520733,-0.00039551234067708327,-0.0006378600613628952,0.0006424817671700874,-0.0012474981750046753,-8.20616943573801e-05,0.0002755839532927216,-0.0002339332454783704
2mm,5.267361121661032e-05,-0.00217682867111517,0.00025030107780401944,0.0023065593489858516,0.0028738066945991772,-0.0007702536383231535,0.0010102255141383955,-0.0014807890607489054,-0.0008433935333694256,0.0019234734035343047,0.00182339105631312,-4.272772335193272e-05,-0.0008336912317540387,-0.002266284335291857,0.003207023195920136,0.003205466099188925,-0.0019732859221816257,-0.0011141654188297533,-0.0023975361033570573,0.00217719108361682,0.0015245736499309714,0.0025191518879742383,-0.0014155096764625341,-0.0028831345114737747,-0.0033187479044639845,0.0019388694069955538,-0.0025966277201825085,0.00023028483434910202,-0.0005811158990022355,-0.0018796310102795989,-0.00034853998777879705,-0.0009227584606518436,-0.000369137719207384,0.002071762598514117,-0.0001401955249863162,0.002350387300382933,0.001631678380538058,-0.0016240417162757344,-0.0003732464525595648,-0.0001357773913836214,-0.001063689058543542,0.00088672956704928,-0.00047772678061182186,-0.0007497633953859734,0.0008649302280201272,0.0001652063601183657,-0.0017417432273025323,-0.00047907664462889865,-0.0019772657636237386,-6.28003270566506e-05,0.0004820652080402746,0.0011763059461862633,0.00155730383905323,0.0003561028445609246,-0.001443067721468721,-0.0006221742401766488,0.0024228414922967765,-0.00012453829311617973,-0.0017471384494631191,0.00020653254774480537,-0.0011748091109998664,0.0007275542211398436,0.0017625504370139074,0.0004816274526127437,0.00264832674014752,-0.0005459316675412013,-0.00017478153656086832,0.0007846258471405376,0.0005406425183572047,-0.002514568108538767,5.462201719498038e-05,-0.0013443216275670867,-0.003857305513126728,-0.0013087552179233452,0.0011196716207695528,-0.0013494478357380592,-0.0023991721696942337,-0.0011653096711457833,-0.0008986727431804936,0.0019964355408844245,-0.0007178164086186511,-0.0015255308635809901,0.0007520057898336046,0.0031771709181367233,0.003237421425257463,0.0022777865677968434,0.0031494183084970037,0.00117355315399856,0.0018346678459605615,0.0007849964743644915,-0.00024007729927269302,0.0005620961337801698,0.0025330978548324242,-8.236712586022595e-05,0.0018016959182624794,0.0010109782954434475,-0.0015435085384489446,-0.0019451744597762837,-0.0013766542653701646,-0.0012689026040544166,-0.0007978948216042717,-0.000791389473936131,-0.0014524517407258268,0.002092237485315379,0.0017062683169360054,-0.00039544579896335985,-0.0005352800947443589,0.0026616812093388596,0.0028736571628612114,-0.0021923119934749245,0.001989311096412376,-0.001043675034487443,0.0011068674577227983,0.0010863000103514564,-0.0013304997802029343,0.0006499181627952147,-0.0005846778615075612,-0.00044981207467851794,0.0008826110290031536,-0.001290892348291751,-0.0027403949859971222,-0.0021051645265270755,-0.000959945023457574,-0.0003875488978687477,-0.0023024938133788123,-0.002081332096027976,0.0006628769063074567,0.0002832750267316442
3mm,0.0005457021403514265,-0.0014850681237665074,-0.00040205406473386713,0.0020677883565255444,0.0019852941103620696,-0.000590507572369615,0.003299201753888757,-0.0014133139238919732,0.0006885961771385448,0.0033095413821113543,0.0037626000539372185,-0.0007119888529922394,-0.00034296473110879234,-0.0033427174333047656,0.004162955095865581,0.0026027778566597173,-0.0027075811622280063,-0.0016225796716464358,-0.0032057792604202897,0.0015470637992883109,0.0011110394120227654,0.002418292283533385,-0.0020568674366956458,-0.00406830541680269,-0.003156851250778191,0.0034125082460130956,-0.003247629159347325,-0.0006326519047218164,-0.0008396161363141461,-0.001323225631263779,0.0008915357649453592,5.648279324366555e-05,0.0008927903972092327,0.0016033491540576382,-0.0017197793546629482,0.0031576889661078834,0.001164285390995385,-0.0022814040598031155,-0.000608765242127524,1.3153681635939994e-05,-0.0015495563809470357,0.0005642619819451221,-0.001411321838966391,-0.0009458159133134621,0.002231436182320699,0.0008703945893596368,-0.003425419083395493,-0.0024694158076472685,-0.002256125419635436,0.0018027852606792294,0.0017142962310264026,0.0027251742001650294,-0.00041259163277048837,-0.0013023583294899115,-0.0027656154531649595,-0.001113661220427013,0.004612065961768074,0.000533867517472156,-0.0011461211422363828,-0.0006948389165114287,-0.003293426497124128,8.186362959665946e-05,0.0027629430380745933,0.0005366336306721324,0.0030729918309620094,-0.0012780292465931317,0.00013069718608090563,0.001365115838764769,-8.04491762009694e-05,-0.002779915124076563,-0.0011323214428989173,-0.0009568332447535364,-0.006038926148996047,-0.0006829854027951808,0.0010591257107920437,-0.0020354597798328635,-0.002530747011259321,-0.0005067325372831458,-0.0013813679996605122,0.0014463036203763342,-0.00038343026654590593,-0.0018126341616014048,0.0017446170956445404,0.00582934507884463,0.002551443427580387,0.0035513965697075837,0.0037332699141296548,-0.0016590934688500026,0.0027056842224075068,0.0005648493313131793,-0.0011894638161057797,-0.0008925368367611446,0.004798192829739646,-0.001297185605380946,0.0026106908774066032,0.0028105729645977913,-0.0025103434296798403,-0.0015297909968945008,-0.002768610268981705,-0.0007726628747936417,-0.0016752098981052798,3.846545883264961e-05,-0.002007440194636544,0.0013634367639450968,0.0003568790559171957,9.973177809454574e-05,-0.0009413147758619991,0.0019301313592007057,0.0025409427177337574,-0.003259067259238953,0.0027785994373177455,-0.0016063524610787788,0.000618025880011358,0.0010350549943831215,-0.0030120030744494554,0.00027946920247706074,-0.00053767098303316,-0.0005764640149579263,0.0011217653342347317,-0.0007124229542276194,-0.002495747175860249,-0.0009789057221804781,-0.0017086288019958899,-0.00012682019590456393,-0.001609522333391227,-0.0035692998863172975,-0.0006034477929322254,0.0004734532101145429
atax,0.0005710338693539898,-0.0016970510433899932,0.0006853048682073382,0.0007267033914483606,0.0005537275909963348,0.00022056588628572218,-0.0010545865855635756,-0.00029397777950880284,-0.0006502763614839064,0.0005576643694086224,0.0008253335818022711,-6.300507319786271e-05,-0.0014034972765140416,-0.00021106025830946407,0.001241580197850015,0.0015192758645026915,-0.0011989848906052442,0.0002914857754371591,-0.0006651799678182725,0.00037713079037406084,0.00046006044580307185,0.0010046369674023645,-0.0010518538874748629,-0.0014856341492285007,-0.0012366812754159235,0.00016834907855416847,-0.0003450528026844053,0.0010868699625180532,0.0003777126491232273,-0.0005018146623389983,-3.5689873211529685e-05,0.00011854311640281398,0.00025150551028908915,0.00011135704624380753,-0.0004514874769267944,0.0009459359794720067,0.0009302390082417895,3.4417425458021745e-05,-0.00045477588032194325,0.00039150217223892376,-8.697224162827185e-05,0.001100298295451015,0.0005867529713645872,-0.00013730117045675837,0.001033612645881103,0.0008555904282893476,-0.0009220658356353989,0.00044086264688630503,-0.0005959731651463365,0.0007069011270353343,0.0001764510523296705,0.000529689446201367,0.000455642080210022,0.00013898540895516823,0.0001827046528122331,-7.542529427731182e-05,0.0018696310859707037,-1.4679758279147163e-05,-0.0004079413898684932,0.00017705807253111592,-0.0004558070561628313,1.9961780793460256e-05,0.0010782112951359876,0.000516168035999386,0.0015038073521910199,-0.0006170677745705571,0.00038835057989181613,0.0006755898711875646,-0.0006602755356325623,-0.0013112723109711853,-0.00017101373144234077,-0.0006511677001065259,-0.002264462770398881,-0.0009723248222929495,6.41552823116327e-05,-0.0016102646250343085,-0.0008313677315252646,0.00026954658546823364,-0.0004764638129443143,0.0009788326280888357,-0.00019779270274189624,-0.0012135770782851782,0.00040217171793321163,0.0021090000477637684,0.0010330782113394746,0.0014163624704674116,0.0011616724449261795,-0.00036223036541290274,0.00047513694887306196,0.0001017561718078645,3.3463387873728105e-05,-0.0001874282327354986,0.0013231534846173097,1.1916603476794021e-05,0.0019149315197890954,0.0012117476019758745,-0.00035947547656950445,-0.0007517701117472602,-0.0010942959244151116,-0.0011052017616748344,-0.0002849410559601827,0.00022444378215276883,-0.001100953603788361,0.0005432288512991023,0.0006676032820342966,-0.00019052895247683317,0.00020740003423034984,0.000743515641869694,0.0007139103804449483,-0.0002724920225989454,0.0010741100103057093,-0.0009012666669412074,0.0006960576269612312,0.0001614290989721621,-0.0009942765181411809,0.00011043073613658922,0.00029082492476996294,5.255013475238125e-05,0.00018118301028257619,-0.0002390452964849462,3.469174779305007e-05,-0.000531448573527335,-0.0005529693741579172,0.0005018784486179462,-0.0006435235144433116,0.0004817720835738675,0.00011221869352856557,0.00015165330276811133
bicg,0.0005270424606737145,-0.0018075726104364025,0.0012967569137772167,0.001151005999021105,0.0009459615760671582,0.00011886803704052881,-0.00031482471635117137,-0.0001472371685491508,-0.0008346576762657302,0.0013007242034125904,0.001673443566257695,-0.0001831747606543517,-0.00088191274035401,-0.0012420627621891485,0.0014312614045731166,0.0021759091029349346,-0.0008858927154506091,-0.00029047631652440143,-0.0009130069385057802,0.000969387335741582,-0.0001567713016728786,0.0007673584804058809,-0.0005952710129074121,-0.001795288182201506,-0.0018440719265940557,0.0007448233742968913,-0.0006781362461024951,0.0007368803317452451,0.0006080745374977899,-0.00018127672819625304,9.398125643422122e-05,0.0005775878977587898,-0.0002770300559032793,0.001300582767786788,-0.0016367658414089942,0.000919566468766072,0.002233197810534021,-0.001233488821581528,0.00011957030561241096,-0.00036531910238519425,-0.000614319534691855,0.001535059082600514,-0.000185267148525313,0.0007340252541876962,0.0013485115317025426,0.0012599682034884938,-0.0010144403775815259,0.0003920385397963621,-0.0006454784035557885,0.00038063629234040325,0.0006565665536486036,0.0006440193362350604,0.0006144504025018471,-7.631172951677757e-07,-0.0005048317169315521,-0.0003918747222941778,0.0022806931455940658,0.0003792085786919801,-0.0012149663658199256,-2.306322007136645e-05,-0.0013689937944229423,0.0001597685682072276,0.0010591303900362233,0.0006167147903011717,0.0020268180778161464,-0.000999514430066373,0.0005293367022452664,0.0005547191370693106,-0.0007753116300922225,-0.0017814692422027953,-0.00043054414796422474,-0.0011755870433372557,-0.0029362691663360843,-0.0007134269085134182,-2.1762685157062317e-05,-0.001641866316221598,-0.0010573349810632257,0.00019196066617344816,-0.000791230751421994,0.0017572165297954625,-0.0011081854577765404,-0.0012897801371736656,0.00120252828619965,0.0027021133754522343,0.0012577559180223916,0.001505296578442071,0.0005177319334038519,-0.001514636426476169,0.0006002907253180941,0.0012267948250430918,-0.0004589826768179509,-1.9040926252438855e-05,0.0015532278864129419,-0.0003143670530831018,0.002097158328670599,0.0006354645147715046,-0.000534112930373257,-0.0012490124909990382,-0.0012863288011320754,-0.0010716492172584615,-0.0006450037083898982,-0.000506451011449716,-0.00113064840164346,0.0011519441511292385,0.00044228142589528225,-0.0009230101735297605,0.00011334670900506546,0.0007529444726418605,0.0013959922376670874,-0.0008085538046240496,0.0011399006648086167,-0.00156869859833519,0.0005813948070598682,0.001113356689474489,-0.0010381540826391287,0.0003246951993787661,0.00016658807499246022,-0.000590991105436291,0.0007130217594363565,-0.0005368963203870931,-0.0012336022699442268,-0.0006638786319826701,-0.0006992191385975413,0.0004505764140379721,-0.0012145368399477307,-0.0007073667929613624,-7.228742465623796e-05,-0.00014669873966009948
doitgen,0.0001751555479756568,-0.0024922921078753576,0.0012613160295452655,0.0009072802247471702,0.000512108516881076,4.220362423695595e-05,-0.0005528653045259902,-0.001355223788164179,-0.0018378689366359223,0.0014766311021043171,0.002027901423205136,0.0006994600844699356,-0.0014621755097970579,-0.0008947119073417542,0.0012338245006096391,0.0032377083562821598,-0.0012960299666149365,0.0004312751294335813,-0.0009581897054417516,0.0020045843781089905,-0.00021498559574982968,0.0015266284285560664,-0.0006931654738345858,-0.0023549110899615797,-0.002269219077777716,0.00046279629904810645,-0.0010108035380514253,0.0012699640064073178,0.0009155095986714101,-8.827322744764388e-06,0.00042342508521607357,0.001136383325858913,-0.0007719902360174045,0.0012464658184231621,-0.0005395108144601327,0.0005873000853929949,0.001923744532278242,-0.0009669228473430402,-0.0004087405092603573,-6.088502751074108e-07,-0.0011589273817216238,0.002360585653323309,-0.00019821458948958963,0.000867457966332001,0.001591559806052114,0.001385359010794009,-0.0016485342601109925,0.0007022969188189,-0.0010820584459354575,0.0005941683744498888,0.0009895227338827324,0.0004766328585533385,0.0008387139334523353,0.0010251891378113684,-0.00021975556884601603,-3.475435045558496e-05,0.0032647967792438924,0.0006920988398967982,-0.0010107898579342963,-0.0008085034374755442,-0.000959035159201203,0.00030977224743061917,0.0016760698982172604,0.0002427138334145181,0.002826449949875245,-0.0012663096023267822,0.0002696800807725204,0.0013572142216377139,-0.0011886306256870917,-0.0017089717595608037,-0.00013574837797642413,-0.0016713429722585715,-0.0030212072817415165,-0.0010784501947717529,0.00040682594743622445,-0.0014725173801356046,-0.001340216377634338,0.0002900233898548255,-0.0017497871672750508,0.002710752799179251,-0.001561758522006063,-0.001388254333048219,0.0010027655018593521,0.0028375609044647672,0.0017534489120268177,0.0020441465048359397,0.0009141025839868413,-0.0025643749176213902,0.00031361903808600316,0.0005860103265149519,0.0002244300790794588,-0.0005606052075067044,0.002547521643826961,-0.0012442733765039152,0.002852089971512309,0.0017052637326546824,-0.001226255650705468,-0.0007605869496209787,-0.0014297100117750946,-0.0013104023139490289,-0.00043035768257325305,-0.000569909333975977,-0.0018874931437901845,0.001384137591855612,0.0006507218744769333,-0.0005238670122382826,0.000541279017606995,0.0015750676867562101,0.002140809956595121,-0.0008427073405123533,0.0015395738820339507,-0.002226872054459684,0.0009797199406192218,0.0006645649511617411,-0.0012765396808658333,5.49102018775127e-05,0.0002811675841073835,-0.0008877859934370792,0.000641993464715636,-0.0002602125859324409,-0.000738518259365203,-0.0005713916748418956,-0.0011150918089808965,0.0010828395852457698,-0.0016667063156521537,-0.00019343116301386132,-0.00030096612380213315,0.0004309262799854716
mvt,0.0005230526269610762,-0.0020912432661894997,0.00022091218250218942,0.0006872461293988446,0.0010188956657862936,-0.00010130940556676142,-6.788221219459833e-05,-0.00036622226982453764,-0.001004690778507334,0.0015415873922238923,0.0009131759980964437,-0.0007963578217831163,-0.001986152146495915,-0.0008775980805504297,0.0009882344348743522,0.0020271758786411685,-0.0016195076026181436,-0.0007192613280330269,-0.0006024868587927438,0.001102062517184814,-0.00014103917713476988,0.0011465074054506602,-0.0009291780679169757,-0.0023723414192754924,-0.002730403470565561,0.0007174150274696037,-0.000778597988247091,0.0014280676068511191,0.0002562548594594023,-0.0002630210632776005,0.00023550158584839664,-4.454649295717067e-05,-0.0003480577800622852,0.0007180445864951201,-0.000989933448515541,0.0009711613920855577,0.0012707401143148868,-0.0012360664694089874,-0.00040640029505402967,0.00014301948736459254,-0.001798220903020402,0.0009666344265671879,-0.0002731706930727614,8.576928908016044e-06,0.0012055490456822744,0.0007244651478994441,-0.001373364451495236,-0.0004253300273895203,-0.0012891454926588688,0.0007152352938420711,0.000535275731620505,0.0009469919020637585,0.000504819265990005,-0.0007332300457745458,-0.00016596638516669777,-0.00032882999136031404,0.0030306120884721825,0.0003638501953890864,-0.0006849259208975949,-0.0005351707465197867,-0.0011641103182469612,0.00010062232518914428,0.0011325570134647284,0.0005943709013985745,0.0016488368931529146,0.00039214178887975274,0.0002234863989794427,0.0008993581242235851,0.00012885802080144442,-0.0014055911182018297,-0.00017591812163226354,-0.000798956186567638,-0.0023705342876686095,-0.0003673404846606792,-4.795114664324049e-05,-0.0016371895525259844,-0.001569767580865843,-0.00011305866300869643,-0.00011007726161191858,0.001434244460836191,-0.0009845982592355668,-0.0018007381758699489,0.0003449498433807186,0.002392287900895643,0.0013763946912262594,0.0005169863344276743,3.44601183027058e-05,-0.001408457137133905,0.00034952673878626617,-0.00017725242955003332,-0.00019630725574196252,-0.0001231513449729494,0.0017508711705290472,0.000255693325838324,0.0018364254899976096,0.0012471031480288596,-0.0008982385317958585,-0.000787597827631112,-0.001160850503781102,-0.0014295580058901552,-0.0006923611312190408,-0.00010601334595437146,-0.0010776686280747772,0.0018169265852104556,0.0011310534893663455,-0.001002522138623839,8.335443976776554e-05,0.0008335680402236554,0.0010917007354902706,-0.0010055680961600843,0.0006758395160403713,-0.0009600828845248924,0.00037359288460535583,0.0010391121710292004,-0.0006309093249381549,0.00016698895227315304,0.0009267199854399367,-0.0008450888922634682,0.001279078998263711,-0.000510021219162223,-0.0011744735973603013,-0.0008182381278944418,-0.0015360884884920148,0.0009584366173320976,-0.0014911455021982705,-0.0012866491314150671,0.00041008453313558886,0.0006368178177976941
cholesky,0.0008132540459660554,-0.0027770349206710106,0.0002733795498190577,0.002270109908196092,0.0014228522297505858,0.0007103120386697507,0.00095668860480752,1.9568216400026963e-05,-0.0007800939582456421,0.002881973869532683,0.0017678215405774406,-0.0005037396704574348,-0.0016426696706993325,-0.002602611511869731,0.004447441865599507,0.001265265796715135,-0.0015541540858491013,-0.002208004209961574,-0.004767339682762718,0.001818432801002119,-0.0006222542400468633,0.0035765612258142534,-0.003052165375192999,-0.005534256061235081,-0.0026063482225193485,0.004598941719612211,-0.0027087861766146187,0.000604359734966743,-0.00025600414372295037,-0.002604644385864958,0.00025955894806732735,-0.00020946724882934278,-0.0010756557975481781,0.00161853542810099,-0.0007853503137529414,0.00244775958312352,0.002067992734494813,-0.0009884825916378758,-0.0004733836124715809,-0.0007649043266913699,-0.0026621457546409347,-0.00046119420148897915,0.000860568626343997,-0.0005883898534779695,0.0010097540801184044,0.00018931809264662055,-0.003693626245884742,-0.0016194474804878053,-0.0025505964993175843,0.0001951082183546128,0.001757114136481606,0.0014566095719217426,0.0030780475671053865,-0.0012127764931776457,-0.0013312265620414917,-0.0005351540932638778,0.0037448724609566854,-0.0008538313561843501,-0.0005273809116463073,0.0005277768416312433,-0.0033159728268623845,-0.0003725878998456109,0.0028398316797877974,-0.0006182613673041083,0.0017753460126954854,-0.0011741884676626391,0.0011607145121282276,0.000948828317082694,-0.00040316353650673086,-0.00266603080470102,-0.0006641376908171677,-0.001054634984336897,-0.005007843017293554,-0.001498157520840727,0.0018556134049625447,-0.0017000589867691613,-0.0032322599139459067,-0.0009834939167679597,-0.0021168486375406953,0.0017586790571416106,-0.0010802419498536942,-0.001238420174656009,0.0012276569312881394,0.004521859875999831,0.0017759352608764957,0.0034473864757617574,0.002988765143963974,-0.001526501553388597,0.0024343567462832044,0.0016215550104324292,0.0004083384683892493,-9.531480939282726e-05,0.00461609319921182,0.0012682982850189242,0.0031275725019157914,0.0022196426822726303,-0.0019084986472929207,-0.002875010549800613,-0.0024764749867770457,-0.002751340689557967,-0.0006279803814929134,-0.0007218065185275514,-0.002131636943603452,0.0021269859777789356,0.0018349084403922057,-0.001928311510613033,0.0003585114649225337,0.0023580352434590976,0.0026771316358483294,-0.0028522145231626283,0.0036838239755888937,-0.0007687304210897613,0.0014883676448759313,0.0007713424105572307,-0.0027982417161951565,0.00025479810939739564,-0.0007710432844800784,-4.8099089973321595e-06,0.0017935579812102434,-0.0017584339213337645,-0.0032272819117578266,-0.0008899073596532819,-0.001654744725108483,0.00012104257837664692,-0.0029296691592268567,-0.0013357536567168103,-0.0003319612067005235,-0.00133874807704059
durbin,-1.8969985411296457e-05,-0.0016878801736375868,0.001014041462531706,0.0008585344171344396,0.0007294415681180854,-0.0005353656801129998,-0.0003630953618047515,-0.0001396298557234902,-0.0010359504344625058,0.0017724040628427408,0.0009170279205007308,-1.95357639265008e-05,-0.0007007732635144194,-0.00119695414800387,0.0010625014212306248,0.0022255565547322324,-0.00146397482870717,-0.00029696098107916233,-0.0006523178624495183,0.0013872950455404958,0.00030145234462013604,0.0006407740852759721,-0.0007819002764158298,-0.001681188627224713,-0.001984811866016695,0.0009896510231012477,-0.0005339562985736094,0.0008379991489449466,0.00048172996476218217,-0.00014880567180265234,0.00025485723558873606,0.00012208364947561068,2.2628260593640566e-05,0.0005495588916373513,-0.00120661866146115,0.0002664347382573364,0.0011491940282567642,-0.0009516660009886926,-6.949725110853951e-05,0.00018217410030240915,-0.0011578360153982118,0.0012753764855576463,-0.0005983058585352733,0.0008440854905459743,0.0006749935601180083,0.000885034571775475,-0.0007473004415577736,0.0007729273990215803,-0.0008651664686015911,0.0006730558746490048,0.0005048843165709325,0.0007957076185335372,0.00017661043450018643,-9.743207872751549e-05,-0.00038945239651899996,5.9618260632213976e-05,0.0020077856718741646,0.0004952984012798293,-0.0007101652070226134,-0.00030706489723714446,-0.0009292208099654112,0.0009223768673367907,0.0013754639971356208,0.0008952502917081424,0.0018800578961993902,-0.00018732867633494048,0.0004667791527241831,0.0009162630607501794,-0.00025854660165372176,-0.0012006204946072685,-0.00012105711138941218,-0.0011353040234894924,-0.0022358655796725388,-0.0005478151344085255,-6.390352296531366e-05,-0.0008997547334062139,-0.0008693254866121343,-0.0001978347643149423,-0.000472874870871162,0.0014091087861700237,-0.0006354091897453237,-0.001229694290941552,0.0003646175833017012,0.002438709477962204,0.0006963614743449532,0.0011830531581981415,0.000708071601586747,-0.0014196170329756224,0.0001887418012845622,5.0328151278793444e-05,0.00016618672659943196,0.0002961074496852234,0.001377158014755765,-0.000943719971484674,0.0017252011078591706,0.0010941292587378388,-0.0005878696226463729,-0.0014898024055367673,-0.0006429917508317433,-0.0005880913079544742,-0.0006820829976438758,-7.628807196927337e-05,-0.000848410053662756,0.0011796857113777742,0.00042119508389777574,-0.00037631678167911734,0.0002728905225663745,0.0005493835016222982,0.0013736470223919984,-0.0004327493488475868,0.0011567416103061127,-0.0010282386000217876,-0.00011884508620630169,0.0006662530283107472,-0.0008300392772813727,0.0001771371375845839,0.00018940798602095005,-0.0007568288034375515,0.0010369650052344432,-0.00044376477150962217,-0.0006358909600888952,-0.00033451827500448957,-0.0007727577142614097,0.0004049042346470537,-0.001702059186006877,-0.000360381922840634,0.0001680055856976807,-7.149930091484549e-05
gramschmidt,0.0008398324150617461,-0.002199172999191946,-0.0003191478527409127,0.001682083874028548,0.0014106741074124912,0.00014386264399976598,0.0010974402733146646,-0.0012216811550714714,-0.00023934199970636444,0.0020297837132587032,0.0009702382425856717,2.903373686608691e-06,-0.0001460536886408326,-0.002708278455437309,0.003038858558874902,0.00239213285673249,-0.0017592488725701834,-0.001237698838896251,-0.0017426285637009284,0.0011524761811236583,0.0008120216663929825,0.002621038861986415,-0.0011929034343875872,-0.0032798869071609033,-0.0022799376325433243,0.0027945904383890065,-0.0029297032636731095,-0.0004899358861551334,-0.00010857678432493673,-0.001901215062762509,0.0005027836844956022,-0.000266711476832335,0.0010438071134418491,0.0015150703266744341,0.0001215922024845281,0.0017133450032572825,0.0007447182825695237,-0.0022721736742481818,-0.0001684518212221939,0.000613668983820607,-0.0011024932106772764,-0.0003017819208408528,-0.0009942755788916913,-0.001677584288746659,0.0025007161913160035,0.000918516134940243,-0.0033787448279855377,-0.0012046571990093724,-0.0015743573552070178,0.0005178609135288993,0.0010493873042934057,0.0013119109303300078,0.0012124599847740886,-0.001587908981534391,-0.0010887780912075208,-0.0005845437023172287,0.002984969079833772,-0.0009384947600657555,-0.00039491188423805096,-0.0018039247209725366,-0.0020547127474762816,0.00020346841338090226,0.0031100605233133007,0.0013218315444281225,0.0014567563094039005,-0.0009499611387232457,0.0005029031999272883,0.0006994679303412946,0.0011347512065232224,-0.002339458791539073,-2.1809765222804763e-05,-0.0007068575428714904,-0.0032375927792631216,-0.0005189754669250123,0.000256239378685654,-0.0007134627173796523,-0.0016591865621590747,0.00018106794321839616,-0.0014092720236892333,0.0014512543983182383,-0.001060572319606102,-0.0014515175107045898,0.0007097003372964692,0.0037720280194125967,0.0018768416874579096,0.002257308992606978,0.0027391833695079326,-0.0004525618813779582,0.0027311179597108225,0.00041591559988190944,-0.0006798596673608979,-0.0009425780219285855,0.003887499691855683,-0.0007900749022886356,0.0026171033353180103,0.0015583010455192667,-0.0008406144617890052,-0.001818668985328663,-0.0007353239318820895,-0.0017216372376369846,-8.810356831596965e-05,-0.00020490852192133933,-0.002556537070258622,0.0015653522007200175,0.0016630278542157984,0.00016855215494421212,-5.0675996065435284e-05,0.0011144356392553444,0.0007794999271579252,-0.00141490299039984,0.0013639491824925733,-0.0006159181277800023,-0.00013894027752108258,0.0010963173125883958,-0.001845438151141359,-0.0009482195523754559,-0.00013134609907554585,-0.00020349224820149998,0.0013561892332772836,-0.0015634940454118704,-0.002699664868339466,-0.0011282812201664993,-0.0016797194268572358,0.0005056595332734237,-0.0021571641906649526,-0.0017060388425182507,-0.0006808367552755363,-0.0008656525269310431
lu,0.0021926699476570717,-0.003067947026632372,0.0004478426310032573,0.0036929625454229635,0.003409817687583106,-0.0001365659130461724,0.0012318207750660138,-0.00041256612361471076,-0.0011630235283929054,0.004740772324031057,0.0022107288682043,-0.000967251355581231,-0.0029270635230358505,-0.0008750279591192804,0.003459232802344106,0.002444687742768473,-0.0023296416964325023,-0.0023253567771564735,-0.0018339789759937756,0.0007905484573216562,0.0014909676091959744,0.004009053198917318,-2.7094969302940536e-07,-0.004670371976735708,-0.00428337361804146,0.004436455328908897,-0.0037597971854943504,0.0011833784908855999,-0.0008820093082565489,-0.0013221421257082805,-0.0007414531810098478,-0.0007235670468126131,-0.0005384059314829828,0.0018801481959249053,0.0007337643314958726,0.0038066072203792817,0.002692492668710071,-0.0023272457800428722,0.0015785607946965572,0.0023652127026974473,-0.003926577765987915,0.0002313982106603413,-0.0009558640550652588,-0.0011251329285439165,0.00413017638507847,0.0009727185152286878,-0.005586534951661304,0.0021838865133861577,-0.00423737750454268,0.00024283417500760472,0.00011925779649850632,0.0023727359113951546,0.0008971843271694712,-0.0021744697826680567,-0.0028488156977190225,-0.0013528482513250827,0.00445968503805369,-0.0008272157555750457,-0.0011404542395109568,-0.0010781913435767337,-0.0024827586816505752,4.200897807018458e-05,0.0013592270311185962,0.0006160821635624847,0.0034254786211457824,-0.0013866069481176316,-9.575226364868798e-05,0.0007496894453515565,0.0017316295833522542,-0.002254179130683947,-0.00046784888118182465,-0.002023537946418704,-0.005537813313211371,-0.0015923541057742848,0.002589948928152594,-0.0013159425138090596,-0.0025923592185167358,-0.0010108630323346416,-0.00016350673590088537,0.003828680914421697,-0.0018028227075458365,-0.001795407215903536,0.0015750335203723671,0.004565756269943782,0.0032276234469378415,0.002737142581149292,0.004067601896176156,0.0003116547905535551,0.002558104862329745,0.0011606397225230193,2.6667122157977045e-06,0.00035267622123183814,0.003651012452002265,-0.0008121161291272185,0.004410126698347196,0.0028709181702404477,-0.0025474662912879447,-0.004046999950866716,-0.0013703995587456175,-0.001783535537922628,0.0001549012142763978,0.0007092420038334838,-0.002632091142824182,0.003547526868091658,0.002323662481953099,-0.0019026538540147756,-0.00041918233636834446,0.0024013898144514376,0.003173204998582347,-0.0010286074872235243,0.002062408428788382,-0.002392889662263035,0.0010025828406114968,0.0014877727628519384,-0.0026809044724137375,0.0006524001605334739,0.000171470507538429,0.00039432505370438003,0.0015939634065542745,-0.00019220357191076113,-0.0029522318487716108,-0.0015709886848727054,-0.0015401322976822697,0.0015924047643900575,-0.0030247191582550076,-0.0021525808268888966,0.0003449551189594854,0.0006985406352483346
ludcmp,-0.0005229824225649948,0.0003236583742793252,-0.0005612625467584072,-5.0410731842096093e-05,0.004671182074372175,2.9562895416098465e-05,0.005439020122463658,-0.0014890721172303068,-0.001052510220773965,0.005127153286882123,0.0018881798035844779,-0.0013905234036458755,-0.0017840751140280827,-0.002334533512394256,0.005845379040308724,0.002871314760599333,-0.00320941922279834,-0.001971267998405502,-0.003219079034541138,0.003089381128207342,0.0006260443656609412,0.003248111978026296,-0.003671073264869769,-0.008073540977354599,-0.0063439640354844605,0.005393356048491846,-0.003344876436031963,-0.00081251367386832,0.0006333385728686324,-0.0027915370871533646,2.9744109413892002e-06,-0.0012743475332298306,-0.0008205785495009586,0.001885061941630729,-0.0035717843963926263,0.004136379804387418,0.002639481300512872,-0.002101183653661546,0.0003422362178032855,0.0026192891116975097,-0.001183474095224744,0.0017269389837736634,-0.000451981389235971,-0.0021440069364267976,0.0046224451186657215,0.0008582159009807829,-0.0047253653765527825,-0.0021894545897168318,-0.0018361213881602717,0.0007845080639910922,0.004410564493107561,0.0006555374246018611,0.001996899235547083,-0.0005409672277198864,-0.003071459262536646,-0.0016037015558311503,0.003966751407175679,-0.0024739555225852822,-0.003670762258846153,1.1065350732114474e-05,-0.0033003824356266777,0.003218299331348906,0.004228926378387955,0.0013936249294899182,0.00532329927936078,-0.0014736643621746817,-0.0015160684976309904,0.0013049892828114547,-0.0027746662065573496,-0.003417682589276497,-0.00028071696824242816,-0.004663640497119409,-0.006395743204025812,-4.2653491528644826e-07,0.0028646003941116085,-0.0010127094045024759,-0.0011894151542790844,-0.0005996963589633938,-0.0037779299374072345,0.0016149286891287125,-0.0009345513882171962,-0.002109138457808963,-0.0008602509413670157,0.005499313024515071,0.0014205307532561,0.004205774203601382,0.001259835327194499,-0.002239772267124797,0.0006108021126799178,-0.0011327665770565572,-0.0012580369663374457,-0.00454762563596719,0.004351635974023455,-0.0022483973695397864,0.0021052386350780138,0.0036809871439995295,-0.0014049896085077725,-0.005221864554967474,-0.004274877453354318,-0.0015139535989844258,-0.002423816712066447,-0.001005116302230187,-0.0019304481744262922,0.0013911877513147364,0.0003787828130316784,0.002620796640288066,-0.0010117758390598963,0.0010467025985604723,0.0040133015389512226,-0.002939492141993367,0.002701828196733055,-0.003303409573034592,0.000984355400715226,0.0013186941510272422,-0.0031838764377482864,-0.00026552142250870674,-0.00022193552903034157,-0.0004999199631843547,0.0025697681228386273,-0.00015733455514990404,-0.004057750508712974,-0.003306418754099507,-0.0010503756373977787,-0.0003331410439011469,-0.003889609041621658,-0.003839136074350823,-0.00015221115210548462,-1.667656869187232e-05
trisolv,0.000370956079197226,-0.001231201966235185,0.000859708444968271,0.0013373567793959359,0.0004399871187804199,-8.025635197111291e-06,-0.0012516519247908694,0.0002914417581325132,-0.0001429697185073557,0.0007238373893518493,0.0006305227464072527,0.00017983942240338424,-0.0011697595110172557,-0.00027811865010431293,0.0012527629546454362,0.0011425415291526635,-0.00105155320406032,0.0007343389187576022,0.0001844629130433103,-3.8128460490530945e-05,0.00039164247150401345,0.0013375947655805522,-0.0009093543822240374,-0.0013766736445221595,-0.0010205082698513156,0.0003462622639338265,-0.0004753818743702732,0.0009411388029725569,0.0006629526328836848,-0.0005300569467262385,-7.404884447938028e-06,-0.00013206415689075688,-3.9027572459942565e-05,0.0006110610983881539,-2.9248637452483087e-05,0.0004946694291614155,0.0009421412941287044,0.00017493964983666187,1.0325261050971543e-05,0.0006151751657431837,-0.0004991549452292597,0.00024508306920117647,-8.082773247889879e-07,0.00011599377212701441,0.0012865088285799744,0.0004331561295117812,-0.001030673824224197,0.00042959644009734927,-0.00045246878623838416,0.0007721523974233731,0.00027400078024806044,0.0007229848420323153,0.0005895314723720805,0.0001981872343552882,-0.0001681777423546305,0.0004055785256337632,0.0013891943210212522,0.0006240166196546601,-0.0008313920928829736,0.00020723340717600743,-0.0006677917349665725,-0.0001969666326320338,0.0009512625117308264,0.00013692790253856408,0.001287252926775226,-0.0005786349939899822,0.0004417344909997177,0.0004574677995543329,-0.0008492487587370225,-0.0006373425727005957,7.402629927401734e-05,-0.0005143510448184182,-0.002081773818822623,-0.0008105863133805986,-0.00015394872321124469,-0.001312216757254853,-0.000734363424079327,0.00021235581853699576,-0.0005996162804743707,0.0013255429143529496,-8.680840121116962e-05,-0.0007431575766650059,0.00017602458083126657,0.0023110261596540533,0.001039272113813218,0.0012197553428487163,0.0014113893305808987,-0.0010256601294898475,0.00027303026498832957,0.000556015113581112,0.00044542694587011564,-0.00022411063235164129,0.0011893789207119622,-0.0006405839908993362,0.0021304249556981713,0.0004332286000756473,-0.00011843214729825429,-0.0005294158080487694,-0.000997474226969052,-0.0011974747788527321,-0.0003826409474271255,-0.00022447339042110703,-0.0005088952869012179,0.000672263275369116,0.0007455755699564593,-0.0007021189812840612,0.00035625541358154524,-0.000116666138194155,0.00023370789725648625,-0.0005336342435292294,0.000766484849201681,-0.0009891212227180737,0.0008866756674606444,-0.00010395464396729372,-0.0010914863167686493,-0.0004074508522727576,-5.2872436924182576e-05,0.0002628117225224453,3.973485540401766e-05,-0.0003349348072681199,-0.00012485653115152496,-0.00022871509609990982,-0.00030046485373783457,-0.00030923609751252063,-0.000350290162133923,-1.5755699249398534e-05,0.0002844307764314543,-0.00012630443464930555
deriche,0.0011533256511165831,-0.0018432912764841788,0.0013497096330693699,0.002972511901305204,0.0028016040701012916,-0.0010445375169465085,0.0030565274151863452,-0.0027701105991275008,0.0013359617906110322,0.004422612625321955,0.0006009799919554642,4.7887661872497243e-05,-0.001022440564543914,-0.004477795374576287,0.002408073578299013,0.005026263823897719,-0.002179290869125856,-0.00012054888535027889,-0.004710977376956949,0.00502696709991756,0.0008546399181918864,0.0019963632356717,-0.00481814961244666,-0.0056987937677990845,-0.006276757749844072,0.0030119517511608945,-0.001944726336769304,-0.00012490066021838802,-0.0007951385165504461,-0.003268976283064918,-0.0002645440189242924,-0.0024155465264310266,0.0005564152442911847,3.4891356772550524e-05,-0.0014643197291985847,0.004818768152571982,0.004252240543553249,-0.0011559109605217186,-0.0007440068887725322,0.002642122665397787,-0.0015311819249818415,0.002600422712108125,-0.00043198664192507324,-0.002046797380667013,0.0031712510195988247,-0.0017472369978063218,-0.003806225212383054,-0.000697887628489528,-0.0007124098269972167,-0.0002224292492894342,0.003833016222538467,0.0020562077691484446,3.481819967726288e-05,0.003166808182233639,-0.0022577237406034667,-0.0003717105093159941,0.006184952883211473,-0.0007330835481623898,-0.003948769078864196,0.0020452876919520397,-0.0021702719653696706,0.001693249417832949,0.00039978297583702425,-0.0010837570219884812,0.004467401157920149,-0.0017402503591558418,0.0006277430225779765,0.0020192629572244446,0.0002574086243326405,-0.00236970664249261,-0.0006449492922491537,-0.0030554347015619657,-0.0037992264076147685,-0.0019010072739520166,0.001324781006899993,-0.00039950598172610734,-0.002850659198928752,-0.0001799403150725584,-0.0035463519646994957,0.0004218387637842098,-0.003146279950202305,-0.0023429916963703715,0.000976293296965385,0.005390096578247846,-5.6368103278709115e-06,0.004187888482470785,0.0013562420681614768,-0.004623587681140552,0.0021074021511137456,0.0031415005498110883,-0.001419940623579451,-0.0022562483978041067,0.002340158273532657,-0.0032656515258036537,-0.00010027541992837506,0.003645725306481696,-0.0012870801564485504,-0.005011542315468745,0.00025786586144281663,-0.0018512049378947562,-0.005128805033958448,0.0013860164149639565,-0.0024500457110445246,0.00013330345094251126,-0.00034277472157787233,0.002845698111886554,-0.0013661609042467445,0.002250792366434441,0.0021407875140711887,-0.0029995803429036815,0.0001398669191541735,-0.0024030243277514906,-0.0005166146064515672,0.0016983622679389184,-0.0017341518855531009,2.9976616031824716e-05,-0.0003293373116051557,0.00123783851466054,0.0012559433539067006,-0.0005940044289659446,-0.0025746086451945097,-0.0038034005619937273,-0.002495383635582064,0.001781579129280116,-0.0035708120007492575,-0.004373760069604277,-0.002921588110720739,-0.0002863940961286857
floyd-warshall,0.00018723049942761331,-0.0020744943353947862,0.0015330003254531454,0.0008124904797909234,0.0007369053375181317,0.0005955272728851638,-2.8311971973323222e-05,-0.0003118624217848882,-0.0013339940990092902,0.0007658193115407497,0.0012850344137405045,0.0002318590919234991,-0.001242977816367349,-0.0008691297165878152,0.0015661039279569555,0.002270350262785181,-0.001460113509378027,-0.0005377471087077029,-0.0012333287083933352,0.0010482748194653307,4.432977712786399e-06,0.0011712001166570018,-0.0007353368566339285,-0.0016221026417500201,-0.002056169898057746,0.001005128022862555,-0.0005097004505390163,0.0009665439129494418,0.0002886984434639398,-0.0004672315804187667,4.092637862630903e-05,0.001048080043750266,-0.00023051925038672843,6.077185172222279e-06,-0.000497682505658258,0.0004482036971274043,0.0018422521726113347,-0.001572068483204381,-0.0004093027833137887,-0.00015262097863714012,-0.000725962466350903,0.0014418339707170035,-8.565002072890986e-06,0.0012699777891509068,0.001369412987051479,0.0014903435864578787,-0.000702885185726803,0.0006911200281772939,-0.0011919734893097987,0.0002976769039103704,0.000654299847602093,0.0012060497226098364,0.000466047343441048,0.0002794062186025395,-0.0006565329745600773,-0.0009626428159294246,0.002852968331570986,0.0004980778677642357,-0.0014180199974911168,-0.0011517390162025436,-0.001152382807873128,-0.0008905847013617555,0.002067133245999107,0.0001419150993907414,0.0014952447588640447,-0.0006471456639152371,0.00029723562363629616,0.0008075396110155069,-0.0008223285208974779,-0.0017534029034122682,0.00022195617966873734,-0.000627853734943717,-0.0034402308406443014,-0.0009445211481137872,9.41000872221336e-05,-0.0020709082501703022,-0.0014852242355850678,-0.0002688577290731094,-0.0005578730394615303,0.0015817214118683954,-0.0005657946397796597,-0.0014115486026056252,0.0017236202563350998,0.0023546855329827305,0.0006856739621425675,0.0019436770798045404,0.0010170291856834782,-0.0017813633418636127,0.0005187218241258481,0.0003078614981916774,0.0001370906096746934,0.00031195610635159773,0.0019224421107451835,-0.00039559604897333674,0.0017479047824540059,0.001404149614062355,-0.0007118113786395809,-0.0015078736840154787,-0.0013915856270843116,-0.0008836414734723117,0.0001282168951953773,-0.0005473292970940369,-0.0013016975840257844,0.0008823810239159942,0.000995196597222441,-0.0007919264054586656,0.0004994855298947707,0.0016931431221124261,0.002022115735919398,-0.0007684124835783601,0.001114425156869539,-0.0012857241769590885,0.000535382558315269,0.00042385161053879865,-0.0006808272601634633,-2.7343850362179773e-05,0.000801154859606822,-0.0005982357010421227,0.0005312455438837811,0.00024952651017643666,-0.0001344562079799552,-0.0007306434816417999,-0.0006147297330324409,0.0008562774001236319,-0.0018780231075995616,-0.0004118540037728413,-0.0005660869627597935,0.0003538321562992455
nussinov,0.0021052282083502405,-0.0006485111110521302,0.0006144122261630969,0.002297296908963631,0.0024474469722761683,-0.0010241320119064312,0.002882797054951425,0.0006041663606843883,-0.0009604324876661963,0.004435759675935458,0.0005243817839186704,-0.0004874361781759262,-0.0014684465069478847,-0.003176017999415137,0.00522612290063762,0.002748997163806166,-0.0016000145389156728,-0.0016829099162265493,-0.0026456772760425906,0.001725070910794102,0.00040649650563295836,0.001681242006981165,-0.002148664846956194,-0.004427969838239676,-0.004489609331301381,0.0030989617018022386,-0.004052917728358807,0.00018003855168302607,1.5621310112123865e-07,-0.0015276141145159627,0.0018610724806933376,-0.0005812276117902471,0.00024353796870002498,0.002130723786422095,-0.0026044177765811583,0.002305529016410901,0.0015489090552911478,-0.0021817338864487112,-0.0006305843174345682,0.00047411429117971693,-0.00301452534819191,7.653507246629943e-05,-0.002017380424021553,-0.000631063327659831,0.0011787921668187096,-0.00026040290225637364,-0.00439124930657897,-0.0017833716836079816,-0.0017273415234342337,0.000236344254282983,0.0019021508754946126,0.001563979510393665,-0.0003060451642937778,-0.0021309343807303094,-0.0009242950521866078,-0.0009462944759164316,0.0021637330670429833,-3.0270155569667168e-05,-0.0018014719851677796,-0.0008534376086544171,-0.0032967014137170736,-0.00016321761300730486,0.0029750214587807022,-0.0011278186549361635,0.0012608356587904268,0.0006905325348043334,0.0014245356843218815,0.0006588522852535306,-0.0006813821172642065,-0.0026910418080490217,-0.0009053763693742667,-0.0017839554544707426,-0.003739742245556954,-0.00012984566584606227,0.0013354480137319769,-0.001228376099291495,-0.0017205409605978161,-0.0003005462031637762,-0.002652549423316941,0.00019950189161477283,-0.0012813184878837092,-0.0006661935460137158,0.0004419096390648747,0.003638266796357925,0.0017957537969479631,0.003109455220084101,0.00344587110043193,-0.002360269308560703,0.0034146269612733704,0.00248563427084747,-0.0015787007168839295,-0.00206917302881493,0.00422525588914624,-5.2437347491718356e-05,0.0015176592408749912,0.00035119084634160913,-0.0031357181007507506,-0.0034251254082207083,-0.0012651237790350933,0.0008057372930565521,-0.0016490788200762552,0.0006589790394997408,-0.0010884380763940271,0.0019021288711513762,0.0010600469784947109,0.00047793740013446495,-0.0008689443135097008,0.0019657377935615727,0.0017930928047036332,-0.0038656244466608314,0.001098483400532757,-0.0013778487213755852,-0.0005379173225179557,0.001343296174766806,-0.0019099686865615695,-0.0001912113411286498,5.406554665299268e-05,-0.0003177292240366114,0.001821466739258426,-0.0013370054468850867,-0.0028329504291235708,-0.0025568685512951106,-0.0018441535674789122,-0.0011309314350427258,-0.0022874061124582568,-0.002312440215831657,-0.00027137658125298003,0.00026353550255464597
adi,1.199062991925178e-05,-0.0019477749401331295,0.0002745176934059065,0.003220445083316158,0.004691930236357145,-0.00266386307768339,0.004137412128816304,-0.002728671640257452,0.0015561005707371836,0.007645681476361336,-0.000535972277416645,-0.003148448103327258,-0.0022234864087976322,-0.004173236946873149,0.002756365048437386,0.005309550600698013,-0.004577302461691367,-0.0022188169489956275,-0.003760267139656851,0.0066995129414122116,-0.0006438212430010834,0.0009136605332722316,-0.006736950186857512,-0.009120392678955851,-0.006715731911821489,0.004684688290813159,-0.0037529965091140753,-0.0002641153412812466,-0.0018180396535793196,-0.005357743350496356,-0.0012007025861496207,-0.0012484943317899089,0.00098874874121017,0.00023635123930203176,-0.002056240081173174,0.007370089843538407,0.004358579830101014,-0.0034720405223283386,-0.0008230208033428014,0.0033347131592181764,-0.003415553798356494,0.0037908763027904575,-0.00471175155270516,-0.0015478824971143972,0.003647512132176319,0.0003365799521019159,-0.0030071182363489816,-0.00386895194341052,-0.0011695844874496143,0.00037456878045705096,0.006447697748001481,0.0024221023583605255,-4.5003258409874454e-05,-9.330511705757314e-05,-0.0015183231834001803,-0.00134291704671341,0.0036246579598929827,-0.0006110255719489373,-0.005924795272775603,0.001566930039069405,-0.0039990036568920955,0.0030997502914620863,0.0024502024377674866,-0.0022559834826683103,0.00463735914528628,-0.0003198530405880501,0.0021342257144734865,0.00311382869576397,0.00019774920528717104,-0.0044852503886005125,-0.0019952438534335355,-0.002353561018516388,-0.0066203930662730405,-0.002604809473687879,0.0008003657679261251,-0.003121781430552337,-0.0033325725378655293,-0.001377690310579774,-0.004409174436936634,0.0020734850695046853,-0.003735608131253295,-0.002562344030688963,-0.0003626286372399377,0.0071131460347044935,0.0009857653725012588,0.0025403541029557462,-0.0010915169930444696,-0.0040925682362150705,0.0007605985252955063,0.0030995606596365996,0.0005195939794237032,-0.002114840282495423,0.00401839663154458,-0.003066259500939603,0.0006519526182722827,0.004249222493738151,-0.0011070934257215652,-0.008612562570414721,-0.0018847746899420764,-0.0031693239944829265,-0.005032400935822717,0.0013393276757795417,-0.001843460639161038,3.922633309211436e-05,-0.0005271567553319512,0.0023676241663553002,-0.001695561851746837,0.005319247853362175,0.0037776475354365647,-0.0029268958134310913,0.0016709873878336325,-0.004429815711354508,-0.0006713968281260742,0.002574337578590968,-0.003646815330326051,0.0008691353021682973,-0.002576138769490108,0.0029068840363167957,0.002759915932909003,0.002630953939640474,-0.0031535011305447217,-0.0062601438279701075,-0.004155824547857496,0.0025758497799234113,-0.00524354077129574,-0.005350491735923313,-0.0037752245062328267,0.0004775648538405356
fdtd-2d,0.0005658097889772447,0.0010549720666081456,-0.0010936802768700448,0.0007401804420992307,0.0021061563259010788,-0.002042397470167652,0.0046858528763286215,-0.0017561996207049557,-0.0021839438125718334,0.004361801558201585,0.0009559867698906689,-2.0555650102777027e-05,-0.0005288848550297749,-0.003451202331923728,0.0032546720258166705,0.0042023000623822365,-0.002923250767701647,-0.002704495886158662,-0.0026390877142636175,0.004113568469683018,0.0001419832770283279,0.00308316763762519,-0.004233187576061015,-0.0072897131728045855,-0.0026196500151709945,0.004343665116919504,-0.0036123751201353194,-0.0009609284683216382,-0.00022898812271091864,-0.003747612539423071,-5.9678605869562474e-05,0.000725000840952895,0.0007055687961007157,0.002299393964956797,-0.0017547282687578492,0.003567470069862878,0.0008902281972173413,-0.002000048486331589,-0.0013962231570602598,0.0012293523410574357,-0.00031564643530359985,0.002240454977194764,-0.0013438987653933566,-0.0020692121907848614,0.004457190821365619,0.0015238686020994216,-0.0049679450614134755,-0.0031551794697145673,-0.000665255275675902,0.0017372227876564865,0.0039012994371301407,0.0009713838413851392,0.0005377183716301484,-0.00028791525794429204,-0.0022471397079592936,-0.000638237305752243,0.004862393714448982,-0.0014987172649085286,-0.0045253472814022625,0.0013881036082358594,-0.0017219432031974676,0.000758226202583422,0.003835100119912942,0.00033431927249851477,0.0033865327414916344,-0.0008848230790313666,-0.001037597824755136,0.0004084117288295293,-0.0017367114873318267,-0.0022350885406028555,-0.0011584856711564888,-0.004601458387413533,-0.00733006035179044,-2.59101406454238e-06,-0.0004115863280417861,-0.002093961340122273,-0.001997447599813779,-0.0025835265218919533,-0.004666536439632736,0.0015309004155223283,-0.0010544979362949974,-0.0019117787940457923,-0.0021689877940060257,0.004707497495492827,0.0017301946053266623,0.0035989145593936026,0.0032535144250262302,-0.002993828173341398,0.002258887874430499,0.001258820149742328,-0.0026790388345405793,-0.002367628898090827,0.0056250161290628785,-0.0006762796605232346,0.0018015047552294274,0.00454980297054198,-0.0011137470343459061,-0.0036116573853546326,-0.004609150060566922,-0.0015111815994881355,-0.00335382554645693,-1.700384811531256e-05,-0.002340543720543213,0.001067705404701565,0.0007281296274331939,0.001100465449094986,0.00028760279764698826,0.0003592132401611748,0.0017562650104661478,-0.005387177908424813,0.003319338297316922,-0.0022594036473464127,3.119922452097699e-05,0.001519826834863496,-0.0019050507763341057,0.000200580665031021,2.6909933729313963e-05,-0.0012469998549818622,0.0008597147622277938,-2.789649125780736e-05,-0.0030560383641679255,-0.004189411115038667,-0.0020192583962041015,0.0007507575857970673,-0.004315775425767906,-0.004148886395549538,-0.00016966582092945543,-0.001272278476327619
heat-3d,-0.0009134671117579624,-0.0035539005895137156,-0.0016131771559029437,0.005233929036930467,0.009431029242039961,-0.00760899096362419,0.0092137236427491,-0.0008152520158262983,0.0011481980132323256,0.014555789715123677,0.0028707145605016654,-0.0017824877056869248,-0.00011144506986569231,-0.004204961185044445,0.00947624595921179,0.005513961796658117,-0.007970192402121977,-0.007451081754660851,-0.007822540853043593,0.007197205199973896,0.002554491277288066,0.008480668559708538,-0.007394931758800126,-0.01693747677138173,-0.014044634519383495,0.012196272807223815,-0.006451597455509111,0.0034208567462123305,-0.0018495076855836851,-0.0053935449195551,0.0011240400786181565,0.0012826581365753213,-0.0012097597126129232,0.004309096019363022,-0.007956386839094698,0.006039865410939224,0.008001207250942775,-0.004708196509212677,0.0028673277063526593,0.0018708013811362407,-0.005607268816881178,0.009011789527828884,-0.004890160110667638,-0.004332020010113581,0.009570786413703168,-3.995700121300543e-05,-0.012769087137382843,-0.005162074325940797,-0.002707691815921553,0.002886699381509991,0.0068886318307441845,0.0011131387073376807,-0.0042604472278110275,0.003396724300457708,-0.006644517772646094,-0.004877304532273314,0.012680750555265992,-0.005307344387516016,-0.006770623707331726,0.0023935062372479467,-0.005237448321505422,0.006156967674140173,0.006510501221906432,-0.001000139311243082,0.00847281315187919,-0.004340234157337778,0.0043081416166315355,0.0003221700300517928,-0.00019122908059979207,-0.00831043942978295,-0.0008786365572196925,-0.008090307895518676,-0.01680557645086701,-0.002306099190942822,0.001435967871150419,-0.007574509009047364,-0.007993895150751166,-0.0049194356092902266,-0.009088703054921054,0.0054547834470342095,-0.004079457521037905,-0.007694562007007737,0.0063732052351851524,0.014659716962620176,0.002530574229621619,0.01251560822088026,0.010218006204729622,-0.005764174946461909,0.004513698662828262,0.004125879881927027,-0.005186245819276216,-0.007643870609110319,0.006747549094668924,-0.0011359293035103077,0.0065568097270133924,0.008475520712793517,-0.006167102182068316,-0.010061219774540144,-0.00861919193590263,-0.006212436011951171,-0.010841014474925022,0.0037673014312711805,0.0005836736047068672,0.006575421878219059,-0.002728040204307994,0.002367766050980677,0.0007600539945162521,0.0010441951949592256,0.004529795205877189,-0.009940595088275802,0.008343896102150321,-0.009200334038726244,-0.0017255366527658118,0.0021879855207732825,-0.007021010477102768,0.005492744081251395,-0.005733104385010154,0.002877620242035779,0.0017433570649522637,0.007052767118562337,-0.010412726136667801,-0.009919011752948424,-0.00241365187385104,5.0274928586597745e-05,-0.007995746563161607,-0.009017578228342179,-0.0008869035851917587,-0.0010500397429006403
jacobi-1d,0.00023074251779083474,-0.001486298414541428,0.0007727623018278488,0.00171221821619838,0.0004254898169165244,0.00010647229064488783,-0.0012295078071322982,9.329411423095735e-05,-0.00034058584404495683,0.0006549577772905953,0.00031756355874676954,0.0003172396593906039,-0.0009993291150749428,-0.0003754197900282937,0.0013378068939573495,0.0012102504724074,-0.0007442466770953615,0.0006850536352430936,8.938516598391288e-05,5.7797270710580054e-05,0.00019908044469048037,0.0012332328532162742,-0.0008594766875527663,-0.0012649742353460169,-0.0010941825967317224,0.00023553126029582928,-0.00037808951804739385,0.0010130176326129004,-4.4834796517534416e-05,-0.00044090107949159576,-8.49228072790235e-05,0.00018597790209848124,0.0002213803928195072,0.0007937525864690542,-0.00027348912223411993,0.0006503370854905673,0.0006160148373358727,-6.204746241564863e-05,-0.00022497641384688905,9.709941866731242e-05,-0.0008955396483391572,0.000320667975811754,2.455024574222383e-05,-0.0002773462023469619,0.0009719445613579107,0.000317295003211863,-0.0007892297221890961,0.000258209115304453,-0.0005318349483483568,0.0008161340191312168,0.0004898780171060935,0.0005625267726524423,0.0006914761216648913,0.0007459416819377414,-0.0003722404141929777,0.0002265990318846889,0.0013064096521437326,0.00040341532973495,-0.0005027114774444878,0.0004728962462005863,-0.0006274876151413385,-0.00014204225640999842,0.0006371407715353902,0.0003376197697434691,0.001205562769306804,-0.0003098270978322641,0.0003283779687232406,0.0007134694503899178,-0.0009246930738527226,-0.0007636547702228806,-0.00018750070812529885,-0.0008832989728337755,-0.002341664551545364,-0.0010288641975800298,-0.00011910185639862902,-0.001756036777017774,-0.000616794329031715,2.0816099549847422e-05,-0.0008330889855263497,0.0013680999002341802,-0.00027833041208396024,-0.0005059855986246475,0.00021616835532161833,0.002438756608777718,0.0008218684255249779,0.0010353073782728946,0.0017674149113493817,-0.0011063574109660597,0.000877100334203836,0.0006067164861936666,0.0005731895982686789,-0.0004675662741647102,0.0010733532935470673,-0.0007986019487968102,0.0019799229526294465,0.0006274481412371339,-1.5195910115532267e-05,-0.000606954048271291,-0.0008097300034326812,-0.0009881510159554334,-0.0006725414995344181,-3.0773906595034835e-05,-0.0006765570206577347,0.0005600590699032182,0.0006068234657504945,-0.0007235637269635239,0.0004014455775177339,-2.2252264504155998e-05,0.0004908098882879131,-0.000860945564272697,0.0006925819042256383,-0.0009443646787379597,0.0011554600080368497,3.5882107871051026e-05,-0.000764505297896297,-0.00011894785081191609,0.0002936505875481998,-5.970316732752205e-05,0.00021404207121425618,-0.00023279737706616288,-0.00021093761885519294,-0.00030874083906079854,-0.00011411331940204642,0.0001890453613517214,-0.0005093285410528854,-0.00015466075189275822,0.00024338817232395134,-0.00012282961361052003
jacobi-2d,0.0008387810296072123,-0.00226772316171666,0.00041889639678218137,0.002421172595722279,0.0015656300129559904,-0.00032899014379164605,0.00013708156827886515,-0.001097650521293858,-0.0010043389317853605,0.002086909525722368,0.0018219231318488797,-0.0002456752274576785,-0.0014837778820965559,-0.001286502688495447,0.0017224270307465372,0.003222145193095416,-0.0018894886232730605,-0.0006329233239383066,-0.0007419703256825995,0.0010722276643015112,0.0012294173828231762,0.002648837938685021,-0.0006884942748952405,-0.002784210091219699,-0.002986806255721969,0.0019423850340195832,-0.002870682169984992,0.0005212063200513823,-0.0012050072034331999,-0.0014663010608922894,0.0007587912249203068,-0.00045291247534353274,-0.0006391017131543082,0.001497529782458304,0.000229248576252945,0.0015300031411069582,0.0019746017799309873,-0.0013489345581035365,-0.00010488899766898073,-0.00046813008213859175,-0.0016262983739415264,0.0007580458266638926,-0.0011984364904876303,-0.0006152703819460652,0.0014322360706747856,0.0005167357931032031,-0.0013092314054014807,-0.0006678347479592688,-0.002125917414281018,-0.0002146598914837501,0.0006890179302813088,0.0019159937732841734,0.00038679681487127567,-0.0003170003133872246,-0.0005088364974361313,-0.0008278220978459629,0.003034160668720683,-0.00036649111949080536,-0.00183608389682436,-0.000854337218642921,-0.0012460293153836305,0.0002988113587958084,0.0021996552884170958,-0.00021366947417096417,0.002363075409713435,-0.0002850022724556199,0.0007219624341961029,-7.292067937157468e-05,0.0005357160891330225,-0.0021553476527885356,-0.0007756094652068352,-0.0017861134821585474,-0.0030468857448841162,-0.0012015700627653041,-1.4235549278781941e-06,-0.0008780729286997517,-0.002068703780501371,-0.0012893081049934433,-0.00017142686971311746,0.0015618202072270912,7.757360490633352e-06,-0.0008857139403393668,0.001311447361180554,0.0031075132310205613,0.0017338608976749114,0.002010891313148022,0.0016484166401289312,-0.00037032761439200184,0.0013195915829024515,1.8053895418869155e-06,-0.0010011945638718463,0.0004811210049378882,0.0026931755724286977,-0.0006748491639964825,0.001902501402445747,0.00075556912176338,-0.0007763152380679247,-0.0021163643640506255,-0.0013570004513401078,-0.0011326690887997655,-0.0007665259473108577,-0.0003538187562417673,-0.0019901606302395996,0.0026611657860539984,0.0004133545785384626,-0.0006737357254870454,-0.00026102988685485786,0.00172218848079801,0.0030736734352652104,-0.0010489121338957087,0.0008046854739372815,-0.0015934349050083293,-0.00033480688778663944,0.0011402161018585087,-0.002466491281830626,0.00020446576894956803,-0.0006783292663559182,-0.0007426814624143767,0.0007257667775043937,-0.00039599857883335993,-0.002209249491737974,-0.0012584597283073972,-0.0008906270695798187,-0.00020658598724874344,-0.002044305531666368,-0.0005560598599447474,9.606979622744871e-05,0.0002719708239846429
seidel-2d,0.0005378908922309698,-0.0014858247254621879,0.0006891011949616883,0.0019357303566324134,0.0008505809197942298,-4.704713977969669e-06,-0.0004951700966453297,-5.384347209603701e-05,-0.0011763623960982894,0.002190189555880477,0.0009020105540055257,0.00011525733306966843,-0.0010490242381203496,-0.0014233395284871473,0.0015015998040576834,0.002573109004118322,-0.0012113472467958097,-0.0004276411752795249,-0.0007252842315628886,0.0013977224035683655,0.00010764575373109071,0.0009733862563431709,-0.0007350022328812455,-0.002329764151731613,-0.00250100678072315,0.00048257094858436387,-0.0008212109494017003,0.0014000237397131163,8.502387269497073e-05,-0.0002279184274352022,0.00037620701015379614,0.0006726344961694933,-0.00020991489187487797,0.000841658902886436,-0.0012444489064824436,0.0010872543102673315,0.00183842672764701,-0.0014611559348871187,-0.0006471478647403399,0.0006568595923746979,-0.0015915760822668096,0.0013395634781898417,-0.0003067462376570436,0.00020899306611849087,0.0009587721074396917,0.0012003562470067402,-0.0011040468335763187,0.0004869839637764414,-0.0014891556318240152,0.0004953257450230514,0.00023849165965615632,0.0010678728900090611,0.00024451699768905064,-0.00019942564732895564,8.794027956449506e-05,-0.0007155734082380672,0.0022670799933976744,0.0005886303674272092,-0.001317087978966957,-0.00048339386723099956,-0.0011799738007455785,0.0002763134094681751,0.0011933669124453278,0.0007003384369705474,0.001978980503757146,-2.7459231950129394e-05,-0.00015059365795287317,0.0003530927005858862,-0.0005321880559687538,-0.001203868426911094,-0.0003837001441051948,-0.0010882618140155616,-0.00259054540366305,-0.0003632492330691365,-0.00012357409592034113,-0.0016830232888915115,-0.001555577701775741,0.00016314530326237489,-1.5117426405543054e-05,0.0016948338013427365,-0.0005954700553193942,-0.0013471884012478872,0.0011547855151077563,0.002564632170273315,0.0012101011394908458,0.0012396804184223668,0.0003978463459991443,-0.0008366886245260074,0.0007568073840999184,0.00032056752232050316,-0.000570714315252754,0.00028881038909683664,0.0018181388526102835,-0.0003370313301818625,0.0018142445609890107,0.0017662789348874845,-0.0006941052778602589,-0.0011526862089622542,-0.0005092720575180726,-0.0012350894038059652,-0.00018244212491084198,-0.0001485998067118476,-0.001370451730853629,0.0013777455350223711,0.001069006670583814,-0.0010939291934700195,0.00041863896314325025,0.0005888570716518283,0.0016179502257435308,-0.0012280271023454349,0.0009306067619433435,-0.00113525216788887,0.0007850400827177426,0.0008178814527984768,-0.0004046256145065645,2.200976797243568e-05,0.0005999565806402758,-0.0009917342087291394,0.0003524386954905958,-0.0009270250689303208,-0.0008102607114507145,-0.0010352370209043382,-0.000882506153964474,0.0009727678653302712,-0.002039475579117241,-0.0009406070005271672,-0.00012277057453763843,0.00035904800239515536
