correlation,0.0008638139108737142,-0.0004686160370771924,0.0005602841296662123,0.0010425567819230175,0.0020009690907859612,-0.00022141361616761498,0.0012463595096206103,-0.0005199861053112777,-0.0005036339327362352,0.0020367450290291874,0.0015588560671005339,0.0004329272508394477,-0.00022617067396956634,-0.0016606862944510878,0.003632361295228836,0.0018796256214898663,-0.0013830878239906982,-0.0019961142590560034,-0.0016263049937003606,0.002193661688248229,-0.00021495452727519527,0.00178050959005819,-0.0022608363799163766,-0.004542423831304588,-0.0029812215255142927,0.0023387738193949106,-0.0019606210397084445,-0.00018117138382129538,-0.0003989407387052779,-0.0007952042425984459,-1.9700591871887175e-05,-0.0002919287277433422,0.0002579181469035427,0.001193170111424803,-0.001840527895507502,0.0025240334565920465,0.0009751240234721948,-0.0017192156405066933,-0.0008260897340218533,0.0002427512568166383,-0.0016729143397862726,0.002260646955802759,-0.0018979580613243928,-0.0003921417414964052,0.002074231396666922,-0.0005164014493448473,-0.002702567613032302,-0.001728070550393744,-0.0013218934390062868,0.0011127255496295085,0.0011386926132619794,0.0012583267647317744,0.0006949592966838134,-0.0012884218172956928,-0.002077918536891703,-0.0011398427131655265,0.002506743699220612,-0.00017025603843056922,-0.0015649668664625004,-0.00035725840361849334,-0.00210638354790421,0.00018156839529225645,0.002474846751438729,4.7039555587010305e-05,0.0016317578424781276,-6.81220391234374e-05,-8.669277862239586e-05,0.0014683168565946029,4.51917255424435e-05,-0.0032546763498592824,-0.0008249385845896216,-0.0019554946019800195,-0.0033926711556104723,-0.0007778403444597841,0.0011923179811907005,-0.0005766525878983843,-0.0016296069770548858,0.00013268559452217586,-0.002941481479922018,0.0008662510491806522,-0.00235448348548532,-0.0017748877105549926,0.00012445523739294258,0.003621232934255056,0.0004748455300099621,0.0030648259006485143,0.000927146041347921,-0.0027449069524480775,0.0017347374476145865,-0.00020832608136466422,-0.0013444700313790913,-0.0007013547844204974,0.0033687250305556235,0.0004900193032021219,0.000886715784745743,0.002534799013464949,-0.002004395223939214,-0.0024288249082047523,-0.0010218083949058742,-0.000853365313891428,-0.0017731286243325704,-0.0006257637257173579,-0.0020988794010551736,0.0007610659464375232,0.0004911785007388689,0.00012916481954766646,0.0003669694487912203,0.002534692961574386,0.0026834527461264664,-0.0019556726014653657,0.0006980151398139672,-0.002170674236935184,-9.702019854931543e-05,0.0014939890858185272,-0.0016158314794256865,-0.0003945948650822217,-0.00017012835933412641,0.00015914131196858965,0.0027304020921207644,0.0001207529246673311,-0.003004862046072394,-0.0023990814084373954,-0.0025821070978702828,-3.812673410777293e-05,-0.0012908742065456166,-0.002105996468492586,-0.0007785413346246342,-0.00022708723067561262
covariance,0.000717579429003005,-0.0015128559323546228,0.0003909312320805232,0.0014330595639486482,0.000884238762112199,0.0003893996944000156,-0.0004961360333427798,-0.0005328711464850736,-0.0012435931866136905,0.0018187222449558334,0.0007677668082751985,-7.728667541024541e-05,-0.0009715759174523122,-0.0008310332931143551,0.0010442097944698098,0.0016231287501384593,-0.0017002816073651654,-0.0006393999899825888,-0.0009811744471984898,0.0011537081988449028,-7.040911162091237e-05,0.0010642548602181109,-0.0003800243853003762,-0.0016933329760442056,-0.0020112414348188523,0.0007842373957351984,-0.0006049888944462943,0.0011764504688904882,0.0003535351297722671,-0.00011075416629561612,3.851866823164788e-05,0.00035328785344020054,-0.0002361553484401416,0.0010910047475633853,-0.0008834013343576295,0.00015706625085191002,0.0007687883252878063,-0.0013557370782239428,-0.00015303848894767551,0.0005310710388953122,-0.0010448209849612123,0.0013479063023797131,-0.0005145081613212218,0.0004999313654252546,0.0012942996000631303,0.0012712644775742124,-0.0013776129137459932,0.0009242265897834537,-0.0010281330798447709,0.0010213833751295386,0.00048365926583452773,0.0008680014911771563,0.00017710081252581794,0.00014371437295527097,-0.0006120601115504715,-9.056528965413149e-05,0.002368270629874912,0.0005731437582231333,-0.0007910814680101231,-0.0009703633927312607,-0.0012119574183175462,0.0003296166291658578,0.0011177754005194359,0.0008323166454526169,0.0019822326057259317,-0.00038584458629776195,0.0005629120327977857,0.0009017230388941417,-0.00033475847498093137,-0.0017661400221792671,-0.00010510250996005544,-0.0007473472286662963,-0.002438515556107069,-0.000390592844951243,0.0002753647000385432,-0.001504571011992084,-0.0011365358761525255,-0.0003315480686242587,-0.00048333396014890067,0.0016122586190855752,-0.0006649379095159972,-0.0010062505593309435,0.0009947440748441121,0.0024781761102899294,0.0004419142301014203,0.0011544014048630352,0.0003923143227612378,-0.0011691330616940832,0.0004339966480334364,0.0005728040287717054,-9.976673971951164e-06,0.00024114768794312286,0.001622536861326634,-0.00038072590586222887,0.0018629611112850224,0.000999637129715276,-0.0006662413856290749,-0.001192772344525327,-0.001029367905911862,-0.0010757078117595007,-0.0006749054065429456,-0.00037552431199726143,-0.0013834539786330424,0.0011699412333265563,0.0006341700608399627,-0.0006382689163209372,-7.765618621695986e-05,0.0008523215035113806,0.0019173124590105587,-0.0004665429621906826,0.0010716308436014646,-0.0013081140863115642,0.0002495483367099604,0.000806202496234965,-0.0008860782106153021,6.925832167326007e-05,0.0007370222189354623,-0.0008764004597608055,0.0009118620247038832,-0.0004711464219629609,-0.0004963683499270354,-0.0005421717960308299,-0.0008246720262832241,0.0009986936105351994,-0.0015775443890517983,-0.0005738702567712261,-0.00019469084491317647,0.0005497873035849244
gemm,0.000426438680868294,-0.0028197538492046683,0.0014208658726096877,0.0012308172942685355,0.0009865009507194248,0.0004790886689281453,-0.00033569082150301886,-0.0005914591474945076,-0.0010988963038943002,0.001137125651574159,0.0016846353738221723,-3.605834854731514e-05,-0.0014285032130256124,-0.0008077630582754212,0.0010123377863765423,0.002946472173475123,-0.0017467705768883016,-0.000434912829416449,-0.0016455323664356708,0.0009357577859146311,0.0005179624254028399,0.0013771089947517288,-0.0009798432628160276,-0.002265075677662677,-0.002074766672228213,0.000504227602572495,-0.0005027394899688834,0.0013885325446844272,0.0009649856970268216,-0.0006945871479538367,0.0008188228203374662,0.0010587674169522713,0.0003220978272751112,0.0012544345378428037,-0.0013139763254631687,0.00022156230803644844,0.001749674380132799,-0.0011068043741146046,-0.0005503202339668074,-0.0004468382178823015,-0.0017385725468444927,0.0016343010027884265,-0.0002970827136991436,5.236299793865822e-05,0.002162650571840964,0.0012963399069885332,-0.0011333886086504208,0.0006856460676777872,-0.00153278224507507,0.0008323711303383777,0.00027546439052435114,0.0007508289424920265,0.0010058995279130748,0.0011207006709922514,-0.0004456180554707653,-0.00023608577468599203,0.0034741180703169875,0.0008350381305021591,-0.0015936768638458029,-0.0005922617186980112,-0.0012653564067645843,0.0005785120913711625,0.0018349995291008568,0.0005224889630173695,0.0023820590803900555,-0.0005000957305274364,0.0006759009785678189,0.0010106875895557388,-0.0011022141000320976,-0.001153444100447904,0.00019702642924882786,-0.0011777347806878145,-0.00334026546032099,-0.0006551257769286975,-6.103466534742764e-05,-0.0020238214426542443,-0.0010426534960667293,-0.0004349538994967678,-0.0008107262112816111,0.0019724179760094466,-0.0009716869376629971,-0.0018567183405936286,0.0015400212037486288,0.003596354235048272,0.0016453307501779132,0.002150944011022889,0.0015909441861390126,-0.001965381128729298,0.000562739904956816,0.000589186009221274,0.00017619441251430723,-0.00029402056616949446,0.0020213023463715395,-0.0010333924532303317,0.0023745576117006647,0.0016099822223847617,-0.0004680266597755757,-0.0019451337637427194,-0.0021410701241463504,-0.0009538950629081947,-0.00058457501450274,-0.0006268016021087173,-0.0013999928553824214,0.001137765644311856,0.0007819032769834904,-0.0006747326810179885,4.233505988389722e-05,0.0012270979423332684,0.0014379702049076132,-0.0009860149030031114,0.0016492751714462497,-0.0013647602046362014,0.0007005318194264143,0.0013943309842921105,-0.000866904241398897,-0.00031956985180616436,0.0007992165952196552,-0.0005297030940350795,0.0003683539704255694,-0.00022435308678554807,-0.0005448460645390169,-0.0009952371515675712,-0.0005477530025534998,0.000297156704641285,-0.001694884652643839,-7.441242528498319e-05,0.0002819807229155422,0.00011369354642401622
gemver,0.0006414518657192722,-0.0010774420193576002,-0.000601717581587964,0.0014773115394591976,0.001587762488501755,-0.000564559369148949,0.002049969562418575,-0.000911769982263588,0.0002569297374960161,0.001637241807734195,0.0008440315706462508,-0.0005431169813503294,-0.0008111563580561038,-0.002116097287128823,0.002975729712457998,0.0017805516098463668,-0.0017317345763778144,-0.0012443318028552744,-0.0016282128568121353,0.0013639384563294559,0.0001987693777294426,0.0016852184370521682,-0.0005117774282583831,-0.0031714424472291717,-0.002311278453077139,0.0020188336844296564,-0.0023398991376425483,0.0001276009564870777,-0.0001579599053094803,-0.0008107743981828068,0.0005398385239027833,-0.000608374631911382,0.00028250007855634885,0.0009873266205558894,-0.001529024990582079,0.0016520500480510236,0.0014244711458258727,-0.000863913268839327,8.382239141579795e-05,0.00010720119163294331,-0.0007643067937914242,0.00024012780727003947,-0.0010791541700678339,-0.0005021099889021015,0.0017615619032258726,0.0008686078272379962,-0.002026482374623225,-0.0011688830561601886,-0.0007604956462258133,0.0008192191522169396,0.00019479335726103628,0.001458743928320103,0.0008557057852281644,-0.0013510879993098848,-0.001797881812215842,-0.0012309083919362974,0.0020202708536212954,-0.0008792743532837248,-0.0007127141836339803,-0.0006615501920427729,-0.0018584891637547733,1.6292828384825568e-05,0.002185709929817368,0.0005849022511368167,0.0016637643692682383,-0.00040175019664999683,0.00031410539085978384,-9.437465093269257e-05,0.0007658111145416516,-0.0017978522223760808,-0.00025598885210101953,-0.00024102560654050726,-0.0025723527743694075,-0.00037918838270189104,0.000431175343686522,-1.2544837079338446e-06,-0.001336813481737339,-0.0005781823875927099,-0.0010358748452174843,0.0005574869243238196,-0.0009980891652310799,-0.00019191063023430677,0.0008058963743856034,0.00224387248284583,0.0014432877586517923,0.0012255117057320295,0.0018627735173787972,-0.00022846713681385646,0.0019357532712393102,0.00016427091058777494,-0.00035466245373168867,-0.0010340328451046983,0.0028122619554069696,0.00037951618222735814,0.0010861684379236422,0.0011135643246072535,-0.001056118752893457,-0.00163615279638241,-0.000495762186246639,-0.0009235079096932599,-0.0005639759776262878,0.0004344537205956146,-0.0009283286494252734,0.0007259101783697164,0.00014902165322243908,-0.00043554740155525644,-0.00027882033374858036,0.0011464502183686925,0.0016515359508988603,-0.0014007896244786055,0.0009842280093018138,-0.0010790332370334,8.387008923726448e-05,0.0009483371653860265,-0.0014329901347637287,0.0003132679891477584,-0.00018772109107454001,5.914998045057982e-05,0.0015752777714886303,-0.0003233886569062834,-0.0021558106407117182,-0.0003961763285938644,-0.0015893117496319574,0.0002644314368515521,-0.0010090521279700346,-0.0007507968720177413,-0.0006534207652555902,4.958218670577419e-05
gesummv,0.0005336139030437469,-0.0022125834000393677,0.0006177350530040627,0.0010195455877184815,0.001157969136287182,-0.00020187514175187634,-9.958770377040288e-05,6.670447641924913e-05,-0.0009463500746912973,0.0016394283485106128,0.001164960763225979,0.00010258656254526888,-0.0008337022735822545,-0.0010653885498847326,0.0015800527631485196,0.0019339338870511627,-0.0008350459827556205,-0.00023945921879372733,-0.0007731017839496205,0.0016042708910094386,0.0007534703074143604,0.0008505857950684342,-0.0006969596575102112,-0.002154092021227857,-0.0017127173686128307,0.0003173226468577415,-0.0006938778688616071,0.0008826309413898555,0.0006196416570462535,-7.88250353104749e-05,7.449956935255782e-05,0.0005791087399958024,-0.0002947405426015774,0.0012669956400439037,-0.0010204831606791041,0.0006794245353767322,0.0019388761658383161,-0.0013333259242054461,-0.0006978291583563564,-0.00023643015124752163,-0.0011781054816014528,0.001777322010480549,-0.00017561807462063668,0.0004501613679759578,0.0004754042175739224,0.0008235031972469377,-0.0008881651488399109,0.00034639264193301217,-0.0012535129036794304,0.0006169261401779761,0.0005028271326134631,0.0006115528727224406,0.00040651552091392574,-8.832580819174372e-06,-0.00038540125929420205,-0.00028657502852458787,0.0027065265427619694,0.0005064584829174131,-0.0008632601453999002,-0.0007696724162859789,-0.0008849550945606732,-0.00020627908378268922,0.0012707590547104827,0.0002910068520408416,0.00157011738519941,-0.00034598273400343865,0.0008122432464957921,0.0006350703051793971,-0.00045148828068577556,-0.0017993086582020286,-0.00048349369888794257,-0.0007764376446862856,-0.0022740656854905463,-0.00019113035011477498,-0.00028001282923871134,-0.0012672313817950263,-0.001091594076694153,-0.00014409103494810637,-0.0006184943657328489,0.0009643364863984251,-0.0006258298295125674,-0.0012979770901099899,0.0006836116110344995,0.002445997937853505,0.0010769349360406375,0.0012814109750648682,0.0003392228248463483,-0.0016553682645851866,0.0004061334452989138,0.00034136030154873284,6.139105861684372e-06,-4.50240745469146e-05,0.0014685833448311314,-5.315400244398916e-05,0.0015551769829260085,0.0009445840319765625,-0.00037059129422337974,-0.0010922925788225595,-0.001242191212208296,-0.0005757828070230505,-0.00030100485766820914,-0.00036922276734024543,-0.0012025012753817232,0.001138272565613925,0.001049235063630984,-0.0009041009899763509,3.533382007231541e-05,0.0012642503180930278,0.0018672963900572476,-0.0009432289521629532,0.0009058647409124946,-0.0007998412214409084,0.00044876083338326575,0.0006963364093555652,-0.0007901734140834251,0.00028215722715347426,0.0002002556294523539,-0.0003436183393247585,0.0007610607512143086,-0.0008291325987154905,-0.0010586007833914008,-0.000866460804942573,-0.0009661251257311114,0.0009184557908410233,-0.0016692949118932605,-8.823511714496796e-05,-0.00013132180062479335,0.0004929828500238262
symm,0.0008746508644030677,-0.0015338690202269213,5.550686135254082e-05,0.0019314575018308294,0.00194309766320048,-0.0004484475594709915,0.001885666998153949,-0.000757864186768342,-0.0009293094261089322,0.0021068034951129354,0.000617569670204534,-0.0002762927180906684,-0.0015769507450847575,-0.0006475451697025038,0.0027342025073897984,0.002255085026228446,-0.00197269266865561,-0.001366066883299188,-0.0025744957444297023,0.00139570716307855,0.0012866399647029113,0.0021183387215600712,-0.00039206897752104954,-0.0032422432863461544,-0.0024200511756369792,0.0019626536840923452,-0.0024618428928009457,0.00018519311879789925,0.00026474023765870973,-0.0014366216225412832,0.00033802566187886263,-0.0007842481548510242,-2.5358237462351794e-05,0.0010339801695334846,-0.0001883037145259015,0.0010730863679834707,0.001145485086871604,-0.0014037538912294474,0.0003932040145175408,0.0003524591310969643,-0.002237926417452121,0.00044443498006622187,-0.00014395448269034818,-0.0001803858534625952,0.0013361086945119648,-2.393314426761504e-05,-0.0018492034503729995,9.738735884182104e-06,-0.0018641668456347836,0.0007051302988817982,1.3895258487093053e-05,0.001287182817886526,0.0007757513846853547,-0.00014946469176999218,-0.0019652562080988323,1.4951941494564815e-05,0.0022400208497804293,0.00041983972445206797,-0.0006543446348091079,0.001578453618190236,-0.002462786592997925,0.0007546364597503584,0.0015619198253897198,0.0014361132842507873,0.0023835427741535145,-8.230218330127216e-05,0.00044757363927588493,0.0005186531799506666,0.00019418709630742069,-0.002442310586256704,9.435011250380222e-05,-0.0007059281441880474,-0.0029542762909127588,-0.0012791865567872234,0.0008785984832575544,-0.000953577283543595,-0.001351138663053962,-0.0012405388641390776,-0.0007816615586577109,0.0011538354880448723,-5.4744336212111824e-05,-0.0017470893317164573,-9.123361978621966e-05,0.003300387236642268,0.0014605652320424096,0.0013192266425781807,0.002115086594983767,0.00012746726469575143,0.001692704831782793,-5.467804205538727e-05,-0.00019121426951394162,0.0009150033416935303,0.0028620170878682844,-0.0008461732424063994,0.002018817096924115,0.0006364742376265342,-0.000489093700955643,-0.001833789052119555,-0.0013369659175331823,-0.0011209734906924278,-9.105088695671808e-05,0.0002365205746434259,-0.00030727286590855074,0.0011702192176661023,0.0010690019219435872,6.579875242783583e-05,-0.00014917519342925168,0.0026688585769958544,0.0023410783858133456,-0.00046736967308671243,0.0022449471099647103,-0.0014771745371636178,0.00030442627469071023,0.001308256682279804,-0.0022771183215478563,0.0017099211003909023,-5.137907555763377e-05,-0.00030672417061835633,0.0012307083715831484,-0.0006287635544105544,-0.0026158422544679625,-0.0009507933824944045,-0.0009906549316294252,0.0011407133093232994,-0.002326346148908613,-0.0017107135454048213,1.8817010736950722e-06,0.0007503072930467604
syr2k,0.0003532843210016588,-0.0026077038183261307,0.00039581138521911765,0.0018183429235085152,0.001489672097880595,-0.000608671415389753,-8.76852542122916e-05,-6.823964618392479e-05,-0.0010929152727137327,0.0019349453792446266,0.0016853324495452232,0.0006677108707745819,-0.0018459587971516487,-0.0013987434350714136,0.0016732774230273537,0.002723508328585922,-0.0013884814046708595,-0.0005658800257813048,-0.0012848022086638428,0.0016956978337351427,0.0004242011672307523,0.0008797602694595629,-0.0008662265644158073,-0.0033732727259286385,-0.003057179072072813,0.00048654513135592094,-0.0010633883172617557,0.0013880949543156682,0.000342321287462255,-0.0006651605444238322,-0.00026351579244667596,3.617318433994528e-05,0.00050806440214563,0.0016939556702378798,-0.0015863259482929689,0.0013042689381873888,0.0022878357693281778,-0.002354128182994166,-0.0007681554338215723,8.765135735767548e-05,-0.0015975929721993123,0.001447451791550107,-0.0003966911995948149,0.0002911840296323217,0.0006803153062006376,0.0011935282277229155,-0.0012345355145788,0.0002504830599925547,-0.0010545650540362576,0.0007421451092878586,0.00025340107045353346,0.00020897466054686282,0.0005604898337878694,-0.0002965757504501777,0.0003346838705779605,-0.0001406462385437573,0.003392902095749212,0.0007065623376650943,-0.0015230855198586307,-0.001272965175386079,-0.0010647867794349704,3.658590740294378e-05,0.0019303945769128074,0.00029173386889169706,0.002346584179576894,1.3136637583308833e-05,0.0003470176410783924,0.001291649995685227,6.660117161965735e-05,-0.0012192224061105992,0.00021856320241265723,-0.000842499904551501,-0.0029491558697869054,-0.0013405679334461886,0.0007166876786083197,-0.002015592816695227,-0.0017800353281555463,-0.0002853044748421367,-0.0004986415664130949,0.0017842051670206936,-0.0011347549710246146,-0.0023219976945990147,0.000994026939973868,0.0034855872237668254,0.001646904700413126,0.001502772983216842,0.0008938031816838206,-0.0018176706387604017,0.0011787382026630605,0.001149534881609394,-0.0004177029878230149,0.00014151022093177414,0.0021355022394945163,0.00021954278502727738,0.0026283257165108475,0.0014582489525930048,-0.0012377776767855473,-0.0006275115764537986,-0.0011385576630015169,-0.0015827504904254138,-0.0007780601050729853,-0.0004906968169962056,-0.001779332519525021,0.001616107676583893,0.001022726518142876,-0.0008670997621762085,1.5312618126534456e-05,0.0017262975910729108,0.0019467998706865976,-0.0019092652719646967,0.0012054505557237214,-0.0010730206683691986,0.0007219455397840978,0.0012943189922845538,-0.001694404953220576,-0.0001889825374260826,0.0013459106899528126,-0.0013339765960154182,0.0013987306445166971,-0.0010048320804840346,-0.0011559291299156691,-0.0011954003270902417,-0.0009620067184579801,0.0010948754590406845,-0.0022464439723948585,-0.0010057370230201327,-0.0006378444108205175,0.0003862604625262313
syrk,-0.00025816865713245026,-0.0019513240970354673,0.001340572220922493,0.00081899075939873,0.0006730203796097259,-0.00013389880541581078,-0.0013171110084550088,-0.0009523247891946893,-0.0005169708139318471,0.0009048605891924429,0.0013210312931606597,-1.2678112322343319e-05,-0.0017685793031382167,-0.00040964882439058984,0.001034777192292798,0.0018170598280499285,-0.0007235931053754838,-9.730281001591518e-05,-0.0009988189618626267,0.0006983946494882628,7.65885203135339e-05,0.0011947770819031372,-0.0012892837387173334,-0.001645571989330266,-0.001660329283620538,0.00015667632255321628,0.00027104631529558293,0.0016297090946864046,0.00010188883634833069,-0.0003360883022812307,6.755158014786705e-05,0.00021145067046290933,0.0007265494378366889,0.00041865747193191457,-0.0011079008558883491,0.0015376115789978132,0.0014073670826443656,-0.0002282492074970024,-0.000564427987632775,-4.7268794598191256e-05,-0.00016971603539180555,0.001442633811052474,0.0002942645869615666,-0.00028263221075677493,0.001307258073489316,0.0009059022984021996,-0.001245975207944462,0.0001621852932961095,-0.00037744963487461466,0.000848997859167058,-1.9568071861739452e-05,0.0008468033556709997,0.0009084075214660617,-0.00014856445773148153,-0.00029052995265980525,-0.0006537416780550606,0.0023624320478524575,0.000659684948105779,-0.0007238570829315449,-0.000456680239343162,-0.0004601211713230037,0.0003674217048481094,0.0005241809451995828,0.0003915348775838841,0.0016993859287342478,-0.0006170321109190505,-0.0001689937809285564,0.000648793167177549,-0.0011977108187642847,-0.0013726500767208766,0.00039930964596932326,-0.001056484545390251,-0.003114025604746631,-0.001126075070626737,0.0008814486399791753,-0.0017866470853833663,-0.001290498889476213,9.553799595273126e-05,-0.0009292670467099621,0.0011411394469481213,-0.0008458496561919068,-0.0015987513071043697,0.000995124295463433,0.0024614566930520393,0.0006790467911691343,0.0013326900705376626,0.0010730627974327137,-0.0008787212157888765,0.0005127119145274466,0.00031301804913002544,0.0005244679958056824,-0.0004092528935378444,0.001724597275079355,-0.0004161577013266853,0.002027413165150291,0.001996204543761198,-0.000499854309358246,-0.0009648009093376055,-0.0007939752441517259,-0.0017502007334668532,-0.0003910702098753265,-0.00021019282803536044,-0.0011440583382535704,0.0007483948352526366,0.000539923660855695,-0.0001773843854253856,-0.00018573811853962575,0.0007966621227145273,0.0006206344231335,0.00012300258172280742,0.0011348736228834848,-0.0006220887876730154,0.0010444844992889557,0.0006138984360733149,-0.0015185964954930063,-0.00039211371982774936,2.1452349983519525e-05,0.0003064477295803651,0.0006893033291817119,0.00012164907745197222,2.5352174260559776e-05,-0.00035430445087867056,-0.00028659377236787503,0.0006670283536449359,-0.001033826393981801,-4.115462919192699e-06,0.0005646812736207115,-9.451810747881002e-05
trmm,2.0962460247201855e-05,-0.0017568993618087368,0.0013533668847377225,0.001477992868590477,0.0006041585300823841,-5.1903894805738505e-05,-0.0013062848446612565,-0.0004688015973589312,-0.0009769621813898726,0.0010883064697590204,0.0011080842947841492,0.0001426579243380064,-0.0007853358224168695,-0.000741606856975724,0.0013794881275475289,0.002373785330252191,-0.0007880506777013542,0.0002648298589965573,-0.0008731832217593871,0.0011447231130897984,-2.664043988517623e-05,0.000984566269762093,-0.0008593797429301464,-0.0020839024157080317,-0.0019014386208993602,0.0004500876936477323,2.0129779822915017e-06,0.0011850702064580615,0.0005326223181816124,-0.0008084009088585216,0.0003710564655523209,0.00027220300924931046,0.00017588241276801596,0.0002458732280575111,-0.000807463901209541,0.0010595792067236123,0.0015290136735413838,-0.00014657376917075575,-0.0003210340957911279,-0.0004497534777475333,-0.0005276413427518552,0.0013961696137061606,0.0006528396541325003,-0.00022213849780695113,0.0015637729218895328,0.001476196187291288,-0.0014285011531329236,0.00048450848644645417,-0.0009640541689963808,0.0007538333962327291,0.00040636015173060283,0.0008129839441168568,0.00082868062719666,-0.0001702171910761267,-0.0006933127540515677,-0.0007314800261168259,0.0025302443284590786,0.00013683159761016848,-0.0005191024372089676,-0.00028293411346658713,-0.0005463176495452246,-0.00018419636289031252,0.0006714197465678796,0.0004588875651062831,0.0012582981303758487,-0.0013438331985501605,0.00024145738243746471,0.0003818821630295817,-0.0009339486845810397,-0.0009772322210366057,1.6194769128963302e-05,-0.0006833473661322234,-0.0030919046401188415,-0.0007431493995315864,0.0005562613338567808,-0.0016880666294280477,-0.00108406777505766,0.0007805561424829159,-0.0005923827264714358,0.0017322291244167504,-0.000976464188750091,-0.001282619150747481,0.0010052160218062313,0.0023239123307429443,0.0011418202881862045,0.0017791431430991325,0.001369876250171594,-0.0008391276408187481,0.0006850622269624201,4.462413320860094e-05,0.0003481912444230019,-0.0006157490746125942,0.0016357210938103463,-0.0003148037211843948,0.0018264217974106123,0.0014539390089241913,-0.0002584195308922087,-0.0010450275099387818,-0.0012499669728579543,-0.0014081205641413295,-0.00047950981120907,-5.2054397549500515e-05,-0.000686132839444131,0.00040365477621316247,0.0005279948493047804,-0.0009657540313616585,0.0008106261996014025,0.001277629951227143,0.0011305855389233427,-0.0007647819848599412,0.001256332799563561,-0.0005997326211613562,0.0011655903304170156,0.000134639218121442,-0.001309307473905044,-0.0001245343676741288,0.0001610681301826844,-0.0001811396751330928,0.0008013046027927647,6.5526038434844e-05,-0.00040866745942995543,-0.0003194905080000054,-0.0004064077279478118,0.0005313936200471156,-0.00103990269598087,-0.00012590413564568442,-0.00010542524216740374,-0.00016729872407225248
2mm,0.0002823511670682749,-0.0036055489317907185,0.00028725100559348415,0.0018817134798085205,0.002859526461949057,-0.0002454164763059033,0.00104037038727256,-0.0009713751367843753,-0.0012064319013146674,0.002422454965470094,0.0020387572445857726,-0.0005246387248383563,-0.0020019073414582287,-0.0018196066495455364,0.0029642179215793128,0.002773868675603808,-0.0025049514204930835,-0.0012396855099723325,-0.0017954062451945691,0.001592637540257923,0.0020216104779907395,0.0030324764920106437,-0.001019408755767542,-0.003221611372247515,-0.004022556287614302,0.0025799332786216557,-0.0021825216378182142,0.0010064562272873445,6.136542644806189e-05,-0.0005251124568985688,-0.00033480477848640405,-0.0006924665667611407,1.5515168587836133e-06,0.0007899400925103131,0.0001256759656266345,0.0009879711137225162,0.0019675971869638977,-0.0019554908943921244,0.00015647402869944926,-6.391257444157908e-05,-0.0016439428316848885,0.0007603702331904899,-0.0011765604853490703,-0.0008682832998265264,0.002119432224407529,0.0004725953314011104,-0.001533484112314909,-1.4301353233419762e-05,-0.002941408619597916,0.000877441849297611,-6.476387870162188e-05,0.0008312255076029592,0.0011195961307329037,0.00035053282814837634,-0.002188694265774197,-0.0002886823614289824,0.0028803762484830467,0.00011091654599882671,-0.0009728797753653523,0.0005961211399713088,-0.002043420757847623,0.00099598695419445,0.002791037580821537,0.0012792696276777021,0.002530886589633715,-0.0005393607794810753,-0.0005379315397686486,0.0013496736627215656,0.0007006102895362487,-0.0019682642619920023,0.0012805980331205109,-0.0009285204378452013,-0.0032908942501115655,-0.0012480409162400554,0.0002358423719740061,-0.0020026477456772575,-0.0027387440520844674,-0.0006748264697937254,-0.0015831818031634053,0.0017776481819545063,-0.00014789014448104773,-0.0019002300701476298,-5.7747051991659995e-05,0.003294390342305703,0.002214682456978013,0.002839626075088885,0.0023788173718737827,-0.0003879955877262266,0.001979153448736235,0.00024481605907147663,-0.00066759182968431,0.00038317895135483364,0.0017525997796934251,-0.0006108515923043656,0.0016154447498243267,0.0016619420356829113,-0.0009851165156428228,-0.001927197199812816,-0.001119650199823442,-0.001985597448905397,-0.0003991362580633834,-0.0015012207668842865,-0.0026229038639590165,0.0011570826688092404,0.0016726915078274591,-0.001184184740404467,0.0003912773821551897,0.0017406073149791505,0.002623697657493442,-0.00235204305523404,0.0014480481075644582,-0.0005598611262834871,0.000526665875091007,0.001435508413176369,-0.0019248601452265856,0.0016725546994306429,-0.0006775973187787853,-0.0007505786329252609,0.0020407218779347693,-0.0005788143722698946,-0.0027291619152003056,-0.002042287886104952,-0.0010385261229981341,0.0013086867249355167,-0.001975135383072659,-0.0007973194847881342,5.685250369844233e-05,0.00012393728495506087
3mm,0.0019060746980034372,-0.0035268749611455184,-0.0010456454837660233,0.0023835324109621964,0.0027198136107225595,-0.0004465654284427667,0.0028816958142130517,-0.0032207862258689865,-0.0007938168718421859,0.002913449079904363,0.0007200612133378161,-8.811668185906888e-05,-0.00222853876392931,-0.003975553982268986,0.005370990084005733,0.004401861041576737,-0.0022929694706763874,-0.0025764714067363303,-0.004408798414507316,0.0033010743577429145,7.303198730122688e-05,0.003437418949650206,-0.0011829379666054038,-0.005589515122557128,-0.0024769185606138785,0.0053543937677867515,-0.0037607198103661037,0.001156877795777183,-7.385335510338398e-05,-0.0014327819971787009,-9.328414480324235e-05,0.0006791974362956461,0.0005161984971105624,0.0018364128258850788,-0.001036445802881999,0.003441105436596152,0.0035699021990371026,-0.0025334492558490096,0.001052839645272813,0.0017518888986560958,-0.0013945104840331624,0.00046500665155813835,-0.0011540069561795587,-0.0012499769788395867,0.0025774354726694334,0.000602526154684171,-0.003551227148787895,-0.002869176918265713,-0.0016404307316560782,0.0002201826733977152,0.0016520229814019885,0.0029488971056214385,0.00394147487789315,-0.003292842258384029,-0.002800505164640973,-0.000983006229635991,0.005527445676368913,-0.0007967545349232349,-0.00043840091992455724,-0.0015990717693211529,-0.004500012343391895,-0.0016175032439019498,0.0037585134032500933,0.0016902641183783012,0.0038107851086644617,-0.0006382945859698693,0.0001330127737350329,0.0005385514802999412,0.0005082314176326105,-0.004265802511897272,-0.0011085078472591458,-0.003068312901062092,-0.005406820769922441,-0.002196903933786493,-0.0007115746644419649,-0.0030930402383199766,-0.004358581828239686,-9.511900445770953e-05,-0.0016807909901294575,0.0027358887037134067,-0.0018021921555142182,-9.559742330042108e-05,0.0014265736248165984,0.005174651221565555,0.002466141549830046,0.0032688124549044373,0.001980884090591058,-0.0016131605244497176,0.0035227079280448995,-0.0005723220949560419,-0.0015429057602887042,-0.0024892170701173587,0.004886733375099276,-0.0007043379012553117,0.0023234283381821964,0.0036315766771113592,-0.0010878838779486398,-0.0012928721832348995,-0.0027469324926703664,-0.0031504096274702687,-0.003109934041646538,0.00015396601197049307,-0.003165990459820023,0.0028730327108952855,0.001185040656286743,0.00025240784129044,-0.0007771339833506303,0.0009326465027065828,0.0018446857490351065,-0.003425749085196866,0.0016333834548384989,-0.002408872654499091,-0.00036493733770870585,0.0022540409702480123,-0.0009371023572107256,-0.0010242782233050955,0.0005886743194762749,-0.0006915669175553268,0.0020846561552558744,-0.0012385992185800668,-0.004243111451121538,-0.0023093168679147544,-0.002989541602508294,0.002432808677317013,-0.0025606147638288766,-0.002487991260981505,-0.0011770913111037878,-0.0013114327090518647
atax,0.0008940133127436652,-0.0014314997365709001,0.000966426519331147,0.0005334119379257435,0.0004128897256142939,8.366983878030944e-05,-0.0010327682355100543,-0.000328336872899795,-0.0005554070586650407,0.0005897669899672856,0.0008866240119368086,0.00015374834870370173,-0.0013764143070880668,-5.112446286265819e-05,0.0013899620728761548,0.0017140129485145369,-0.0013910898391874306,3.915371553048578e-05,-0.0007215644318617549,0.0005860702939107076,0.0003949714225049804,0.0008187692873297166,-0.0009192109326302265,-0.001228979263543034,-0.0011967593368910011,0.0001213706218419352,-1.4352007298361804e-05,0.000995958279738732,3.737068541111695e-05,-0.00026636762567963315,0.0002951741306257887,5.189097769518229e-05,0.0002952647887632207,0.000621430804804738,-0.0008059519312403955,0.0005975254338304596,0.0011303855318742242,0.00016011062846393425,-0.00022254436693100674,0.00026938849039900907,-0.0003588941531266729,0.0014026576838214889,0.00036792777913263264,-0.0001381611572004848,0.0006280503099437835,0.00043350181747738796,-0.0005651772275113014,0.00044442352472608506,-0.0005432973058246036,0.0009275487041089972,5.988962948322296e-05,0.0008238101604056675,0.00021887412929559661,-8.811348241108147e-05,-0.00024366757298862433,-5.860520520904135e-05,0.002012821750677896,0.00039024897519705933,-0.0004683791356118942,3.5703618018913064e-05,-0.0004913236863371789,0.0001720763973529717,0.0007534480051526116,0.0003638303692732341,0.0014262838180159325,-0.0004786117641081893,0.00024042094246266166,0.0004135153483848168,-0.00043833494175827674,-0.001190709150748046,-2.9405009018714964e-05,-0.0005709529675756038,-0.0021680561421948265,-0.0009499223693775165,0.0003864849385137087,-0.0014421841577053481,-0.0008460730075038025,-2.1111491726600002e-05,-0.0004478719133036563,0.0009352515192816315,-0.00011971392927826077,-0.0015501613602445883,0.0006906007629695261,0.0020415908345299784,0.00042415959050682797,0.001651818768674903,0.000996306632645847,-0.0005142667406296091,0.000161067667701357,1.3024378374780917e-05,0.00011466050485154051,-0.0006774044420826416,0.0010719600435314539,-0.00021689398364032445,0.0018031597496799725,0.0011812769427588595,2.843077006526191e-05,-0.0005521106259038788,-0.001025359111513713,-0.0011638859352335609,-0.00038691834364883707,8.309615124561388e-05,-0.000732243742048196,0.000830832084293499,0.00048543665333644306,-0.00047662187970797,6.079679053936743e-05,0.0008587485179880872,0.0007427003481274592,-2.7010506044121846e-07,0.0010944771415877688,-0.0003318536959956199,0.0009358006062278383,-8.048501990906384e-06,-0.0006895921689660453,4.801443212024077e-05,0.000222343496847211,0.0001551750332339861,0.00029604870886412087,-0.0001442832346465824,-8.835137939824314e-05,-0.00041649022096476563,-0.0005868121124942211,0.0007724242915572949,-0.0009339978960466239,0.0005104450250420093,0.00024963544643247037,6.546360985359191e-05
bicg,0.00031095687696286017,-0.0018845611086307503,0.0006452730895971675,0.0007027187465802964,0.0007559963816234041,0.0002742403519567399,-0.00040160254471684865,-0.00031434099285737225,-0.0012209431276212193,0.00111385105622255,0.0010351598051122643,-0.00019671286241976883,-0.0018135766968760325,-0.0006852173777036969,0.0016718285887195221,0.002118142535927649,-0.001428837007695234,-0.000735467153412394,-0.0008181966924343159,0.001523519438937497,0.0002501354020999067,0.0007562400099645443,-0.0005760058972307226,-0.002039617583575433,-0.0019359086615484999,0.0008269445631605887,-0.0009631185368203715,0.0009619469635943074,0.0005148244137782251,-0.00014151123164496808,3.4822584182785994e-05,0.0005481297811153733,-0.00014650508752090514,0.0006011537738452192,-0.000816745329101457,0.0004442155821545219,0.0013679183334192424,-0.0010561146439585806,-0.00040981858130015265,-0.00017588518389719397,-0.0007450254351803751,0.0009190125891825918,-0.00020288739328724192,0.0008572702907093282,0.0012563637624914531,0.0012583756025406094,-0.0005476883083412593,0.0008526646792729894,-0.0007670878953914243,0.000837066396100757,0.0002083528435998067,0.000787939040185048,0.0007508528552892985,0.0001697228445802025,6.965728723364671e-06,-0.0002712108325354303,0.0017307474730070239,0.0007346864048017641,-0.0009298184580543558,-0.00010206159418802682,-0.0013033674251511746,-7.185170318486846e-05,0.0014057325162425652,0.0011031572983483783,0.0017217463297129142,1.7130971338536423e-05,0.0003879125801838448,0.00091912701172987,-0.00047155635876344716,-0.001686515809061265,-0.00029724842883517723,-0.0008025881710829818,-0.0022355096394841728,-0.0008622523293359501,7.574427032853816e-05,-0.0016834317111440187,-0.0016396276215153082,-0.00034069246582172735,-0.0009331300596606911,0.0012644266982643978,-0.0010405848628028196,-0.001374891478344304,0.0007695576018842544,0.002517198885007846,0.001243325298811683,0.0010442365789045157,0.0009637088494359473,-0.000706902698187729,0.0005149611821969191,0.0003322850734217685,0.0003595386276367318,-0.0005388171239412093,0.0015150795009200616,-0.00014378726672007223,0.0020866677801787965,0.0011098936482801837,-0.0006007032530099174,-0.0009832492792294502,-0.0014020470599820274,-0.0009979979924537475,1.6758171003664646e-05,-0.00042882062369961095,-0.0010670009765872787,0.00132717998163626,0.0008287834164300214,-0.00033258140377284055,2.580760293781306e-05,0.0009062977732934418,0.0017087143913765126,-0.0006497161071544697,0.0007552529557539277,-0.001279174739223284,0.0006692731448283391,0.0007323620300777485,-0.0008329724378640865,0.0003410389271183786,0.0004891397516378977,-0.0006546962262732312,0.0006921450164361775,1.1275341173379935e-05,-0.000675411733082552,-0.00019224756376360982,-0.0006668628357588066,0.0008426317029812763,-0.0015156489614376121,-0.0003526682840663742,0.0001364881857157205,0.00014056218548803097
doitgen,-8.49454574083568e-05,-0.0026641933945938945,0.0008796536366518107,0.0008681955925729121,0.0013110664988470841,4.668487090830966e-05,-0.000878923326020809,-0.00011126764113850537,-0.0023437606245898883,0.001609227361166107,0.0021181076349393447,-6.609500925580863e-05,-0.0008856217745947357,-0.001011837081849058,0.0016437841583134577,0.0023654649943235457,-0.0014603798925827785,0.00013379684428316954,-0.001362891299562583,0.0011050907670307056,-0.00041326666253949573,0.0009887722262647003,-0.0011523291056613622,-0.002143376480495258,-0.0024145466308188026,0.0009717536183410507,-0.0010265428396127546,0.0012416585016307533,0.001011596902845316,-0.0004991584139323631,0.00032944568836660855,0.0012934641316040287,0.00020952714488427712,0.0004738741383468768,-0.001178962269756765,0.0009228728044805962,0.00203182315715018,-0.0008983286441579829,-0.00013606862623497264,-0.00040624844888305546,-0.0006201734710656152,0.0015846615953783738,-0.00011049493274364358,0.0008028271644255875,0.001383656307167882,0.0014239438649472649,-0.0018046386188190384,0.00047572980321912694,-0.0008991326279665037,0.0012156635334772295,0.0002885816847434856,0.0012145326777248488,0.0012221674942952492,0.0004848795558519317,-0.0003219833632135132,-0.0007733428333685991,0.0027187801523907594,0.0007957318226611841,-0.0007822762632891971,-0.0007074596269264748,-0.0010688914448712763,-6.125101369149995e-05,0.0018618255011338106,0.0007829605926914166,0.002591621899066091,-0.0002934367563686208,8.226357563300575e-05,0.0011335331566967113,-0.0007685039943881619,-0.0017677613173717164,0.00042246596567956156,-0.0014146391461570132,-0.0030518528866123455,-0.0013398675040706693,0.0007253266514141107,-0.0013246195827556512,-0.0014644436984775772,-0.0002995644238251804,-0.0007137148314747714,0.002331467557029279,-0.0007144778082763242,-0.001183699312906618,0.001802846857834396,0.003273312457033863,0.0015047035167410922,0.002252342711990925,0.0009841587266990446,-0.0019597622291045694,0.0004324532857009758,0.0006086946257241527,0.00015820959062269816,0.0008507924339602961,0.0023002145993747383,-4.162879135138091e-05,0.0025574936953936048,0.0021073120989041484,-0.0014314755907730754,-0.001268272774751199,-0.001583978136602512,-0.001877858874382147,-0.0012635916355958757,2.0620628658066463e-05,-0.0018783680254742046,0.0004386963604244495,0.0009892256982919855,-0.0005452939683646092,0.0005505717196399125,0.0014825433505293013,0.0021518621861049405,0.00013442518127737283,0.0006707305709840879,-0.0016014308308803281,0.0005453778675434529,0.0010601113614208152,-0.0015599094652879678,-1.7500645248933574e-06,0.0004799121606686255,-0.0005458619397710665,0.0006361943011991129,-1.520418437879691e-05,-0.0006435695659594919,-0.0005498251614942533,-0.0006216859325603279,0.0006618778235604433,-0.0019743088311653233,3.810858478199368e-05,-0.0001752155600294208,0.0005140925043025425
mvt,0.00014841723791274273,-0.0020876920826096448,8.254450680355878e-05,0.0009362985425869445,0.0009295201523824381,-5.437728988888376e-05,0.0005664157318479137,-0.0001413778555374359,-0.0010347845514113705,0.0012420903785515308,0.0013040408630023209,-0.0004346727151349083,-0.0009600425898811075,-0.0013660829791984663,0.0016804281430612292,0.0017150929714282574,-0.0011939735158075615,-0.0010287286203066355,-0.0010801069600419482,0.0014168453220389054,-9.605622681654926e-06,0.0011342281939269118,-0.0012225495735798321,-0.0022609663003280173,-0.002285489742960656,0.00045542233697824227,-0.00028931723740612854,0.001177816478461684,0.0009325731525729222,-0.00048032424482529276,0.00010559753264319599,0.00046646340885317996,6.106413106580717e-05,0.0005896941564646175,-0.0005154559497752241,0.0005221793893889109,0.0014451213895686405,-0.0013848853682787395,-0.00013115180498236522,-1.4685986976771967e-06,-0.0015451973288326253,0.0009902248932357803,-0.00010934175705927881,0.0009549149247705226,0.0016951731562030391,0.0010511782862512246,-0.0015576877339797668,0.00034211841291239246,-0.0010704704114779537,0.00077718292754081,0.0003149983600107106,0.000941553265443348,0.00041560201321582063,-0.00046479958010900576,-0.00018704431948280304,-0.0006197802555918911,0.002014696620004173,0.0004685397809410815,-0.0007233595833432924,-0.000661870820156271,-0.0015123743707518684,0.00035109830335227217,0.0017021071507153495,0.00042672467949201015,0.0018917030035024414,4.756664853979765e-05,-0.00024345269775949419,0.000603819573196151,0.00018966128241657516,-0.0013149760152219195,-0.00010210197392372956,-0.0005988118138527997,-0.002747248653171184,-0.0005306274343653922,6.905708441939626e-05,-0.001384902165320177,-0.000946218135171783,-0.00019358695965815376,-6.208440179063144e-05,0.0013530465350136106,-0.00026397809923543774,-0.0015817520512109438,0.0006681552226092018,0.0026792039616904246,0.0013884913660457627,0.0007587162600214207,0.0006374896942371651,-0.0009125261743985265,0.00044864395063266545,0.00024049612612045147,-0.00011794809436800134,0.00031943248265536254,0.001523833437034736,0.00018396446043905825,0.0021457657616964993,0.0014564922145379729,-0.0007836394589107815,-0.0011524296180634675,-0.0011161326315514755,-0.0008851750077196991,-0.0005064952152052442,0.0001748835121736583,-0.0012821682755875476,0.0011556746544941897,0.0008403704609301744,-0.0006799136956577849,-6.162087240001176e-05,0.0011347236667034917,0.00179081818075406,-0.0009263151271979796,0.001324784637038796,-0.0008407300745726018,0.0006815369542275252,0.0008688039039033083,-0.0005450609816844367,0.00023372840594592712,0.0012055573219607392,-0.0009071904415490239,0.00039051822362017773,-0.0005346848372495628,-0.001193571455834159,-0.0005653658145555231,-0.0009255443621472203,0.00033011729821819607,-0.0013520816220352059,-0.0009715688882834978,0.0005187829809043343,0.00015073295938848166
cholesky,0.0012707853752524695,-0.002774049830849334,-7.899883759010765e-06,0.0024288989160898685,0.00029562816747380163,0.0006575213382337906,0.001956925136101846,-0.0006952165594864507,-0.0005841275375213526,0.0024731645389369484,0.0011609836333971342,0.0011762250214734295,-0.0011359098211121616,-0.002510362236005474,0.003754484023043511,0.0022229909153409404,-0.002463238493849834,-0.001067051065458347,-0.0023862451106348697,0.0013677346607599045,-0.0005050162562272615,0.002608811737688181,-0.0023304655662246257,-0.004857958546288298,-0.0034629883269291085,0.0032781542398637007,-0.003012410674717911,0.001447031094125527,6.282890630245675e-05,-0.0013954147335365026,0.000420072779211801,-0.00044172460011193633,-0.00015930886880394408,0.0011276854212337638,-0.00044866217506447963,0.003233965068631935,0.0011484045834772082,-0.0006539539877283258,-0.0008063809773011599,6.032983073964715e-05,-0.002610643285895801,-5.3220095788775426e-05,-0.001303125144881455,-0.00204264799470871,0.00286519178810219,0.00043009590367243313,-0.0032662682842783397,-0.000654319363368106,-0.0030655236538586904,0.00041126286015949313,0.0011666428425127784,0.0011626315481326956,0.001537642789868793,-0.001902974923755715,-0.001809250437169491,-0.0010723878526833787,0.004105110059705718,-0.0010516468655118337,-0.0007517075266150642,0.0004923157827256041,-0.004139903714587692,0.0010908414942160662,0.003821588190589359,0.0006582266569684079,0.001701498448767072,-8.679252188206495e-05,0.0006305890266796471,0.00012156466413418659,0.0010872985668376916,-0.0019212052979370735,-0.0005517925137408181,-0.0009258890438205627,-0.0037605676147440033,-0.0026377862744589543,0.0018893546272819447,-0.0005335710739341772,-0.0017507219633747203,0.00028837072479897564,-0.0006815743556621278,0.0020972837498508547,-0.0014925863953087375,-0.0013315629540334663,-0.00014064434285198028,0.004836103204353195,0.0022158560426234746,0.0021402926652404454,0.0021793184875342477,-0.0003713810350745916,0.0027422307061755824,0.0016541496465571172,-0.0006497010196714352,-0.00040169667671660945,0.004819018028291692,0.00039099931225387586,0.0019984992703474644,0.0006285081139584589,-0.0021000258236502606,-0.0034946629530491513,-0.0008135293178161697,-0.0018786903366142522,-0.001474092180503956,-7.295942627630817e-05,-0.0018326890903578412,0.0016874631602937977,0.00022481180478482404,0.00040334748052474524,-0.0008644474324602116,0.001497337476252546,0.0019617798287395595,-0.001899908540306367,0.002010196148282072,-0.0024086497095938994,0.0009310579116087563,0.0012368605494056182,-0.0027890508443265895,0.00017593640952125295,-0.0007749764258430029,-0.0010863616831031525,0.0004944114960704206,0.00048550843920869134,-0.003683066236084819,-0.0018812761022531453,-0.0013659835258133374,0.00018675981041370608,-0.001368933879534274,-0.00267946315830664,-0.0012924812293365702,-0.0003188892741026292
durbin,0.000326687563966306,-0.0017794179181622055,0.0008824751139346361,0.001329807916230084,0.0006218166810340443,-4.162281260311813e-05,-0.0004891587970024704,-0.0004831190013840585,-0.001188278540750358,0.0016421480232194623,0.0011957427271942816,0.0003269963202071197,-0.0013590758189713284,-0.000710808167601908,0.0015329349213954854,0.0017894484309993906,-0.0013710979047471096,-0.00048810660404848216,-0.0010195850848358748,0.001041741438620564,-0.00026164635169986615,0.0012741682169248446,-0.0008077759808204936,-0.0017355477539886177,-0.0020892988774510782,0.0006371522893825719,-0.0007788318159365572,0.0010426851802646077,0.0004378141146569965,-0.00010886352414855704,0.0004627336669049726,2.7291317172100514e-05,2.745307910327728e-05,0.0009600813416468366,-0.0010834946561992733,0.00031504238537717995,0.0012566845035028903,-0.0010301424718770018,-0.0006570848974510518,0.00022510435756298674,-0.0016991267829428057,0.0011715937491758456,-0.000349677103640823,0.0007118163610131414,0.0007898313059627744,0.0010375926645878894,-0.0005679923654244607,0.0005397964016201674,-0.0011162464211580548,0.0005940630535244496,0.00046443129253365167,0.0009883090022079282,0.0006020984444294084,-0.00043666145075701545,-0.00031564058571288944,4.1126538090099244e-05,0.0023978698716089738,0.000428094176872435,-0.0008166795863408992,-0.0008744294336685614,-0.0013811779502425695,0.0005391141931639506,0.0009407047299856248,0.0001585917116298489,0.0018330009114236596,0.00013886564795148094,0.0004161945872031877,6.68206025182253e-05,-0.00047877573823820133,-0.0016084626391419821,1.3575329066737426e-05,-0.0005035291968308563,-0.002231168920671417,-0.0006563827023913253,1.4448621923885082e-05,-0.001156497535186602,-0.0011339691077060148,-0.00026323988539622765,-0.0004331158073178145,0.001199115573248782,-0.0009507873894119106,-0.0013425578000302945,0.0011754042589018354,0.002517519895102382,0.0006435977143666724,0.001114233487423271,0.0008368783997199236,-0.0014816969350674714,0.00030022962368868387,0.0005116311311632252,0.00044367166290978607,-6.527929543035336e-07,0.0015571472982122748,0.000378139103277512,0.0019498618525251768,0.0010335129155200828,-0.0005030131719515403,-0.0011356942902061504,-0.000955625220891016,-0.0010481211380067297,-0.0008037943719745482,-6.68032450109621e-05,-0.001383733068351405,0.0013897592324659176,0.0008741475864483688,-0.00024368944930476852,0.0005042249418295005,0.0010534494637348757,0.0012449442499379484,-0.0007861605293021714,0.0009536866229136003,-0.000777606349547353,0.0003273656496884213,0.0007672005830656051,-0.0005187235184656366,-0.0002404276499378849,0.00033998133616768906,-0.00043931231638878174,0.0006350875428970593,-0.0004227821277090267,-0.0002487283697018669,-0.0003396543166489952,-0.0008503987842043806,0.0008242975645071755,-0.0015125815303400007,-0.00030445838711305783,-4.209264204544622e-05,0.0006545034332988152
gramschmidt,0.00023267636541463734,-0.0016517320569992312,-0.0008484026107814712,0.0012830229547672255,0.002174036256953055,0.0009805029822796043,0.001652663523686003,-0.0017007493020056968,-0.0006247721362925427,0.0032128089830784565,0.0012813361919516188,0.00036188340566454863,-0.0004571050028769403,-0.002158799053200383,0.003889094120907422,0.002916577645523014,-0.0006423747960754678,-0.0008167461825369407,-0.002928966836313917,0.0012591993254784776,-0.00038045972686997365,0.0028017736596479947,-0.0013886393064617122,-0.003904248480762168,-0.0017548908769492852,0.002472170949962068,-0.002623350308653259,0.0011686793239075793,-0.00023580186002890646,-0.001979242295062102,0.0010492506525434481,1.8311762874080345e-05,0.0011369452056073002,0.00067224790616151,-0.0010750805142270422,0.0027100094758236827,0.0015426852668629452,-0.0017561183705967981,0.0001494993896805184,-0.0003506785243601363,-0.0020486128400950534,-0.00021393578642276296,-0.002273861380485752,-0.0015343457748518926,0.0011046012793182551,0.00011877494724989773,-0.002872681530587013,-0.0012525076015461106,-0.001819005961417724,4.65352116632733e-05,0.001374882731164316,0.002676123292379392,0.0017213940071973738,-0.001675701514132093,-0.002518652813899894,-2.201009152859348e-05,0.0030618117245436055,-0.00037437003192102036,1.9586331609777837e-05,-0.000630744868672043,-0.002766553747395124,0.00016581886796838939,0.00279953848253055,0.0014578930711661834,0.002276692919186978,-0.0004149907769101252,-0.00040310532578867144,0.0004928609965630044,1.9298159814853634e-06,-0.0030058872472049827,-0.0003010798325890508,-0.0018597857243494373,-0.003484314844871943,-0.0008580676430394041,0.0005232923962171493,-0.0012813969002138006,-0.0022634013240061686,-1.60086380604368e-05,-0.0010848160086541798,0.0011210421860005616,-0.0011689314988039287,-0.0012305727241332962,-3.576638092399818e-05,0.0031133175846965364,0.0013164973309369836,0.002516066318459443,0.002083873587004287,-0.0017207126392015633,0.0023516664975750633,-0.00019558438310939068,-0.0010998824763479424,-0.0006116312946431161,0.003574767200660016,-0.00011655516634249595,0.002842065913814894,0.0016775013177371316,-0.0013304019131850447,-0.0010083100520345257,-0.0014868819960875588,-0.0013523885383122426,-0.0018228958545587063,0.0004914581183514271,-0.002387962060808612,-0.00011457944532998631,0.00019459126651082232,0.00047960031579894613,0.00024218453349892356,0.002020049084600561,0.0012223034509199942,-0.0012677776952157605,0.0016429276950856368,-0.001318856402716707,-0.0003475089399807596,0.000700984282484297,-0.0010338349325332888,-0.000530095144834058,-0.00019038344076279906,0.00031459283506677835,0.0019494321776285213,-0.0007151398843459777,-0.0024767942574190106,-0.0008942653097868519,-0.0016950116696107138,0.0006756621638083339,-0.0017044733354913092,-0.001921394709051649,-0.00010533883541316973,-0.0008968032151152819
lu,0.002229327190519959,-0.002132092115676693,0.0006179458213550724,0.003456231769432036,0.002765309786258846,-0.0003722460009656172,0.0015143081126565525,0.0005659531778061572,-0.0023939425380957342,0.004656935807096416,0.0029449884426474525,0.00023876397936477023,-0.001031631317589568,-0.0026117219378408744,0.0034892977659900437,0.0027099663551985354,-0.002025609960288472,-0.0007301843512673238,-0.0019314489784424233,0.0023614391824073417,0.0013192106769719443,0.0035433405342453353,-0.0007418433514315657,-0.004332523649580833,-0.0052831467526826565,0.0030636973893245303,-0.0035725662381876863,0.002428662336266522,0.0008790556663550145,-0.0019795619838534864,0.00042915636442329583,-0.00029538263532086033,0.0006734195624848722,0.001070585542738584,-0.0010474620871548002,0.004015152239456047,0.0037805471033244375,-0.0011461643782599245,-0.0009652363380001576,0.0003185619515845904,-0.002406530426962721,0.000371867369871615,-0.00032706442168855914,-0.0010867830147497939,0.0016189137188095475,1.7458689663799134e-05,-0.0032443521252820736,-0.000170956766112607,-0.0027850993762722326,-9.595904603956853e-05,0.0020304528895134003,0.0016599372000183595,0.001942127220908687,-0.0018365713908187985,-0.0003380735861056893,-0.0004102834106855829,0.0037319366813495488,0.00038927965908843647,-0.002926069467769555,-0.0015811704181434212,-0.004212569952485378,0.00113077201023318,0.0030104822169430773,0.0014896158993141966,0.002996521169986404,-0.0010950922115484964,0.0009278451141423355,0.0014616438340556376,0.0010186331574474417,-0.003695430110502871,0.0005910916311201186,-0.0013810107577971304,-0.005253179829653479,-0.0029085710373461986,0.0014117261945175243,-0.0017875113908644915,-0.0027132197663402775,-0.0027221002882824607,0.0007892864526273653,0.002901007158808072,-0.0002452767578906275,-0.0013460899111597544,0.0013960446498023091,0.0048935548181869935,0.003478172044666673,0.00309242011361005,0.0034600915843984352,-0.00045294864390649616,0.0035154585256662106,0.0006776861595375214,0.0006092051972218072,0.00010980413067963482,0.0035158925706887823,0.0003900645460133843,0.0031171907739234324,0.0018275190757119158,-0.0025489559811916387,-0.00379379290856198,-0.0010921460851646267,-0.0020273062905310757,-0.0006106711393648523,-0.0010832625166756582,-0.0021482937543094377,0.002257596056274302,0.0022820721501439424,0.0005983053375069137,0.00019755397189443795,0.002492691627863473,0.0024735182024487414,-0.0012500772958053926,0.0021398419105939587,-0.0020328441562971096,0.0006566322707169921,0.0014304803123917215,-0.0025373474898241996,0.0008827886893823875,-0.0002777861033296539,-0.0003521867454662537,0.0019666310792262535,-0.0011618589920510604,-0.0040052707186526235,-0.0023476790430181672,-0.0008711127859858377,0.00013286961526967947,-0.002769312514850275,-0.0014060914809946759,-0.00044682953414170264,0.00035758345891847117
ludcmp,0.00010938332798405129,0.00022522068323542344,-0.001738395691578268,0.002367164650392621,0.006053669328970674,-0.0005905018868739573,0.004368262685926707,-0.0016708051410658617,-0.001208997989568569,0.004051068813682247,0.0013496787508575226,0.0010311143260899464,-0.0030930459646511172,-0.0014941725350803813,0.0022786906723826533,0.002748853890915427,-0.005512418517454453,-0.002089568487262002,-0.00448869979350498,0.0034342906550675623,0.0013101608488832067,0.003653546294456589,-0.0017143135165878576,-0.007652074030906222,-0.002781481791809032,0.0051193327626276154,-0.0035921999015615315,0.0007749496681114606,8.224659894148147e-05,-0.0035218397740026087,0.0015495731736532,-0.0016753162186738913,0.0014582394289373221,0.004325363286469276,-0.002787770430976746,0.0028772360123178625,0.002552745965046354,-0.00024116321621099049,8.148515905721748e-05,0.0004990246933894404,-0.0009191470949317831,0.0020925029259442666,-0.0005148671769125736,-0.0017936261442072863,0.0035558467816942598,0.0005597426339236846,-0.004746183101215078,-0.0015025016016284773,-0.0023082058919844293,-0.0004033141811803812,0.003748188009285814,0.0015409781675104865,0.002123911278878722,-0.00014259304238768393,-0.0025787221415211575,-0.0017233678378460033,0.0042808574973797675,-0.004756414017476958,-0.00335655885536842,0.0013951120918226489,-0.0020540661314010955,0.0006030491222971328,0.003855224606253638,0.0020461137187805026,0.003973310336261282,-0.0005858839879035466,2.7256763432917982e-05,0.0013311446812925472,-0.0025009384330512596,-0.004226067058523095,-0.0007494957281229326,-0.0049507165562852114,-0.004867677422628044,0.001972773718758503,-0.0005343411481265834,-9.986898093791709e-05,-0.001842451753161933,-0.0019660158285008792,-0.004054111224243693,0.001825602915163556,-0.0025217094457655087,-0.0012416616735827,0.0007970853446677931,0.004578284621115761,-0.0004020281816061806,0.004094035111019465,0.0014978087798742906,-0.0014332163926563993,0.0036205355796008506,-0.0003183179916491234,-0.0014339362058146236,-0.003472648973989461,0.0038831569955219544,-4.4731255974790595e-05,0.0035368742257092115,0.003126522637061312,-0.0018093645193592166,-0.003676329999255151,-0.003360151990077446,-0.0027130310016386665,-0.0026706612608706727,-0.0005702018006018935,-0.0025013702470700104,0.0016674929377559508,-0.0016856647578924672,0.0002276002842801564,-9.539485269576917e-05,0.0034231114705017707,0.002771644066873849,-0.0034769324561734313,0.0030089455188740746,-0.0022046217160281794,0.0009077612374990962,3.878636771062675e-05,-0.003533685125010547,0.00221631151899982,-0.000284600192682876,0.000643792568544176,0.0014836773131626333,0.0013444144761907521,-0.00512994419327682,-0.0047202057739863445,-0.002345766357663733,0.0010741571450756117,-0.004129595316152346,-0.005593415946950759,-0.0002251501777098281,-0.0019235898329942255
trisolv,0.00028395459620940796,-0.0015461487723732125,0.000673253666800002,0.0011762688043198408,0.0003123484880566915,1.2915480074593872e-05,-0.0012628243163588166,0.00027114247917247333,-0.0002399148850496366,0.0007050143647323764,0.0002070871719851999,6.91678951625363e-05,-0.0011076465624335365,2.8572524237594134e-05,0.0009673942578246635,0.001308436145721102,-0.0010132702499082902,0.0008577134051633245,-0.0003369668337381142,4.489313076606126e-05,0.0005140684088547733,0.001152411286996103,-0.0007217565115256807,-0.001215549711574804,-0.0007684245232134921,0.0002516109230871335,-0.0004474678335839606,0.0010157286805468442,0.00047454190777299537,-0.0005607092506971544,6.036213682552732e-05,1.911929288828874e-05,0.00010882302485993208,0.00045544965357064907,-9.266758771571596e-05,0.00037389999370060376,0.0008738026624005733,0.00014784994984837817,-4.898703858687928e-06,0.00024309499381863458,-0.00044954134886566175,0.00034453794675452326,0.00024323915449639297,-3.372674412579121e-05,0.0008047134841006008,0.0007032398684603367,-0.0010916781506150473,0.0007631383514234312,-0.0005471954947740702,0.0007773532825863149,8.870011545259627e-05,0.0006082990570930855,0.000940459758508004,0.00023891131345814897,-0.0004475548272771781,0.0004919056392112005,0.0013198489487263217,0.0005482667295474699,-0.0004614775612506906,0.0005062346217602045,-0.0006815845525834891,-0.00021168964493090318,0.0007293333787597883,0.0005570630148612531,0.0010785952161653752,-0.00025163147654346516,0.00043219992659306456,0.00035763871056861547,-0.0005297161337287294,-0.000287260529059894,-0.0002761465423431425,-0.0005760554058207067,-0.00206337415810099,-0.0008251082462805695,7.084088296013339e-05,-0.0017708962955296785,-0.0007228478574304278,0.00021819015467379476,-0.000745097075240465,0.0014954477939563657,-0.00023817325575699333,-0.0007418603360370403,0.00036443467742935714,0.002456899872546584,0.0010145371178497762,0.001178098038005514,0.0012718395017190032,-0.0003966825184406622,0.00037666023657711626,0.000680909755252154,0.001013278051332014,-0.00025751281161016476,0.0013843052227427942,-0.0002939643464350507,0.0022193424587518477,0.0006468834501465904,-0.0001993854614154519,-0.0005260004739587506,-0.0008319258934689726,-0.0009719257258313326,-0.00027338202713375414,0.00018449446313722982,-0.0010464792635539789,0.0007206862621713047,0.0009619530413819882,-0.0006897439155928749,0.0003683869319679727,5.97966025792615e-05,0.0003959866901017286,-0.00042922388059573344,0.0008275852404010474,-0.0009216286552094143,0.0008265858095392918,0.00018171899598489356,-0.0009378308473614884,-0.0005179429359057808,5.016254259479739e-06,0.0003423885344357298,0.0003708638351389805,-0.000588516604028239,8.160863989160578e-05,-0.000410029375608594,-0.0003616997700731641,1.2026231819233758e-05,-0.0005354577974630069,3.940966174316903e-05,0.00014778209713664346,-0.0001786363945273745
deriche,0.000513995619604305,-0.0010621195974269196,0.00037469591960500903,0.0033849501727208626,0.004098241594268946,-0.0033960867066326035,0.0043200120795026725,-0.0034756038141911436,-0.00011833784072216527,0.005451994128656579,0.00033336100310018293,-0.001732410851779842,-0.0010756398986580247,-0.0040040672408017935,0.002996736284498061,0.004602352165453019,-0.002566668703769007,-0.001150312400691368,-0.0015164742333335954,0.0035244004525057273,0.0015813232401181848,-0.0001005492937600558,-0.005019567647246138,-0.007456245080325837,-0.004510749181246616,0.0029608133370287175,-0.0020086946353525385,0.002217124434199393,-0.0009994671792544357,-0.0034313136894502903,-0.000565903225833395,-0.0020234893293582332,0.0022624577781496257,-9.431964891786774e-05,0.0005100077724216782,0.004980461275016278,0.001969378654057795,-0.0017342160447323402,-0.0001282852993189601,0.003805922063704345,-0.0018700034455266278,0.001879548429460078,-0.0011849090551823054,-0.0027836431940343235,0.004730671054380465,-0.0014727822054340187,-0.0015660042580770452,-0.0009140628403528614,-0.0009953493394939828,-0.0013425041238124716,0.0027240692366083965,0.002529954598919208,0.0014696697727712563,0.0004515090277425593,-0.0021874588107253165,0.0006933006245084195,0.003570510872708407,-0.001978746306422369,-0.004695132840588588,0.0020939477047917155,-0.001732401055218238,0.0027484658875083943,0.0013870546320232905,-0.0002805796209132217,0.0038815631942680086,-0.002116188678069253,0.00167708222459207,0.001243054215582327,0.00023915598592530904,-0.0024570971191486017,-0.0008899124451358656,-0.0029523414702519557,-0.002705081483600395,-0.002656216972385456,0.0008048299364085457,-0.0009435047021218248,-0.0013240438677390015,-0.0009143999758861838,-0.003152120498134451,0.0011590127327573369,-0.001683458201771215,-0.001778668520778726,0.00010169595403195666,0.006479645785439607,0.001305791850565556,0.003072323199802707,0.0022307548130980413,-0.0029906208008377406,0.0018130036095965075,0.0023202480926495317,-0.0005017116982625856,-0.0021187054062039314,0.0033520106126417363,-0.003114402832962026,-0.00012351536414319323,0.0030237807072509594,0.0001660839277796984,-0.005753577308066455,-0.0010046164608634026,-0.0019386861981174884,-0.00438277891483883,-0.0017948593435076015,-0.0005354963719671615,-0.00013996408713482867,0.0008083560188692499,0.0011183449478471758,-0.0005340332791980118,0.0037882894627180347,0.0013151941346437887,-0.0014591702049183437,0.001787124933046114,-0.003257079419947116,0.0008632349899124346,0.000790855380904073,-0.0028737329460917357,-0.0007237138399319677,0.0009104553032446392,0.0016070916251452153,-0.0005024601531288563,0.001235952473546742,-0.003703927093663377,-0.004808822188556533,-0.0044870464917517285,0.00043432633860194424,-0.004135102775155322,-0.004303850722842513,-0.00097772515041905,0.00019223771551395697
floyd-warshall,0.0002775838214767886,-0.0020090639375226348,0.0006578507443164028,0.0007760026807012329,0.0005772308931021675,6.24259467161284e-05,-0.00013903704980265097,-0.00014529692714905027,-0.0014955231160897052,0.0014576763901259142,0.001122745950886143,0.00022284985110753087,-0.0013871166101005587,-0.0007462146944668782,0.001041568563409182,0.002588748230818793,-0.0011503015278625146,-0.00013594218675074067,-0.0008997399313814656,0.0008184482450941109,5.17347944655482e-05,0.0013236664762898613,-0.0006022496389897076,-0.0013821573750035026,-0.0016212658899560396,0.00019857613297749336,-0.00044374692284039174,0.000671052751426055,0.00021186836998685117,-0.0007907897148805136,0.0004123885685789586,0.0004907801068049663,0.0005033998884000368,0.0014164041757617298,-0.0016014086432281278,0.0005148687851719584,0.0018276315452069713,-0.0011731512682706794,-7.346206400319166e-05,-0.00013054664330686033,-0.0008274853216846981,0.000929610986445969,-0.0006141543647189443,0.0005137532440679728,0.001228567494477406,0.0012303454612997513,-0.0009735919428629062,0.0008982674486025598,-0.000902706087067571,0.0004198882256129518,2.812328195615244e-05,0.0013368576881292705,0.0005903606092628332,0.000587964811523953,-0.00045031004475682985,-0.00018971800413707552,0.0019141402371356238,0.000506266052373879,-0.0014527346103714997,-0.0004883433645298271,-0.0009954822553252987,0.0006458791185707827,0.001322628649148604,0.0007951364583597935,0.002179957762404137,-0.0006967170953636392,0.00042682126003378555,0.00059731387583447,-0.0004984066254682084,-0.001096372274653005,5.522649857908309e-05,-0.000875789637758551,-0.002892237911910571,-0.0013086414299140182,-0.00018307151787335188,-0.0018117836291038079,-0.0010213312222800116,-0.00048597256773636155,-0.00033270623831447427,0.0020779841617707077,-0.0014791865711837697,-0.0014002755218963051,0.000874965424681816,0.0026497883022412855,0.0007245644716342396,0.0014169352891384155,0.001340791984840513,-0.0012884434845145505,0.0005278850127618874,0.0006573296093035349,0.0005612363432380833,-0.0004979792692834539,0.0013167162363306889,-0.0009932923521258966,0.0022315348815713804,0.0017984465604807974,-0.00047836832477200086,-0.0015261897457300088,-0.001338535310412609,-0.00032360936170363355,-0.00047985072581371315,-0.0006429912271574813,-0.0016639572190025268,0.0006685728578716253,0.000472871401692622,-0.0007390311897233343,0.00033591215199653244,0.00104364461938805,0.0015857304814681644,-0.0006413178851049315,0.0008434671542073495,-0.0010519797018695837,0.0002864794755309129,0.001436378218300579,-0.0009530148698264475,-1.4870213674628118e-05,0.0003675357385884653,-0.000631675115199291,0.0007388456758218246,-0.00018370050139716605,-0.0007402663693754896,-0.0004903403756577733,-0.0005368805942001149,0.0003597854978030433,-0.001784753799342379,-0.0007080930899630986,0.0006899551525799874,-1.9558978787039074e-05
nussinov,0.0015420445236742353,-0.0006122944965056831,-0.0005681364349499063,0.0023886332764817553,0.002666018269493975,-0.00023233329684302362,0.0021786753013195437,-0.0005607156880458319,-0.001512593460184064,0.0036225367721840485,0.0007854892421050863,-0.0006706412734160949,-0.0012331276466994723,-0.00229234797279787,0.004070740681527241,0.003408064006258371,-0.0015516783829028213,-0.0016777501292892794,-0.0011005552128153795,0.0025908565036303344,-0.00041484376755818175,0.001889618273025917,-0.0018898764589536654,-0.005737581838332062,-0.00394577398763829,0.0034151824671084796,-0.001525543353068315,-0.0007264236583210959,-0.0007915791495491931,-0.0013423650914177188,-0.00020380372012596126,-0.00044259409835945007,7.026798333242823e-05,0.0020388885896345244,-0.0019722721813337785,0.0023549466919945417,0.00013495245534045353,-0.0024021689133917334,0.00014393085938380068,-8.349436395072019e-05,-0.0015567956429549668,0.0021476408867187047,-0.0017175164019249678,-0.0008817300077055279,0.0025140513949679644,5.8316317961271125e-05,-0.003787666613646934,-0.002039861800227527,-2.4832500798765977e-05,0.00038685894447354485,0.00288201485816586,-0.0006314188946277,0.0009915982058430473,-0.002294190324946044,-0.0010172206746972279,-0.0010029033368965656,0.0035758533566081496,-0.0013750530104559289,-0.0009900059460576927,-0.001093469146617565,-0.0008605977547233579,-0.00030010475451547336,0.0027824931105442374,0.0008514824870076154,0.0026253076999012137,-0.0014166793453376236,-0.00036147737736502705,0.0015269234374954976,-0.0005335276318589877,-0.00325389317734448,-0.0008592833293334934,-0.0019728409727903795,-0.0038361775627748784,-0.0018002342657723602,0.000682152618239229,-0.000843401811735589,-0.00294884750490354,0.0008296661711426623,-0.0023525373803678917,0.0016126289530689064,-0.001221767940236873,-0.0014605443774797777,-0.00046720060382199335,0.0037986868396444606,0.002086165464191936,0.0026830499199803626,0.002563972432483297,-0.0018535915323880658,0.0027695801028073674,0.0012698343928860822,-0.0019514550016026533,-0.0014654801099140968,0.0036675917814150694,0.0006082862408938183,0.0005959227866298988,0.0015743445673166434,-0.002606362338525514,-0.0013141452016540711,-0.0012455451942798845,-0.0009007028945902107,-0.0026092790704410618,-0.0004790095638060876,-0.0027651204767877857,0.0008257370393351948,0.000574760032066024,0.0009277560480995817,-0.00024188455760310035,0.0031763989950519544,0.002395353431339231,-0.0027759593335190402,0.001569062524900744,-0.0017378696458649756,0.0007928747016734405,0.0023054254584096157,-0.0016859740800896361,-0.0006019618396386761,5.8065241688609603e-05,0.00021580230889206575,0.002076889862422604,0.00043458524726958103,-0.0032600750155040714,-0.002687723283941068,-0.0018034739109538123,0.000607350692600761,-0.002697011246510783,-0.003356964497811532,4.731108106170723e-05,-0.0016537735917268037
adi,0.0019486274589348516,-0.0007360100680727309,0.00047324325665321353,0.00411745768840759,0.0037257369399393996,-0.0027006172914211994,0.0017575535595090893,-0.0037271223574821062,0.0024933033423191545,0.0067412154833922005,0.002109536384014363,-0.0017985538125225345,-0.0017415003616548692,-0.005333604803445082,0.003306453956454025,0.005368463179290934,-0.004948158080831298,-0.00381038857790653,-0.0028491456546418455,0.005556436630271072,-0.0006043403523767946,0.00045766189990443254,-0.00479534483551061,-0.012408831420132015,-0.009720531215502832,0.004154470501191788,-0.004769116299101542,-2.500987237976073e-05,0.000292784485117345,-0.0036600207178292487,-0.0011886962453456678,-0.0025812136130152347,0.0014526440291800834,-0.0005408117330011264,-0.001993000593434854,0.006570885780893748,0.004305649369085781,-0.002254498757435609,-0.00102113923844346,0.004062540164528183,-0.0021455966201224907,0.0037687752877144454,-0.00304711731969067,-0.004360698736872794,0.004275288974614666,-0.0007473284252007216,-0.006105973123923809,-0.004520608072329226,0.001048073762752738,0.0005760491410951789,0.00560490196058323,0.0017014407104199466,0.0011078550069888243,0.0025808894124846704,-0.0007386986246813278,-0.001787086485434094,0.005306431917267252,-0.002043987463448989,-0.005697523776255033,0.00036862088392561776,-0.0032169498243040276,0.0032034630887150485,0.0019333916916399183,-0.0001285677275183559,0.005254735796186973,-0.0019131298169739411,0.0018174767194700937,0.0014990646172712934,0.0018193505436959081,-0.0050179525894569685,-0.00086417557762159,-0.0031220457054819367,-0.007193169412970253,-0.003931171409482134,0.0013213163012790914,-0.0017189520346727787,-0.003513670963167051,0.0010783692000380745,-0.005906292583915027,0.0007681987372960014,-0.003119704044582871,-0.0031099514985595276,0.0019293894575441203,0.008915454063267153,0.0016467209299022485,0.003632361589530145,0.0013738542757057352,-0.002934197552053681,0.002558512568361293,0.002361779821175905,-0.001184369485090728,-0.0024022240356303516,0.004829354801765958,-0.002434336895350625,0.000619399520379457,0.00267715581810488,-0.0009131246446403989,-0.007513034286049284,-0.00046244693923070394,-0.003984574575072585,-0.006159571057785932,0.0001554931896851171,-0.004918899433149867,0.0010024599360568336,0.001590434735518839,0.0005224057383086281,0.002601284456207474,0.00419020413770011,0.004936824388107512,-0.003356169860855943,0.0049433985024936395,-0.003619214047737041,-0.0002511661486949626,0.0009142382804732475,-0.005088728069079671,0.0009817651882011336,-0.0005624922852518687,0.003992789214660459,0.001131277441281819,0.0009497276551422898,-0.0063096519973707636,-0.004821631615148198,-0.003229987521144684,0.00113866147693604,-0.005341112015193037,-0.00195998235854941,-0.0008585020907821485,-0.0016994033836985512
fdtd-2d,0.0011824181799330324,-8.524994453050268e-05,-0.00048120766037616476,0.0020518326185690805,0.003448516114768832,8.25397041147295e-05,0.0038271224413972543,-0.0029860305669405303,0.00022818160549010723,0.0033202915548896385,0.0029176744987925206,0.0001144630953644976,-0.00046554854219670814,-0.0036486453808748723,0.004692019553781345,0.0035821325158438815,-0.00529748499838077,-0.0013198622232030615,-0.0015486039468367216,0.004181491274941631,0.0014988661906817906,0.0028033572190126386,-0.0023803209925255097,-0.005344460375809834,-0.006275487998624837,0.0037755424400624004,-0.0026931072640093566,-0.0013994656303212402,-0.0008240727787728826,-0.0012053511489970629,-0.0006129188725490907,0.00088296790837788,0.0013150601009901727,0.0025361329774924346,-0.0018943760595994123,0.0036499092094946627,0.001489234005294782,-0.002371777924274479,-0.0005238045313235237,0.0014398130049145435,-0.0009920140978339615,0.00242185501154312,-0.0018245261954314843,-0.0006434970123415501,0.0039214838469790935,0.00042962696453668,-0.004542671531094617,-0.003650602864613213,-0.00040615579852113095,0.0002274418884144482,0.005469096637567406,0.0012115161193408195,0.001065643924618463,-0.00083827494776333,-0.004708166075785802,-0.0005335570492040105,0.0039669425810536585,-0.0025955692498928484,-0.003207127412773667,0.00045766433322569355,-0.003089203955805023,0.0016243187547783468,0.0027577030633283766,-0.0008266344926772737,0.0033224646851402677,-0.002441430797582999,-0.0006972143378098267,0.00018830024201070612,-0.00010476061781956154,-0.002807178287637971,-0.00032680421802988693,-0.0030787625796037774,-0.0051612513130830815,-0.00022093319290484364,0.0011550896905297046,-0.0016662183624402633,-0.0022429502870562543,-0.0022556165118598308,-0.0033665278343257016,0.001908832578139362,-0.001290856265132823,-0.003222634047368764,-0.00027668552217641467,0.005970212826295836,0.0010029662220672419,0.005074477640937717,0.0032484920185578345,-0.002461537441128388,0.003097035436911966,0.0015091095357630997,-0.0004889509553158923,-0.0015048147430383116,0.0036176577523544273,0.0012242746627518473,0.002319077006378805,0.0050731727659282765,-0.002365558360315373,-0.004690337153853044,-0.0047179998386077055,-0.0013316710397123935,-0.0017611755244480456,-0.0006174106965583985,-0.0031076871113151563,0.0005687890995737362,0.0010447761492837831,-0.0003152213972108197,-0.00037939521892134837,0.0011035028320202085,0.0020720145300455284,-0.003210523989657625,0.003279163015089278,-0.003408801852661297,0.0020050041178626267,0.0017729882291699622,-0.0023902426707684415,0.000279986463245657,-0.00021382096793978302,-0.0013640818728616313,0.0005493418661820665,9.59559283193598e-05,-0.004088672274557686,-0.00362348749961469,-0.0020508756120843795,0.0016495403488142259,-0.003864207609106362,-0.004616405596103838,-0.0005181264687174992,-0.0013137461247711034
heat-3d,0.0039286242805535295,-0.0028763314180663803,-0.005850388029095031,0.0015762564402568963,0.007237147366364715,-0.0008817371822930494,0.011241039435020398,-0.005180911705857235,-0.0008827528963283891,0.009177966395979377,0.004049107360244807,-0.00565916373977001,-0.008109319953770785,-0.007857706516124665,0.008428379368722863,0.0051847398855135425,-0.013284937692758306,-0.009952171672035088,-0.009522715187821176,0.014507808545438629,0.00658110774720085,0.005894041613676437,-0.011167599769452126,-0.018226799173619454,-0.016028341616681322,0.013590280939633602,-0.011911052892642675,0.0033444855376270196,0.0009328832747249608,-0.0046875185927058895,0.00356709490906028,0.002662211597819138,-0.005639230276805233,0.004829042183901914,-0.0006017055277779508,0.013724020068271042,0.010525914102859274,-0.004996424815374695,-0.0002499510571909686,-0.0002166417423506609,-0.002904373246946546,0.004681794684007715,0.0030778269967217694,-0.0067225556951505516,0.006493386554201305,0.0005871552408233591,-0.013906321555020541,-0.0049089613952900705,-0.001659789378793957,0.0020848284970291084,0.00840382277964515,0.0024312937472832836,0.0023148848096299314,0.003964153624795964,-0.00557971834632167,-0.003057365253604879,0.018290585441275424,-0.010308303313165582,-0.00994107719903984,-2.1830615497252932e-06,-0.0102573267635534,0.0006646014726311864,0.006836390065264403,0.0007897886259907315,0.004225109546988348,-0.004903948351783463,0.001689219322344679,0.008232969837712564,9.601531526708327e-05,-0.013436930556806325,-0.0002518021546998183,-0.008472783664205898,-0.016875443673188398,-0.003457913189547867,-0.001194114359873375,-0.0050485744092913735,-0.006112847421648905,-0.00471198805071743,-0.007149797347665299,0.003630919231386478,-0.0010189402405184624,-0.014640156509434354,-0.0007837780181021877,0.01569956577913199,0.0064573863642941156,0.012051262586842068,0.0057649384113958235,-0.005526567760011278,0.008099847414419345,0.0017733738690890342,-0.006855440986323023,-0.012894828718586986,0.008817889979940235,-0.002802795851171952,0.009368367532314997,0.005942876882297161,-0.004846294726134296,-0.010419673353304827,-0.00483745922366729,-0.004313670009218258,-0.011503041518483411,0.0022493796108335735,0.000864852488597607,0.008771704859842307,0.001213916651003436,0.001032194090270366,-0.0031516868097365637,0.004463439196398772,0.0014928302282744754,-0.01274832934842784,0.013568117548599469,-0.008067181602192705,0.0011641881057080136,0.003957221369537442,-0.004669751435043864,0.0028259170315402863,0.0015101893793115632,-0.0012200735744575986,0.002315276950318185,-0.0005933912935165543,-0.013287870874574009,-0.008188520113633904,-0.006374326366294709,-7.508719805092155e-05,-0.01237686779547091,-0.00909862089724489,-0.0025543823255837856,-0.0011888068497000214
jacobi-1d,0.0003198538105910605,-0.0014573327078323927,0.0008874314503070006,0.001466517684889368,0.0004782480987652586,-0.0001498385343438713,-0.001136899737806137,-7.766132172643362e-05,-0.00028376994002125383,0.0007851159871885709,0.000291224871277033,0.00047973437429694364,-0.0007273964395911511,-2.7034973015815922e-05,0.001320748596208432,0.0013407253870051743,-0.00107088735258003,0.0009371566982736112,2.4893462614272722e-05,9.312310285167769e-05,0.00030732759019353275,0.001116639692403017,-0.000680293541889417,-0.0013374226422759724,-0.0009198457794506491,0.0002465782593693196,-0.0004693773383223743,0.0008176422388108524,0.0005463945418493192,-0.0008053512626853868,-0.0003339554907142883,-0.00015254442067392422,0.0003382165995390096,0.0010384115169699726,0.0001540611913090591,0.0005724047741750837,0.0007885204494414211,-8.891682751558014e-05,-0.0003125797157736088,0.0004358103413930318,-0.0006789855149387828,0.00025389508494602826,-2.5310054297733585e-06,-0.00011920494101218538,0.0010426569794195946,0.0003850939494441263,-0.0010204067506644303,0.00035428260186260254,-0.0003821598439571972,0.0006847528711659834,0.00016440717239068665,0.000982061317699845,0.0009235777831387774,0.0003297716900002949,-0.000212600624611999,0.0006588368109078146,0.0013551157747694258,0.000951034006906563,-0.0003715677948700128,0.0001701156925264513,-0.0002985680866307424,-8.846294134248941e-05,0.0009314541860248937,0.0002547274791443973,0.0012270621577954444,-0.0004979320791486922,0.0004302417785841802,0.000497670814737224,-0.0006269813426721763,-0.000835252744157818,0.00016878337249484805,-0.0007659865873392846,-0.0022408436606307686,-0.0009886883710350958,0.00016677111113191738,-0.0014858848556589994,-0.0004675512944004367,0.00030206387364160034,-0.0009753967258802731,0.0013153053796486347,-0.00019046757336127484,-0.0006510043334856163,0.00031340588442011115,0.002553695143008857,0.000769167005652586,0.0011868899777861468,0.0013943184964280893,-0.0009214047328593248,0.0006331334249201366,0.0007571873017999072,0.0005344902505385107,-0.0001234320282189098,0.0011784297670601519,-0.0007155709982119636,0.002032044062373946,0.0003286323019210613,-0.00022360946923072333,-0.0005964355528703891,-0.000807591895901775,-0.0009410830079711256,-0.0004505528658531451,1.0019023344890835e-05,-0.0007656544434818595,0.0005345230284243978,0.0006590839497221168,-0.0003817280095063325,0.00012608759249512028,0.00024035697081975133,0.0006756341397249344,-0.0004738251991511788,0.000744527827858595,-0.0009593795169469862,0.0008120145562467466,-0.00023509930761065335,-0.0011035392156676,-0.0002307318260136526,0.0003645673558499614,-6.455120540825495e-05,7.784935132804094e-05,-0.00012055135363577089,-0.00039370459774848616,-0.00012087707270135676,-0.00040904822672018783,-0.00030938568164250076,-0.0003306330116705188,2.239982253134561e-05,-8.779785378768187e-05,-0.000337355811764913
jacobi-2d,0.00026330379168642475,-0.0029051697299507565,0.00010555196146910861,0.002023107544854652,0.0005790213875495361,-4.240464806397581e-05,0.0014389370023387008,-0.0007853749253837264,-0.0010852428168074775,0.0019110099282575656,0.0010674489565452808,0.0003812492161077487,-0.0019109576699991146,-0.0014512717493721425,0.0028421690885487116,0.002981503594932676,-0.0018639400846429577,-0.0010418914164038874,-0.0018503011488613097,0.0015328444067919881,0.0009082274570285715,0.0027769643325407183,-0.0010553526439225469,-0.0032200065174742003,-0.0035181122160125896,0.0016327590267943223,-0.0018537680476931118,0.002004079453975615,0.0009711883315928696,-0.0016484786453506946,0.0008380398639997454,-0.0007109719385583382,-0.0001468133731893189,0.000733478563731968,-0.0003359520598139202,0.0020891016197059453,0.002016256573017986,-0.001161284655133738,0.00027951812442543044,-0.000256581914931961,-0.002293087715866502,0.000726739429616037,-0.0005256619102195388,-0.0011430027477935204,0.002204908046822576,0.0003415699213324093,-0.001214871011869941,0.0002797683269663272,-0.0012988283440187555,0.00010011041137371118,0.0007317047512794063,0.001332012242213083,0.0009529548841732979,0.000745794175947512,-0.0002148952417065177,0.00013294540746468025,0.0030120061472134418,0.0002573134907655931,-0.0018739052751853573,-0.00031510207499830807,-0.0011463603911657108,0.0010859861230706866,0.0017862332683968025,0.0012251333359493048,0.002431835203524818,0.00015529325208436562,0.0004658536988619799,0.0011857831089323164,0.0008168268146280881,-0.001964727124737034,-7.295189129649199e-05,-0.001246977298392975,-0.003428498049521551,-0.00034729933196931187,0.0005549188453297213,-0.0005989591676525242,-0.001321495188411557,0.0002031008790533208,-0.0007307222854914146,0.0020040500835672337,0.0002462287786567055,-0.0013195644410303091,0.001160963268672852,0.0026080376728485812,0.002152765798214273,0.0015978666928294933,0.0013931054785479406,8.527626378785517e-05,0.0018820248638236885,0.00014392885315654935,2.466242253991258e-05,0.0004079281805151089,0.0018550083362759177,-0.0007074544375368236,0.0016866645960522764,0.0012218306751241124,-0.0011839256167195573,-0.0010515875853421156,-0.0007142631720350652,-0.0016154963673056155,0.0002259631359238346,-0.0005376772174009721,-0.0009255984083238355,0.002172786681261294,0.0005608995374104642,-0.0009068334330920184,-0.00023716259152504462,0.0017667950672642031,0.0025785814127013153,-0.001130857788972829,0.0017009933488604553,-0.0002182980679071303,0.0004271556903605511,0.0017012813424943985,-0.0018473551579737619,0.000632196820493736,-5.1138259061473544e-05,-0.0011584430616512782,0.00157867705064604,-0.0003680977915334995,-0.002620858815427353,-0.0011305840630827229,-0.0013689474568428207,0.00041981314084227616,-0.00239937724620917,-0.0016226230541018705,0.00030977616084262204,-0.0005820336625480588
seidel-2d,0.00019287380764293548,-0.0016821875486067288,0.0003730528663453143,0.000984187359087638,0.00099450048510439,5.9888981648578796e-05,-0.0003370783985816558,-0.0006250139555133459,-0.0011966611893784694,0.001551625204929328,0.001303114668011947,-0.0002898302472538322,-0.0013740297552681897,-0.001152514379037743,0.0020139157148767626,0.002179295401648473,-0.0010580615406216493,-0.001083876995082768,-0.0010833818549604755,0.0012847160855560744,0.0003235960768882972,0.0008455222490445668,-0.0008723939487214826,-0.0023615878493436103,-0.0025635814112236447,0.0007889959650902324,-0.00039273773232373224,0.0011934227915332287,0.0004374090146076673,-0.0004274222341671535,0.0002625967079336925,0.00042847784713777743,6.456796415278958e-05,0.0005941343879385386,-0.0010136927325032142,0.0007194302837804613,0.0015175176712932887,-0.0015045772439281854,-0.0008901516369499812,0.00020478407588660926,-0.0013646069883911512,0.0014876251413531055,-3.634913462875197e-05,0.0002972723276975923,0.0009916645804387164,0.0008536536493063496,-0.0012138956524973639,0.0002596904115129835,-0.001548441597015494,0.0006420347990256389,0.0006024763624527727,0.0010654085310996943,0.000700661789036447,-1.5461006877631426e-06,-0.0005636521752392938,5.58448533076611e-05,0.0026902883918169785,0.00041959395436616884,-0.0007504625667641595,-0.0001759365668163057,-0.001417126491220585,0.0004387146531915006,0.0012255563863608136,0.0005634755486436456,0.0017445122385474495,6.863237250326657e-06,0.0002733732688430718,0.0006072097255138483,-0.00028883750318287304,-0.0013286014044929654,-0.0002996968360668856,-0.0007339971030788369,-0.0021165097821032194,-0.0003261725366961588,0.00042790343238120006,-0.001376485406309393,-0.0017424651617973764,0.00037801709374340634,-0.0007753561570923963,0.0017985268501517525,-0.0007635069991449889,-0.0012659889977432361,0.0006691942314015856,0.0029052786059514018,0.0009008420296511801,0.001151561748612175,0.00070829337935971,-0.0014324676613095913,0.0006444509416797209,0.0006323814745752608,0.00010678376896265391,0.00018666647203394076,0.0019048701423626285,0.00025786543014926313,0.0018238879599067886,0.0013575799225952648,-0.0007094295088508857,-0.001429842685489536,-0.0011701656192641145,-0.0013483490397186546,-0.0006507176501939797,-0.0001498515562004819,-0.0010017803929101851,0.0015894143083715298,0.0011318228806227,-0.0012350573069852544,0.0004525743785763197,0.0006971937263365728,0.001223826819908539,-0.0011107281642444445,0.0007245051770303104,-0.0014323691611934919,0.0005956680227939813,0.001095950544454197,-0.0007466430667026825,0.00015378872746529444,0.001224293972662618,-0.0005157107777434028,0.0008346527577267462,-0.0005225386975608075,-0.001127485233489839,-0.0005265666446293522,-0.0012458340455296644,0.0006309353461540598,-0.0016512399331505788,-0.0011640818334937607,-9.522492021868198e-05,4.693099667904256e-05
